UniProt Accession,PDB ID,Status,Source
A0A096LP25,AF-A0A096LP25-F1,✅ Downloaded from AlphaFold,Davis
Q13689,AF-Q13689-F1,✅ Downloaded from AlphaFold,Davis
P42684,2ECD,✅ Downloaded from PDB,Davis
P42684,2KK1,✅ Downloaded from PDB,Davis
P42684,2XYN,✅ Downloaded from PDB,Davis
P42684,3GVU,"⚠️ PDB Exception: HTTPSConnectionPool(host='files.rcsb.org', port=443): Read timed out. (read timeout=10)",Davis
P42684,3HMI,✅ Downloaded from PDB,Davis
P42684,3ULR,✅ Downloaded from PDB,Davis
P42684,4EIH,✅ Downloaded from PDB,Davis
P42684,5NP3,✅ Downloaded from PDB,Davis
P42684,5NP5,✅ Downloaded from PDB,Davis
A0A804HHZ2,AF-A0A804HHZ2-F1,✅ Downloaded from AlphaFold,Davis
F5H5Q2,AF-F5H5Q2-F1,✅ Downloaded from AlphaFold,Davis
P27037,3Q4T,"⚠️ PDB Exception: HTTPSConnectionPool(host='files.rcsb.org', port=443): Read timed out. (read timeout=10)",Davis
P27037,3SOC,✅ Downloaded from PDB,Davis
P27037,4ASX,✅ Downloaded from PDB,Davis
P27037,5NH3,✅ Downloaded from PDB,Davis
P27037,7U5P,✅ Downloaded from PDB,Davis
Q4VAU9,AF-Q4VAU9-F1,✅ Downloaded from AlphaFold,Davis
D9IPD9,AF-D9IPD9-F1,✅ Downloaded from AlphaFold,Davis
Q8NI60,4PED,✅ Downloaded from PDB,Davis
Q8NI60,5I35,✅ Downloaded from PDB,Davis
Q8NI60,7UDP,✅ Downloaded from PDB,Davis
Q8NI60,7UDQ,✅ Downloaded from PDB,Davis
Q96D53,AF-Q96D53-F1,✅ Downloaded from AlphaFold,Davis
M0R0P9,AF-M0R0P9-F1,✅ Downloaded from AlphaFold,Davis
Q56A86,AF-Q56A86-F1,✅ Downloaded from AlphaFold,Davis
Q9UM73,2KUP,✅ Downloaded from PDB,Davis
Q9UM73,2KUQ,✅ Downloaded from PDB,Davis
Q9UM73,2XB7,"⚠️ PDB Exception: HTTPSConnectionPool(host='files.rcsb.org', port=443): Read timed out. (read timeout=10)",Davis
Q9UM73,2XBA,✅ Downloaded from PDB,Davis
Q9UM73,2XP2,✅ Downloaded from PDB,Davis
Q9UM73,2YFX,✅ Downloaded from PDB,Davis
Q9UM73,2YHV,✅ Downloaded from PDB,Davis
Q9UM73,2YJR,✅ Downloaded from PDB,Davis
Q9UM73,2YJS,✅ Downloaded from PDB,Davis
Q9UM73,2YS5,✅ Downloaded from PDB,Davis
Q9UM73,2YT2,✅ Downloaded from PDB,Davis
Q9UM73,3AOX,✅ Downloaded from PDB,Davis
Q9UM73,3L9P,✅ Downloaded from PDB,Davis
Q9UM73,3LCS,✅ Downloaded from PDB,Davis
Q9UM73,3LCT,✅ Downloaded from PDB,Davis
Q9UM73,4ANL,✅ Downloaded from PDB,Davis
Q9UM73,4ANQ,✅ Downloaded from PDB,Davis
Q9UM73,4ANS,✅ Downloaded from PDB,Davis
Q9UM73,4CCB,✅ Downloaded from PDB,Davis
Q9UM73,4CCU,✅ Downloaded from PDB,Davis
Q9UM73,4CD0,✅ Downloaded from PDB,Davis
Q9UM73,4CLI,✅ Downloaded from PDB,Davis
Q9UM73,4CLJ,✅ Downloaded from PDB,Davis
Q9UM73,4CMO,✅ Downloaded from PDB,Davis
Q9UM73,4CMT,✅ Downloaded from PDB,Davis
Q9UM73,4CMU,✅ Downloaded from PDB,Davis
Q9UM73,4CNH,✅ Downloaded from PDB,Davis
Q9UM73,4CTB,✅ Downloaded from PDB,Davis
Q9UM73,4CTC,✅ Downloaded from PDB,Davis
Q9UM73,4DCE,✅ Downloaded from PDB,Davis
Q9UM73,4FNW,✅ Downloaded from PDB,Davis
Q9UM73,4FNX,✅ Downloaded from PDB,Davis
Q9UM73,4FNY,✅ Downloaded from PDB,Davis
Q9UM73,4FNZ,✅ Downloaded from PDB,Davis
Q9UM73,4FOB,✅ Downloaded from PDB,Davis
Q9UM73,4FOC,✅ Downloaded from PDB,Davis
Q9UM73,4FOD,✅ Downloaded from PDB,Davis
Q9UM73,4JOA,✅ Downloaded from PDB,Davis
Q9UM73,4MKC,✅ Downloaded from PDB,Davis
Q9UM73,4TT7,✅ Downloaded from PDB,Davis
Q9UM73,4Z55,✅ Downloaded from PDB,Davis
Q9UM73,5A9U,✅ Downloaded from PDB,Davis
Q9UM73,5AA8,✅ Downloaded from PDB,Davis
Q9UM73,5AA9,✅ Downloaded from PDB,Davis
Q9UM73,5AAA,✅ Downloaded from PDB,Davis
Q9UM73,5AAB,✅ Downloaded from PDB,Davis
Q9UM73,5AAC,✅ Downloaded from PDB,Davis
Q9UM73,5FTO,✅ Downloaded from PDB,Davis
Q9UM73,5FTQ,✅ Downloaded from PDB,Davis
Q9UM73,5IMX,"⚠️ PDB Exception: HTTPSConnectionPool(host='files.rcsb.org', port=443): Read timed out. (read timeout=10)",Davis
Q9UM73,5IUG,✅ Downloaded from PDB,Davis
Q9UM73,5IUH,✅ Downloaded from PDB,Davis
Q9UM73,5IUI,✅ Downloaded from PDB,Davis
Q9UM73,5KZ0,✅ Downloaded from PDB,Davis
Q9UM73,5VZ5,✅ Downloaded from PDB,Davis
Q9UM73,6AT9,✅ Downloaded from PDB,Davis
Q9UM73,6CDT,✅ Downloaded from PDB,Davis
Q9UM73,6E0R,✅ Downloaded from PDB,Davis
Q9UM73,6EBW,✅ Downloaded from PDB,Davis
Q9UM73,6EDL,✅ Downloaded from PDB,Davis
Q9UM73,6MX8,✅ Downloaded from PDB,Davis
Q9UM73,7BTT,✅ Downloaded from PDB,Davis
Q9UM73,7JY4,✅ Downloaded from PDB,Davis
Q9UM73,7JYR,✅ Downloaded from PDB,Davis
Q9UM73,7JYS,✅ Downloaded from PDB,Davis
Q9UM73,7JYT,✅ Downloaded from PDB,Davis
Q9UM73,7LRZ,✅ Downloaded from PDB,Davis
Q9UM73,7LS0,✅ Downloaded from PDB,Davis
Q9UM73,7MZW,✅ Downloaded from PDB,Davis
Q9UM73,7MZY,✅ Downloaded from PDB,Davis
Q9UM73,7N00,✅ Downloaded from PDB,Davis
Q9UM73,7NWZ,✅ Downloaded from PDB,Davis
Q9UM73,7NX3,✅ Downloaded from PDB,Davis
Q9UM73,7NX4,✅ Downloaded from PDB,Davis
Q9UM73,7R7K,✅ Downloaded from PDB,Davis
Q9UM73,7R7R,✅ Downloaded from PDB,Davis
Q9UM73,8ARJ,✅ Downloaded from PDB,Davis
Q9UM73,9GBE,❌ PDB Download failed,Davis
Q13131,4RED,✅ Downloaded from PDB,Davis
Q13131,4RER,✅ Downloaded from PDB,Davis
Q13131,4REW,✅ Downloaded from PDB,Davis
Q13131,5EZV,✅ Downloaded from PDB,Davis
Q13131,6C9F,✅ Downloaded from PDB,Davis
Q13131,6C9G,✅ Downloaded from PDB,Davis
Q13131,6C9H,✅ Downloaded from PDB,Davis
Q13131,6C9J,✅ Downloaded from PDB,Davis
Q13131,7JHG,✅ Downloaded from PDB,Davis
Q13131,7JHH,✅ Downloaded from PDB,Davis
Q13131,7JIJ,✅ Downloaded from PDB,Davis
Q13131,7M74,✅ Downloaded from PDB,Davis
P54646,2H6D,✅ Downloaded from PDB,Davis
P54646,2LTU,✅ Downloaded from PDB,Davis
P54646,2YZA,✅ Downloaded from PDB,Davis
P54646,3AQV,✅ Downloaded from PDB,Davis
P54646,4CFE,✅ Downloaded from PDB,Davis
P54646,4CFF,✅ Downloaded from PDB,Davis
P54646,4ZHX,✅ Downloaded from PDB,Davis
P54646,5EZV,✅ Downloaded from PDB,Davis
P54646,5ISO,✅ Downloaded from PDB,Davis
P54646,6B1U,✅ Downloaded from PDB,Davis
P54646,6B2E,✅ Downloaded from PDB,Davis
P54646,6BX6,✅ Downloaded from PDB,Davis
P54646,7MYJ,✅ Downloaded from PDB,Davis
P54646,8BIK,✅ Downloaded from PDB,Davis
O60285,AF-O60285-F1,✅ Downloaded from AlphaFold,Davis
Q99683,2CLQ,✅ Downloaded from PDB,Davis
Q99683,3VW6,✅ Downloaded from PDB,Davis
Q99683,4BF2,✅ Downloaded from PDB,Davis
Q99683,4BHN,✅ Downloaded from PDB,Davis
Q99683,4BIB,✅ Downloaded from PDB,Davis
Q99683,4BIC,✅ Downloaded from PDB,Davis
Q99683,4BID,✅ Downloaded from PDB,Davis
Q99683,4BIE,✅ Downloaded from PDB,Davis
Q99683,5ULM,✅ Downloaded from PDB,Davis
Q99683,5UOR,✅ Downloaded from PDB,Davis
Q99683,5UOX,✅ Downloaded from PDB,Davis
Q99683,5UP3,✅ Downloaded from PDB,Davis
Q99683,5V19,✅ Downloaded from PDB,Davis
Q99683,5V24,✅ Downloaded from PDB,Davis
Q99683,5VIL,✅ Downloaded from PDB,Davis
Q99683,5VIO,✅ Downloaded from PDB,Davis
Q99683,6E2M,✅ Downloaded from PDB,Davis
Q99683,6E2N,✅ Downloaded from PDB,Davis
Q99683,6E2O,✅ Downloaded from PDB,Davis
Q99683,6EJL,✅ Downloaded from PDB,Davis
Q99683,6OYT,✅ Downloaded from PDB,Davis
Q99683,6OYW,✅ Downloaded from PDB,Davis
Q99683,6VRE,✅ Downloaded from PDB,Davis
Q99683,6XIH,✅ Downloaded from PDB,Davis
Q99683,7MU6,❌ PDB Download failed,Davis
Q99683,7MU7,✅ Downloaded from PDB,Davis
Q99683,8QGY,✅ Downloaded from PDB,Davis
O95382,AF-O95382-F1,✅ Downloaded from AlphaFold,Davis
A3KFJ0,AF-A3KFJ0-F1,✅ Downloaded from AlphaFold,Davis
M0QYK8,AF-M0QYK8-F1,✅ Downloaded from AlphaFold,Davis
M0R0W6,AF-M0R0W6-F1,✅ Downloaded from AlphaFold,Davis
Q9NSY1,4W9W,✅ Downloaded from PDB,Davis
Q9NSY1,4W9X,✅ Downloaded from PDB,Davis
Q9NSY1,5I3O,✅ Downloaded from PDB,Davis
Q9NSY1,5I3R,✅ Downloaded from PDB,Davis
Q9NSY1,5IKW,✅ Downloaded from PDB,Davis
Q05D26,AF-Q05D26-F1,✅ Downloaded from AlphaFold,Davis
O00238,3MDY,✅ Downloaded from PDB,Davis
Q13873,2HLQ,✅ Downloaded from PDB,Davis
Q13873,3G2F,✅ Downloaded from PDB,Davis
Q13873,6UNP,✅ Downloaded from PDB,Davis
Q13873,7PPA,✅ Downloaded from PDB,Davis
Q13873,7PPB,✅ Downloaded from PDB,Davis
Q13873,7PPC,✅ Downloaded from PDB,Davis
Q13873,7U5O,✅ Downloaded from PDB,Davis
P51813,2EKX,✅ Downloaded from PDB,Davis
P51813,2YS2,✅ Downloaded from PDB,Davis
P51813,3SXR,✅ Downloaded from PDB,Davis
P51813,3SXS,✅ Downloaded from PDB,Davis
P51813,6I99,✅ Downloaded from PDB,Davis
P51813,8X2A,✅ Downloaded from PDB,Davis
F1CC75,AF-F1CC75-F1,✅ Downloaded from AlphaFold,Davis
Q13882,1RJA,✅ Downloaded from PDB,Davis
Q13882,2KGT,✅ Downloaded from PDB,Davis
Q13882,5D7V,✅ Downloaded from PDB,Davis
Q13882,5DA3,✅ Downloaded from PDB,Davis
Q13882,5H2U,✅ Downloaded from PDB,Davis
Q13882,6CZ2,✅ Downloaded from PDB,Davis
Q13882,6CZ3,✅ Downloaded from PDB,Davis
Q13882,6CZ4,✅ Downloaded from PDB,Davis
K7EM68,AF-K7EM68-F1,✅ Downloaded from AlphaFold,Davis
Q8IU85,2JC6,✅ Downloaded from PDB,Davis
Q8IU85,6QP5,✅ Downloaded from PDB,Davis
Q8IU85,6T28,❌ PDB Download failed,Davis
Q8IU85,6T29,❌ PDB Download failed,Davis
Q8IU85,6T6F,✅ Downloaded from PDB,Davis
Q8IU85,8BFM,"⚠️ PDB Exception: HTTPSConnectionPool(host='files.rcsb.org', port=443): Read timed out. (read timeout=10)",Davis
Q8IU85,8BFS,✅ Downloaded from PDB,Davis
C9IYV2,AF-C9IYV2-F1,✅ Downloaded from AlphaFold,Davis
A0A5F9ZH21,AF-A0A5F9ZH21-F1,✅ Downloaded from AlphaFold,Davis
D6RE65,AF-D6RE65-F1,✅ Downloaded from AlphaFold,Davis
J3KPJ3,AF-J3KPJ3-F1,✅ Downloaded from AlphaFold,Davis
F5H4I7,AF-F5H4I7-F1,✅ Downloaded from AlphaFold,Davis
A0A2R8YFN5,AF-A0A2R8YFN5-F1,✅ Downloaded from AlphaFold,Davis
Q6P5Y5,AF-Q6P5Y5-F1,✅ Downloaded from AlphaFold,Davis
Q14004,5EFQ,✅ Downloaded from PDB,Davis
Q14004,7NXJ,✅ Downloaded from PDB,Davis
Q9BWU1,AF-Q9BWU1-F1,✅ Downloaded from AlphaFold,Davis
E7ESI2,AF-E7ESI2-F1,✅ Downloaded from AlphaFold,Davis
K7EJ83,AF-K7EJ83-F1,✅ Downloaded from AlphaFold,Davis
Q6IAW3,AF-Q6IAW3-F1,✅ Downloaded from AlphaFold,Davis
D6R9G1,AF-D6R9G1-F1,✅ Downloaded from AlphaFold,Davis
F5H6D4,AF-F5H6D4-F1,✅ Downloaded from AlphaFold,Davis
X6RE90,AF-X6RE90-F1,✅ Downloaded from AlphaFold,Davis
A0A5H1ZRP5,AF-A0A5H1ZRP5-F1,✅ Downloaded from AlphaFold,Davis
Q92772,4AAA,✅ Downloaded from PDB,Davis
Q92772,4BBM,✅ Downloaded from PDB,Davis
E7ET86,AF-E7ET86-F1,✅ Downloaded from AlphaFold,Davis
A0A669KBC2,AF-A0A669KBC2-F1,✅ Downloaded from AlphaFold,Davis
A0A087WT52,AF-A0A087WT52-F1,✅ Downloaded from AlphaFold,Davis
A0A7P0MUT5,AF-A0A7P0MUT5-F1,✅ Downloaded from AlphaFold,Davis
P49760,3NR9,✅ Downloaded from PDB,Davis
P49760,5UNP,✅ Downloaded from PDB,Davis
P49760,6FYI,✅ Downloaded from PDB,Davis
P49760,6FYK,✅ Downloaded from PDB,Davis
P49760,6FYL,✅ Downloaded from PDB,Davis
P49760,6KHE,✅ Downloaded from PDB,Davis
P49761,2EU9,"⚠️ PDB Exception: HTTPSConnectionPool(host='files.rcsb.org', port=443): Read timed out. (read timeout=10)",Davis
P49761,2EXE,✅ Downloaded from PDB,Davis
P49761,2WU6,✅ Downloaded from PDB,Davis
P49761,2WU7,✅ Downloaded from PDB,Davis
P49761,3RAW,✅ Downloaded from PDB,Davis
P49761,6FT7,✅ Downloaded from PDB,Davis
P49761,6FYP,✅ Downloaded from PDB,Davis
P49761,6FYR,✅ Downloaded from PDB,Davis
P49761,6KHF,✅ Downloaded from PDB,Davis
P49761,6RCT,✅ Downloaded from PDB,Davis
P49761,6YTW,✅ Downloaded from PDB,Davis
P49761,6YTY,✅ Downloaded from PDB,Davis
P49761,6YU1,✅ Downloaded from PDB,Davis
P49761,6Z2V,✅ Downloaded from PDB,Davis
P49761,6Z51,✅ Downloaded from PDB,Davis
P49761,6Z52,✅ Downloaded from PDB,Davis
P49761,6Z53,✅ Downloaded from PDB,Davis
P49761,6Z54,✅ Downloaded from PDB,Davis
P49761,6Z55,✅ Downloaded from PDB,Davis
P49761,9EZ3,❌ PDB Download failed,Davis
B7ZL31,AF-B7ZL31-F1,✅ Downloaded from AlphaFold,Davis
H0YAL5,AF-H0YAL5-F1,✅ Downloaded from AlphaFold,Davis
A0A590UJ43,AF-A0A590UJ43-F1,✅ Downloaded from AlphaFold,Davis
Q8N752,AF-Q8N752-F1,✅ Downloaded from AlphaFold,Davis
J3QQI9,AF-J3QQI9-F1,✅ Downloaded from AlphaFold,Davis
A0A0U1RQY7,AF-A0A0U1RQY7-F1,✅ Downloaded from AlphaFold,Davis
A0A2R8YDP2,AF-A0A2R8YDP2-F1,✅ Downloaded from AlphaFold,Davis
H3BNI9,AF-H3BNI9-F1,✅ Downloaded from AlphaFold,Davis
P42679,1JWO,✅ Downloaded from PDB,Davis
P42679,1X6G,✅ Downloaded from PDB,Davis
P42679,3US4,✅ Downloaded from PDB,Davis
A0T398,AF-A0T398-F1,✅ Downloaded from AlphaFold,Davis
Q1RMF4,AF-Q1RMF4-F1,✅ Downloaded from AlphaFold,Davis
M0R0D0,AF-M0R0D0-F1,✅ Downloaded from AlphaFold,Davis
O15075,1MFW,✅ Downloaded from PDB,Davis
O15075,1MG4,✅ Downloaded from PDB,Davis
O15075,1UF0,✅ Downloaded from PDB,Davis
O15075,5JZJ,✅ Downloaded from PDB,Davis
O15075,5JZN,✅ Downloaded from PDB,Davis
O15075,6KYQ,✅ Downloaded from PDB,Davis
O15075,6KYR,✅ Downloaded from PDB,Davis
O15075,7F3G,✅ Downloaded from PDB,Davis
O15075,7KX6,✅ Downloaded from PDB,Davis
O15075,7KX8,✅ Downloaded from PDB,Davis
O15075,7KXW,✅ Downloaded from PDB,Davis
Q9C098,AF-Q9C098-F1,✅ Downloaded from AlphaFold,Davis
A0A0G2JHK4,AF-A0A0G2JHK4-F1,✅ Downloaded from AlphaFold,Davis
A0A5F9ZI27,AF-A0A5F9ZI27-F1,✅ Downloaded from AlphaFold,Davis
I6L989,AF-I6L989-F1,✅ Downloaded from AlphaFold,Davis
Q6DT37,AF-Q6DT37-F1,✅ Downloaded from AlphaFold,Davis
Q9UEE5,7QUE,✅ Downloaded from PDB,Davis
Q9UEE5,7QUF,✅ Downloaded from PDB,Davis
O94768,3LM0,✅ Downloaded from PDB,Davis
O94768,3LM5,✅ Downloaded from PDB,Davis
O94768,6QF4,✅ Downloaded from PDB,Davis
O94768,6Y6F,✅ Downloaded from PDB,Davis
O94768,6Y6H,✅ Downloaded from PDB,Davis
O94768,6ZJF,✅ Downloaded from PDB,Davis
O94768,7AKG,✅ Downloaded from PDB,Davis
O94768,7Q7C,✅ Downloaded from PDB,Davis
O94768,7Q7D,✅ Downloaded from PDB,Davis
O94768,7Q7E,✅ Downloaded from PDB,Davis
N0GVR9,AF-N0GVR9-F1,✅ Downloaded from AlphaFold,Davis
F5GXG1,AF-F5GXG1-F1,✅ Downloaded from AlphaFold,Davis
A2VCQ7,AF-A2VCQ7-F1,✅ Downloaded from AlphaFold,Davis
F8WCM0,AF-F8WCM0-F1,✅ Downloaded from AlphaFold,Davis
L8EAE3,AF-L8EAE3-F1,✅ Downloaded from AlphaFold,Davis
Q96HF4,AF-Q96HF4-F1,✅ Downloaded from AlphaFold,Davis
E2I6F6,AF-E2I6F6-F1,✅ Downloaded from AlphaFold,Davis
E9PG71,AF-E9PG71-F1,✅ Downloaded from AlphaFold,Davis
B7ZKW7,AF-B7ZKW7-F1,✅ Downloaded from AlphaFold,Davis
E7EU71,AF-E7EU71-F1,✅ Downloaded from AlphaFold,Davis
A0A7P0TBL4,AF-A0A7P0TBL4-F1,✅ Downloaded from AlphaFold,Davis
C9J466,AF-C9J466-F1,✅ Downloaded from AlphaFold,Davis
B1AKC9,AF-B1AKC9-F1,✅ Downloaded from AlphaFold,Davis
P54753,3P1I,✅ Downloaded from PDB,Davis
P54753,3ZFY,✅ Downloaded from PDB,Davis
P54753,5L6O,✅ Downloaded from PDB,Davis
P54753,5L6P,✅ Downloaded from PDB,Davis
Q96L35,AF-Q96L35-F1,✅ Downloaded from AlphaFold,Davis
A0A087WYP8,AF-A0A087WYP8-F1,✅ Downloaded from AlphaFold,Davis
X5DNK3,AF-X5DNK3-F1,✅ Downloaded from AlphaFold,Davis
P27361,2ZOQ,✅ Downloaded from PDB,Davis
P27361,4QTB,✅ Downloaded from PDB,Davis
P27361,6GES,✅ Downloaded from PDB,Davis
P28482,1PME,✅ Downloaded from PDB,Davis
P28482,1TVO,✅ Downloaded from PDB,Davis
P28482,1WZY,✅ Downloaded from PDB,Davis
P28482,2OJG,✅ Downloaded from PDB,Davis
P28482,2OJI,✅ Downloaded from PDB,Davis
P28482,2OJJ,✅ Downloaded from PDB,Davis
P28482,2Y9Q,✅ Downloaded from PDB,Davis
P28482,3D42,✅ Downloaded from PDB,Davis
P28482,3D44,✅ Downloaded from PDB,Davis
P28482,3I5Z,✅ Downloaded from PDB,Davis
P28482,3I60,✅ Downloaded from PDB,Davis
P28482,3SA0,✅ Downloaded from PDB,Davis
P28482,3TEI,✅ Downloaded from PDB,Davis
P28482,3W55,✅ Downloaded from PDB,Davis
P28482,4FMQ,✅ Downloaded from PDB,Davis
P28482,4FUX,✅ Downloaded from PDB,Davis
P28482,4FUY,✅ Downloaded from PDB,Davis
P28482,4FV0,✅ Downloaded from PDB,Davis
P28482,4FV1,✅ Downloaded from PDB,Davis
P28482,4FV2,✅ Downloaded from PDB,Davis
P28482,4FV3,✅ Downloaded from PDB,Davis
P28482,4FV4,✅ Downloaded from PDB,Davis
P28482,4FV5,✅ Downloaded from PDB,Davis
P28482,4FV6,✅ Downloaded from PDB,Davis
P28482,4FV7,✅ Downloaded from PDB,Davis
P28482,4FV8,✅ Downloaded from PDB,Davis
P28482,4FV9,✅ Downloaded from PDB,Davis
P28482,4G6N,✅ Downloaded from PDB,Davis
P28482,4G6O,✅ Downloaded from PDB,Davis
P28482,4H3P,✅ Downloaded from PDB,Davis
P28482,4H3Q,✅ Downloaded from PDB,Davis
P28482,4IZ5,✅ Downloaded from PDB,Davis
P28482,4IZ7,✅ Downloaded from PDB,Davis
P28482,4IZA,✅ Downloaded from PDB,Davis
P28482,4N0S,✅ Downloaded from PDB,Davis
P28482,4NIF,✅ Downloaded from PDB,Davis
P28482,4O6E,✅ Downloaded from PDB,Davis
P28482,4QP1,✅ Downloaded from PDB,Davis
P28482,4QP2,✅ Downloaded from PDB,Davis
P28482,4QP3,✅ Downloaded from PDB,Davis
P28482,4QP4,✅ Downloaded from PDB,Davis
P28482,4QP6,✅ Downloaded from PDB,Davis
P28482,4QP7,✅ Downloaded from PDB,Davis
P28482,4QP8,✅ Downloaded from PDB,Davis
P28482,4QP9,✅ Downloaded from PDB,Davis
P28482,4QPA,✅ Downloaded from PDB,Davis
P28482,4QTA,✅ Downloaded from PDB,Davis
P28482,4QTE,✅ Downloaded from PDB,Davis
P28482,4XJ0,✅ Downloaded from PDB,Davis
P28482,4ZXT,✅ Downloaded from PDB,Davis
P28482,4ZZM,✅ Downloaded from PDB,Davis
P28482,4ZZN,✅ Downloaded from PDB,Davis
P28482,4ZZO,✅ Downloaded from PDB,Davis
P28482,5AX3,✅ Downloaded from PDB,Davis
P28482,5BUE,✅ Downloaded from PDB,Davis
P28482,5BUI,✅ Downloaded from PDB,Davis
P28482,5BUJ,✅ Downloaded from PDB,Davis
P28482,5BVD,✅ Downloaded from PDB,Davis
P28482,5BVE,✅ Downloaded from PDB,Davis
P28482,5BVF,✅ Downloaded from PDB,Davis
P28482,5K4I,✅ Downloaded from PDB,Davis
P28482,5LCJ,✅ Downloaded from PDB,Davis
P28482,5LCK,✅ Downloaded from PDB,Davis
P28482,5NGU,✅ Downloaded from PDB,Davis
P28482,5NHF,✅ Downloaded from PDB,Davis
P28482,5NHH,✅ Downloaded from PDB,Davis
P28482,5NHJ,✅ Downloaded from PDB,Davis
P28482,5NHL,✅ Downloaded from PDB,Davis
P28482,5NHO,✅ Downloaded from PDB,Davis
P28482,5NHP,✅ Downloaded from PDB,Davis
P28482,5NHV,✅ Downloaded from PDB,Davis
P28482,5V60,✅ Downloaded from PDB,Davis
P28482,5V61,✅ Downloaded from PDB,Davis
P28482,5V62,✅ Downloaded from PDB,Davis
P28482,5WP1,✅ Downloaded from PDB,Davis
P28482,6D5Y,✅ Downloaded from PDB,Davis
P28482,6DMG,✅ Downloaded from PDB,Davis
P28482,6G54,✅ Downloaded from PDB,Davis
P28482,6G8X,✅ Downloaded from PDB,Davis
P28482,6G91,✅ Downloaded from PDB,Davis
P28482,6G92,✅ Downloaded from PDB,Davis
P28482,6G93,✅ Downloaded from PDB,Davis
P28482,6G97,✅ Downloaded from PDB,Davis
P28482,6G9A,✅ Downloaded from PDB,Davis
P28482,6G9D,✅ Downloaded from PDB,Davis
P28482,6G9H,✅ Downloaded from PDB,Davis
P28482,6G9J,✅ Downloaded from PDB,Davis
P28482,6G9K,✅ Downloaded from PDB,Davis
P28482,6G9M,✅ Downloaded from PDB,Davis
P28482,6G9N,✅ Downloaded from PDB,Davis
P28482,6GDM,✅ Downloaded from PDB,Davis
P28482,6GDQ,✅ Downloaded from PDB,Davis
P28482,6GE0,✅ Downloaded from PDB,Davis
P28482,6GJB,✅ Downloaded from PDB,Davis
P28482,6GJD,✅ Downloaded from PDB,Davis
P28482,6NBS,"⚠️ PDB Exception: HTTPSConnectionPool(host='files.rcsb.org', port=443): Read timed out. (read timeout=10)",Davis
P28482,6OPG,✅ Downloaded from PDB,Davis
P28482,6OPH,✅ Downloaded from PDB,Davis
P28482,6OPI,"⚠️ PDB Exception: HTTPSConnectionPool(host='files.rcsb.org', port=443): Read timed out.",Davis
P28482,6Q7K,✅ Downloaded from PDB,Davis
P28482,6Q7S,✅ Downloaded from PDB,Davis
P28482,6Q7T,✅ Downloaded from PDB,Davis
P28482,6QA1,✅ Downloaded from PDB,Davis
P28482,6QA3,✅ Downloaded from PDB,Davis
P28482,6QA4,"⚠️ PDB Exception: HTTPSConnectionPool(host='files.rcsb.org', port=443): Read timed out. (read timeout=10)",Davis
P28482,6QAG,✅ Downloaded from PDB,Davis
P28482,6QAH,✅ Downloaded from PDB,Davis
P28482,6QAL,✅ Downloaded from PDB,Davis
P28482,6QAQ,✅ Downloaded from PDB,Davis
P28482,6QAW,✅ Downloaded from PDB,Davis
P28482,6RQ4,✅ Downloaded from PDB,Davis
P28482,6SLG,✅ Downloaded from PDB,Davis
P28482,7AUV,✅ Downloaded from PDB,Davis
P28482,7E73,✅ Downloaded from PDB,Davis
P28482,7E75,✅ Downloaded from PDB,Davis
P28482,7NQQ,✅ Downloaded from PDB,Davis
P28482,7NQW,✅ Downloaded from PDB,Davis
P28482,7NR3,"⚠️ PDB Exception: HTTPSConnectionPool(host='files.rcsb.org', port=443): Read timed out. (read timeout=10)",Davis
P28482,7NR5,✅ Downloaded from PDB,Davis
P28482,7NR8,✅ Downloaded from PDB,Davis
P28482,7NR9,✅ Downloaded from PDB,Davis
P28482,7OPM,✅ Downloaded from PDB,Davis
P28482,7W5O,"⚠️ PDB Exception: HTTPSConnectionPool(host='files.rcsb.org', port=443): Read timed out. (read timeout=10)",Davis
P28482,7X4U,✅ Downloaded from PDB,Davis
P28482,7XC1,✅ Downloaded from PDB,Davis
P28482,8AO2,✅ Downloaded from PDB,Davis
P28482,8AO3,✅ Downloaded from PDB,Davis
P28482,8AO4,"⚠️ PDB Exception: HTTPSConnectionPool(host='files.rcsb.org', port=443): Read timed out. (read timeout=10)",Davis
P28482,8AO5,✅ Downloaded from PDB,Davis
P28482,8AO6,✅ Downloaded from PDB,Davis
P28482,8AO7,✅ Downloaded from PDB,Davis
P28482,8AO8,✅ Downloaded from PDB,Davis
P28482,8AO9,✅ Downloaded from PDB,Davis
P28482,8AOA,✅ Downloaded from PDB,Davis
P28482,8AOB,✅ Downloaded from PDB,Davis
P28482,8AOC,✅ Downloaded from PDB,Davis
P28482,8AOD,✅ Downloaded from PDB,Davis
P28482,8AOE,✅ Downloaded from PDB,Davis
P28482,8AOF,✅ Downloaded from PDB,Davis
P28482,8AOG,✅ Downloaded from PDB,Davis
P28482,8AOH,✅ Downloaded from PDB,Davis
P28482,8AOI,✅ Downloaded from PDB,Davis
P28482,8AOJ,✅ Downloaded from PDB,Davis
P28482,8PSR,"⚠️ PDB Exception: HTTPSConnectionPool(host='files.rcsb.org', port=443): Read timed out. (read timeout=10)",Davis
P28482,8PST,✅ Downloaded from PDB,Davis
P28482,8PSW,✅ Downloaded from PDB,Davis
P28482,8PSY,✅ Downloaded from PDB,Davis
P28482,8PT0,✅ Downloaded from PDB,Davis
P28482,8PT1,✅ Downloaded from PDB,Davis
P28482,8PT3,✅ Downloaded from PDB,Davis
P28482,8PT5,✅ Downloaded from PDB,Davis
P28482,8U8J,✅ Downloaded from PDB,Davis
P28482,8U8K,✅ Downloaded from PDB,Davis
P28482,8ZJV,✅ Downloaded from PDB,Davis
Q16659,6YKY,✅ Downloaded from PDB,Davis
Q16659,6YLC,✅ Downloaded from PDB,Davis
Q16659,6YLL,✅ Downloaded from PDB,Davis
Q16659,7AQB,✅ Downloaded from PDB,Davis
Q13164,2Q8Y,✅ Downloaded from PDB,Davis
Q13164,4B99,✅ Downloaded from PDB,Davis
Q13164,4IC7,✅ Downloaded from PDB,Davis
Q13164,4IC8,✅ Downloaded from PDB,Davis
Q13164,4ZSG,✅ Downloaded from PDB,Davis
Q13164,4ZSJ,✅ Downloaded from PDB,Davis
Q13164,4ZSL,✅ Downloaded from PDB,Davis
Q13164,5BYY,✅ Downloaded from PDB,Davis
Q13164,5BYZ,✅ Downloaded from PDB,Davis
Q13164,5O7I,✅ Downloaded from PDB,Davis
Q13164,6HKM,✅ Downloaded from PDB,Davis
Q13164,6HKN,✅ Downloaded from PDB,Davis
Q13164,7PUS,❌ PDB Download failed,Davis
Q8TD08,AF-Q8TD08-F1,✅ Downloaded from AlphaFold,Davis
A0A7P0TAB0,AF-A0A7P0TAB0-F1,✅ Downloaded from AlphaFold,Davis
A0A059VC25,AF-A0A059VC25-F1,✅ Downloaded from AlphaFold,Davis
D6RAF9,AF-D6RAF9-F1,✅ Downloaded from AlphaFold,Davis
E7ENM8,AF-E7ENM8-F1,✅ Downloaded from AlphaFold,Davis
A0A0A0MR25,AF-A0A0A0MR25-F1,✅ Downloaded from AlphaFold,Davis
F8W9L4,AF-F8W9L4-F1,✅ Downloaded from AlphaFold,Davis
J3KPQ0,AF-J3KPQ0-F1,✅ Downloaded from AlphaFold,Davis
Q5TGY6,AF-Q5TGY6-F1,✅ Downloaded from AlphaFold,Davis
X2QIK8,AF-X2QIK8-F1,✅ Downloaded from AlphaFold,Davis
A0A6G6D045,AF-A0A6G6D045-F1,✅ Downloaded from AlphaFold,Davis
P42685,AF-P42685-F1,✅ Downloaded from AlphaFold,Davis
E5RFM0,AF-E5RFM0-F1,✅ Downloaded from AlphaFold,Davis
D6RC24,AF-D6RC24-F1,✅ Downloaded from AlphaFold,Davis
Q9P2K8,6N3L,✅ Downloaded from PDB,Davis
Q9P2K8,6N3N,✅ Downloaded from PDB,Davis
Q9P2K8,6N3O,✅ Downloaded from PDB,Davis
Q9P2K8,7E2K,✅ Downloaded from PDB,Davis
Q9P2K8,7E2M,✅ Downloaded from PDB,Davis
Q9P2K8,7QQ6,✅ Downloaded from PDB,Davis
Q9P2K8,7QWK,✅ Downloaded from PDB,Davis
Q9P2K8,8T7T,✅ Downloaded from PDB,Davis
O95098,AF-O95098-F1,✅ Downloaded from AlphaFold,Davis
Q8WTQ7,AF-Q8WTQ7-F1,✅ Downloaded from AlphaFold,Davis
J3KPD6,AF-J3KPD6-F1,✅ Downloaded from AlphaFold,Davis
D6RC95,AF-D6RC95-F1,✅ Downloaded from AlphaFold,Davis
H7BXX9,AF-H7BXX9-F1,✅ Downloaded from AlphaFold,Davis
E9PKD7,AF-E9PKD7-F1,✅ Downloaded from AlphaFold,Davis
Q8NE63,AF-Q8NE63-F1,✅ Downloaded from AlphaFold,Davis
Q92918,6CQD,✅ Downloaded from PDB,Davis
Q92918,6CQE,✅ Downloaded from PDB,Davis
Q92918,6CQF,✅ Downloaded from PDB,Davis
Q92918,6NFY,✅ Downloaded from PDB,Davis
Q92918,6NFZ,✅ Downloaded from PDB,Davis
Q92918,6NG0,"⚠️ PDB Exception: HTTPSConnectionPool(host='files.rcsb.org', port=443): Read timed out. (read timeout=10)",Davis
Q92918,7KAC,✅ Downloaded from PDB,Davis
Q92918,7L24,✅ Downloaded from PDB,Davis
Q92918,7L25,✅ Downloaded from PDB,Davis
Q92918,7L26,✅ Downloaded from PDB,Davis
Q92918,7M0K,✅ Downloaded from PDB,Davis
Q92918,7M0L,✅ Downloaded from PDB,Davis
Q92918,7M0M,✅ Downloaded from PDB,Davis
Q92918,7R9L,✅ Downloaded from PDB,Davis
Q92918,7R9N,✅ Downloaded from PDB,Davis
Q92918,7R9P,✅ Downloaded from PDB,Davis
Q92918,7R9T,✅ Downloaded from PDB,Davis
Q92918,7SIU,✅ Downloaded from PDB,Davis
Q92918,8CDW,"⚠️ PDB Exception: HTTPSConnectionPool(host='files.rcsb.org', port=443): Max retries exceeded with url: /download/8CDW.pdb (Caused by SSLError(SSLEOFError(8, '[SSL: UNEXPECTED_EOF_WHILE_READING] EOF occurred in violation of protocol (_ssl.c:1006)')))",Davis
Q92918,8CIJ,✅ Downloaded from PDB,Davis
Q92918,8EEC,✅ Downloaded from PDB,Davis
Q92918,8FH4,✅ Downloaded from PDB,Davis
Q92918,8FJZ,✅ Downloaded from PDB,Davis
Q92918,8FKO,✅ Downloaded from PDB,Davis
Q92918,8PAR,✅ Downloaded from PDB,Davis
Q92918,8PAS,✅ Downloaded from PDB,Davis
Q92918,8PAU,✅ Downloaded from PDB,Davis
Q92918,8XN7,❌ PDB Download failed,Davis
Q92918,9BI8,❌ PDB Download failed,Davis
Q92918,9BIK,❌ PDB Download failed,Davis
Q92918,9BJ1,❌ PDB Download failed,Davis
H7C3H0,AF-H7C3H0-F1,✅ Downloaded from AlphaFold,Davis
Q9UPZ9,AF-Q9UPZ9-F1,✅ Downloaded from AlphaFold,Davis
B0LXP6,AF-B0LXP6-F1,✅ Downloaded from AlphaFold,Davis
Q5D0E0,AF-Q5D0E0-F1,✅ Downloaded from AlphaFold,Davis
F7A8T7,AF-F7A8T7-F1,✅ Downloaded from AlphaFold,Davis
I6U4P1,AF-I6U4P1-F1,✅ Downloaded from AlphaFold,Davis
Q9Y616,5UKE,✅ Downloaded from PDB,Davis
Q9Y616,6RUU,✅ Downloaded from PDB,Davis
Q9Y616,6ZIW,✅ Downloaded from PDB,Davis
F8VVZ1,AF-F8VVZ1-F1,✅ Downloaded from AlphaFold,Davis
E5RJY4,AF-E5RJY4-F1,✅ Downloaded from AlphaFold,Davis
P23458,3EYG,✅ Downloaded from PDB,Davis
P23458,3EYH,✅ Downloaded from PDB,Davis
P23458,4E4L,✅ Downloaded from PDB,Davis
P23458,4E4N,✅ Downloaded from PDB,Davis
P23458,4E5W,✅ Downloaded from PDB,Davis
P23458,4EHZ,✅ Downloaded from PDB,Davis
P23458,4EI4,✅ Downloaded from PDB,Davis
P23458,4FK6,✅ Downloaded from PDB,Davis
P23458,4GS0,✅ Downloaded from PDB,Davis
P23458,4I5C,✅ Downloaded from PDB,Davis
P23458,4IVB,✅ Downloaded from PDB,Davis
P23458,4IVC,✅ Downloaded from PDB,Davis
P23458,4IVD,✅ Downloaded from PDB,Davis
P23458,4K6Z,✅ Downloaded from PDB,Davis
P23458,4K77,✅ Downloaded from PDB,Davis
P23458,4L00,✅ Downloaded from PDB,Davis
P23458,4L01,✅ Downloaded from PDB,Davis
P23458,5E1E,✅ Downloaded from PDB,Davis
P23458,5HX8,✅ Downloaded from PDB,Davis
P23458,5IXD,✅ Downloaded from PDB,Davis
P23458,5IXI,✅ Downloaded from PDB,Davis
P23458,5KHW,✅ Downloaded from PDB,Davis
P23458,5KHX,✅ Downloaded from PDB,Davis
P23458,5L04,✅ Downloaded from PDB,Davis
P23458,5WO4,✅ Downloaded from PDB,Davis
P23458,6AAH,✅ Downloaded from PDB,Davis
P23458,6BBU,✅ Downloaded from PDB,Davis
P23458,6C7Y,✅ Downloaded from PDB,Davis
P23458,6DBN,✅ Downloaded from PDB,Davis
P23458,6ELR,✅ Downloaded from PDB,Davis
P23458,6GGH,✅ Downloaded from PDB,Davis
P23458,6HZU,✅ Downloaded from PDB,Davis
P23458,6N77,✅ Downloaded from PDB,Davis
P23458,6N78,✅ Downloaded from PDB,Davis
P23458,6N79,✅ Downloaded from PDB,Davis
P23458,6N7A,✅ Downloaded from PDB,Davis
P23458,6N7B,✅ Downloaded from PDB,Davis
P23458,6N7C,✅ Downloaded from PDB,Davis
P23458,6N7D,✅ Downloaded from PDB,Davis
P23458,6RSB,✅ Downloaded from PDB,Davis
P23458,6RSC,✅ Downloaded from PDB,Davis
P23458,6RSD,✅ Downloaded from PDB,Davis
P23458,6RSE,✅ Downloaded from PDB,Davis
P23458,6RSH,✅ Downloaded from PDB,Davis
P23458,6SM8,✅ Downloaded from PDB,Davis
P23458,6SMB,✅ Downloaded from PDB,Davis
P23458,6TPE,✅ Downloaded from PDB,Davis
P23458,6TPF,✅ Downloaded from PDB,Davis
P23458,6W8L,✅ Downloaded from PDB,Davis
P23458,8EXJ,✅ Downloaded from PDB,Davis
O60674,2B7A,✅ Downloaded from PDB,Davis
O60674,2W1I,✅ Downloaded from PDB,Davis
O60674,2XA4,✅ Downloaded from PDB,Davis
O60674,3E62,✅ Downloaded from PDB,Davis
O60674,3E63,✅ Downloaded from PDB,Davis
O60674,3E64,✅ Downloaded from PDB,Davis
O60674,3FUP,✅ Downloaded from PDB,Davis
O60674,3IO7,✅ Downloaded from PDB,Davis
O60674,3IOK,✅ Downloaded from PDB,Davis
O60674,3JY9,✅ Downloaded from PDB,Davis
O60674,3KCK,✅ Downloaded from PDB,Davis
O60674,3KRR,✅ Downloaded from PDB,Davis
O60674,3LPB,✅ Downloaded from PDB,Davis
O60674,3Q32,"⚠️ PDB Exception: HTTPSConnectionPool(host='files.rcsb.org', port=443): Read timed out. (read timeout=10)",Davis
O60674,3RVG,✅ Downloaded from PDB,Davis
O60674,3TJC,✅ Downloaded from PDB,Davis
O60674,3TJD,✅ Downloaded from PDB,Davis
O60674,3UGC,✅ Downloaded from PDB,Davis
O60674,3ZMM,✅ Downloaded from PDB,Davis
O60674,4AQC,✅ Downloaded from PDB,Davis
O60674,4BBE,✅ Downloaded from PDB,Davis
O60674,4BBF,✅ Downloaded from PDB,Davis
O60674,4C61,✅ Downloaded from PDB,Davis
O60674,4C62,✅ Downloaded from PDB,Davis
O60674,4D0W,✅ Downloaded from PDB,Davis
O60674,4D0X,✅ Downloaded from PDB,Davis
O60674,4D1S,✅ Downloaded from PDB,Davis
O60674,4E4M,✅ Downloaded from PDB,Davis
O60674,4E6D,✅ Downloaded from PDB,Davis
O60674,4E6Q,✅ Downloaded from PDB,Davis
O60674,4F08,✅ Downloaded from PDB,Davis
O60674,4F09,✅ Downloaded from PDB,Davis
O60674,4FVP,✅ Downloaded from PDB,Davis
O60674,4FVQ,✅ Downloaded from PDB,Davis
O60674,4FVR,✅ Downloaded from PDB,Davis
O60674,4GFM,✅ Downloaded from PDB,Davis
O60674,4GMY,✅ Downloaded from PDB,Davis
O60674,4HGE,✅ Downloaded from PDB,Davis
O60674,4IVA,✅ Downloaded from PDB,Davis
O60674,4JI9,✅ Downloaded from PDB,Davis
O60674,4JIA,✅ Downloaded from PDB,Davis
O60674,4P7E,✅ Downloaded from PDB,Davis
O60674,4YTC,✅ Downloaded from PDB,Davis
O60674,4YTF,✅ Downloaded from PDB,Davis
O60674,4YTH,✅ Downloaded from PDB,Davis
O60674,4YTI,✅ Downloaded from PDB,Davis
O60674,4Z32,✅ Downloaded from PDB,Davis
O60674,4ZIM,✅ Downloaded from PDB,Davis
O60674,5AEP,✅ Downloaded from PDB,Davis
O60674,5CF4,✅ Downloaded from PDB,Davis
O60674,5CF5,✅ Downloaded from PDB,Davis
O60674,5CF6,✅ Downloaded from PDB,Davis
O60674,5CF8,"⚠️ PDB Exception: HTTPSConnectionPool(host='files.rcsb.org', port=443): Read timed out. (read timeout=10)",Davis
O60674,5HEZ,✅ Downloaded from PDB,Davis
O60674,5I4N,✅ Downloaded from PDB,Davis
O60674,5L3A,✅ Downloaded from PDB,Davis
O60674,5TQ3,✅ Downloaded from PDB,Davis
O60674,5TQ4,✅ Downloaded from PDB,Davis
O60674,5TQ5,✅ Downloaded from PDB,Davis
O60674,5TQ6,✅ Downloaded from PDB,Davis
O60674,5TQ7,✅ Downloaded from PDB,Davis
O60674,5TQ8,✅ Downloaded from PDB,Davis
O60674,5USY,✅ Downloaded from PDB,Davis
O60674,5USZ,✅ Downloaded from PDB,Davis
O60674,5UT0,✅ Downloaded from PDB,Davis
O60674,5UT1,✅ Downloaded from PDB,Davis
O60674,5UT2,✅ Downloaded from PDB,Davis
O60674,5UT3,✅ Downloaded from PDB,Davis
O60674,5UT4,✅ Downloaded from PDB,Davis
O60674,5UT5,✅ Downloaded from PDB,Davis
O60674,5UT6,✅ Downloaded from PDB,Davis
O60674,5WEV,✅ Downloaded from PDB,Davis
O60674,5WIJ,✅ Downloaded from PDB,Davis
O60674,5WIK,✅ Downloaded from PDB,Davis
O60674,5WIL,✅ Downloaded from PDB,Davis
O60674,5WIM,✅ Downloaded from PDB,Davis
O60674,5WIN,✅ Downloaded from PDB,Davis
O60674,6AAJ,✅ Downloaded from PDB,Davis
O60674,6BBV,✅ Downloaded from PDB,Davis
O60674,6BRW,✅ Downloaded from PDB,Davis
O60674,6BS0,✅ Downloaded from PDB,Davis
O60674,6BSS,"⚠️ PDB Exception: HTTPSConnectionPool(host='files.rcsb.org', port=443): Read timed out. (read timeout=10)",Davis
O60674,6D2I,✅ Downloaded from PDB,Davis
O60674,6DRW,✅ Downloaded from PDB,Davis
O60674,6E2P,✅ Downloaded from PDB,Davis
O60674,6E2Q,✅ Downloaded from PDB,Davis
O60674,6G3C,✅ Downloaded from PDB,Davis
O60674,6M9H,✅ Downloaded from PDB,Davis
O60674,6OAV,✅ Downloaded from PDB,Davis
O60674,6OBB,✅ Downloaded from PDB,Davis
O60674,6OBF,✅ Downloaded from PDB,Davis
O60674,6OBL,✅ Downloaded from PDB,Davis
O60674,6OCC,✅ Downloaded from PDB,Davis
O60674,6TPD,✅ Downloaded from PDB,Davis
O60674,6VGL,"⚠️ PDB Exception: HTTPSConnectionPool(host='files.rcsb.org', port=443): Read timed out. (read timeout=10)",Davis
O60674,6VN8,✅ Downloaded from PDB,Davis
O60674,6VNB,✅ Downloaded from PDB,Davis
O60674,6VNC,"⚠️ PDB Exception: HTTPSConnectionPool(host='files.rcsb.org', port=443): Read timed out. (read timeout=10)",Davis
O60674,6VNE,✅ Downloaded from PDB,Davis
O60674,6VNF,✅ Downloaded from PDB,Davis
O60674,6VNG,✅ Downloaded from PDB,Davis
O60674,6VNH,✅ Downloaded from PDB,Davis
O60674,6VNI,✅ Downloaded from PDB,Davis
O60674,6VNJ,✅ Downloaded from PDB,Davis
O60674,6VNK,✅ Downloaded from PDB,Davis
O60674,6VNL,✅ Downloaded from PDB,Davis
O60674,6VNM,✅ Downloaded from PDB,Davis
O60674,6VS3,✅ Downloaded from PDB,Davis
O60674,6VSN,✅ Downloaded from PDB,Davis
O60674,6WTN,✅ Downloaded from PDB,Davis
O60674,6WTO,✅ Downloaded from PDB,Davis
O60674,6WTP,✅ Downloaded from PDB,Davis
O60674,6WTQ,✅ Downloaded from PDB,Davis
O60674,6X8E,✅ Downloaded from PDB,Davis
O60674,6XJK,✅ Downloaded from PDB,Davis
O60674,7F7W,✅ Downloaded from PDB,Davis
O60674,7JYO,✅ Downloaded from PDB,Davis
O60674,7JYQ,✅ Downloaded from PDB,Davis
O60674,7LL4,✅ Downloaded from PDB,Davis
O60674,7LL5,✅ Downloaded from PDB,Davis
O60674,7Q7I,✅ Downloaded from PDB,Davis
O60674,7Q7K,✅ Downloaded from PDB,Davis
O60674,7Q7L,✅ Downloaded from PDB,Davis
O60674,7Q7W,✅ Downloaded from PDB,Davis
O60674,7REE,✅ Downloaded from PDB,Davis
O60674,7RN6,✅ Downloaded from PDB,Davis
O60674,7SZW,✅ Downloaded from PDB,Davis
O60674,7T0P,✅ Downloaded from PDB,Davis
O60674,7T1T,✅ Downloaded from PDB,Davis
O60674,7TEU,✅ Downloaded from PDB,Davis
O60674,7UYW,✅ Downloaded from PDB,Davis
O60674,8B8N,✅ Downloaded from PDB,Davis
O60674,8B8U,✅ Downloaded from PDB,Davis
O60674,8B99,✅ Downloaded from PDB,Davis
O60674,8B9E,✅ Downloaded from PDB,Davis
O60674,8B9H,✅ Downloaded from PDB,Davis
O60674,8BA2,✅ Downloaded from PDB,Davis
O60674,8BA3,✅ Downloaded from PDB,Davis
O60674,8BA4,✅ Downloaded from PDB,Davis
O60674,8BAB,✅ Downloaded from PDB,Davis
O60674,8BAK,✅ Downloaded from PDB,Davis
O60674,8BM2,✅ Downloaded from PDB,Davis
O60674,8BPV,✅ Downloaded from PDB,Davis
O60674,8BPW,✅ Downloaded from PDB,Davis
O60674,8BX6,✅ Downloaded from PDB,Davis
O60674,8BX9,✅ Downloaded from PDB,Davis
O60674,8BXC,✅ Downloaded from PDB,Davis
O60674,8BXH,✅ Downloaded from PDB,Davis
O60674,8C08,✅ Downloaded from PDB,Davis
O60674,8C09,✅ Downloaded from PDB,Davis
O60674,8C0A,✅ Downloaded from PDB,Davis
O60674,8CZ9,✅ Downloaded from PDB,Davis
O60674,8EX0,✅ Downloaded from PDB,Davis
O60674,8EX1,✅ Downloaded from PDB,Davis
O60674,8EX2,✅ Downloaded from PDB,Davis
O60674,8EXK,✅ Downloaded from PDB,Davis
O60674,8EYA,✅ Downloaded from PDB,Davis
O60674,8EYB,✅ Downloaded from PDB,Davis
O60674,8F88,✅ Downloaded from PDB,Davis
O60674,8G6Z,✅ Downloaded from PDB,Davis
O60674,8G8O,✅ Downloaded from PDB,Davis
O60674,8G8X,✅ Downloaded from PDB,Davis
P52333,1YVJ,✅ Downloaded from PDB,Davis
P52333,3LXK,✅ Downloaded from PDB,Davis
P52333,3LXL,✅ Downloaded from PDB,Davis
P52333,3PJC,✅ Downloaded from PDB,Davis
P52333,3ZC6,✅ Downloaded from PDB,Davis
P52333,3ZEP,✅ Downloaded from PDB,Davis
P52333,4HVD,✅ Downloaded from PDB,Davis
P52333,4HVG,✅ Downloaded from PDB,Davis
P52333,4HVH,✅ Downloaded from PDB,Davis
P52333,4HVI,✅ Downloaded from PDB,Davis
P52333,4I6Q,✅ Downloaded from PDB,Davis
P52333,4QPS,✅ Downloaded from PDB,Davis
P52333,4QT1,✅ Downloaded from PDB,Davis
P52333,4RIO,✅ Downloaded from PDB,Davis
P52333,4V0G,✅ Downloaded from PDB,Davis
P52333,4Z16,✅ Downloaded from PDB,Davis
P52333,5LWM,✅ Downloaded from PDB,Davis
P52333,5LWN,✅ Downloaded from PDB,Davis
P52333,5TOZ,✅ Downloaded from PDB,Davis
P52333,5TTS,✅ Downloaded from PDB,Davis
P52333,5TTU,✅ Downloaded from PDB,Davis
P52333,5TTV,✅ Downloaded from PDB,Davis
P52333,5VO6,✅ Downloaded from PDB,Davis
P52333,5W86,✅ Downloaded from PDB,Davis
P52333,5WFJ,✅ Downloaded from PDB,Davis
P52333,6AAK,✅ Downloaded from PDB,Davis
P52333,6DA4,✅ Downloaded from PDB,Davis
P52333,6DB3,✅ Downloaded from PDB,Davis
P52333,6DB4,✅ Downloaded from PDB,Davis
P52333,6DUD,✅ Downloaded from PDB,Davis
P52333,6GL9,✅ Downloaded from PDB,Davis
P52333,6GLA,✅ Downloaded from PDB,Davis
P52333,6GLB,✅ Downloaded from PDB,Davis
P52333,6HZV,✅ Downloaded from PDB,Davis
P52333,6NY4,✅ Downloaded from PDB,Davis
P52333,7APF,✅ Downloaded from PDB,Davis
P52333,7APG,✅ Downloaded from PDB,Davis
P52333,7C3N,✅ Downloaded from PDB,Davis
P52333,7Q6H,❌ PDB Download failed,Davis
P52333,7UYV,✅ Downloaded from PDB,Davis
P52333,8EXM,✅ Downloaded from PDB,Davis
P45983,1UKH,✅ Downloaded from PDB,Davis
P45983,1UKI,✅ Downloaded from PDB,Davis
P45983,2G01,✅ Downloaded from PDB,Davis
P45983,2GMX,✅ Downloaded from PDB,Davis
P45983,2H96,✅ Downloaded from PDB,Davis
P45983,2NO3,✅ Downloaded from PDB,Davis
P45983,2XRW,✅ Downloaded from PDB,Davis
P45983,2XS0,✅ Downloaded from PDB,Davis
P45983,3ELJ,✅ Downloaded from PDB,Davis
P45983,3O17,✅ Downloaded from PDB,Davis
P45983,3O2M,✅ Downloaded from PDB,Davis
P45983,3PZE,✅ Downloaded from PDB,Davis
P45983,3V3V,✅ Downloaded from PDB,Davis
P45983,3VUD,✅ Downloaded from PDB,Davis
P45983,3VUG,✅ Downloaded from PDB,Davis
P45983,3VUH,✅ Downloaded from PDB,Davis
P45983,3VUI,✅ Downloaded from PDB,Davis
P45983,3VUK,✅ Downloaded from PDB,Davis
P45983,3VUL,✅ Downloaded from PDB,Davis
P45983,3VUM,✅ Downloaded from PDB,Davis
P45983,4AWI,✅ Downloaded from PDB,Davis
P45983,4E73,✅ Downloaded from PDB,Davis
P45983,4G1W,✅ Downloaded from PDB,Davis
P45983,4HYS,✅ Downloaded from PDB,Davis
P45983,4HYU,✅ Downloaded from PDB,Davis
P45983,4IZY,✅ Downloaded from PDB,Davis
P45983,4L7F,✅ Downloaded from PDB,Davis
P45983,4QTD,✅ Downloaded from PDB,Davis
P45983,4UX9,✅ Downloaded from PDB,Davis
P45983,4YR8,✅ Downloaded from PDB,Davis
P45983,5LW1,✅ Downloaded from PDB,Davis
P45983,6F5E,✅ Downloaded from PDB,Davis
P45983,6ZR5,✅ Downloaded from PDB,Davis
P45983,8PT8,✅ Downloaded from PDB,Davis
P45983,8PT9,✅ Downloaded from PDB,Davis
P45983,8PTA,✅ Downloaded from PDB,Davis
P45983,8X5M,✅ Downloaded from PDB,Davis
P45984,3E7O,✅ Downloaded from PDB,Davis
P45984,3NPC,✅ Downloaded from PDB,Davis
P45984,7CML,✅ Downloaded from PDB,Davis
P45984,7N8T,✅ Downloaded from PDB,Davis
P45984,8ELC,✅ Downloaded from PDB,Davis
P53779,1JNK,✅ Downloaded from PDB,Davis
P53779,1PMN,✅ Downloaded from PDB,Davis
P53779,1PMU,✅ Downloaded from PDB,Davis
P53779,1PMV,✅ Downloaded from PDB,Davis
P53779,2B1P,✅ Downloaded from PDB,Davis
P53779,2EXC,✅ Downloaded from PDB,Davis
P53779,2O0U,✅ Downloaded from PDB,Davis
P53779,2O2U,✅ Downloaded from PDB,Davis
P53779,2OK1,✅ Downloaded from PDB,Davis
P53779,2P33,✅ Downloaded from PDB,Davis
P53779,2R9S,✅ Downloaded from PDB,Davis
P53779,2WAJ,"⚠️ PDB Exception: HTTPSConnectionPool(host='files.rcsb.org', port=443): Read timed out. (read timeout=10)",Davis
P53779,2ZDT,✅ Downloaded from PDB,Davis
P53779,2ZDU,"⚠️ PDB Exception: HTTPSConnectionPool(host='files.rcsb.org', port=443): Max retries exceeded with url: /download/2ZDU.pdb (Caused by SSLError(SSLEOFError(8, '[SSL: UNEXPECTED_EOF_WHILE_READING] EOF occurred in violation of protocol (_ssl.c:1006)')))",Davis
P53779,3CGF,✅ Downloaded from PDB,Davis
P53779,3CGO,"⚠️ PDB Exception: HTTPSConnectionPool(host='files.rcsb.org', port=443): Read timed out. (read timeout=10)",Davis
P53779,3DA6,✅ Downloaded from PDB,Davis
P53779,3FI2,✅ Downloaded from PDB,Davis
P53779,3FI3,✅ Downloaded from PDB,Davis
P53779,3FV8,✅ Downloaded from PDB,Davis
P53779,3G90,✅ Downloaded from PDB,Davis
P53779,3G9L,✅ Downloaded from PDB,Davis
P53779,3G9N,✅ Downloaded from PDB,Davis
P53779,3KVX,✅ Downloaded from PDB,Davis
P53779,3OXI,✅ Downloaded from PDB,Davis
P53779,3OY1,✅ Downloaded from PDB,Davis
P53779,3PTG,✅ Downloaded from PDB,Davis
P53779,3RTP,✅ Downloaded from PDB,Davis
P53779,3TTI,✅ Downloaded from PDB,Davis
P53779,3TTJ,✅ Downloaded from PDB,Davis
P53779,3V6R,✅ Downloaded from PDB,Davis
P53779,3V6S,✅ Downloaded from PDB,Davis
P53779,4H36,✅ Downloaded from PDB,Davis
P53779,4H39,✅ Downloaded from PDB,Davis
P53779,4H3B,✅ Downloaded from PDB,Davis
P53779,4KKE,✅ Downloaded from PDB,Davis
P53779,4KKG,✅ Downloaded from PDB,Davis
P53779,4KKH,✅ Downloaded from PDB,Davis
P53779,4U79,✅ Downloaded from PDB,Davis
P53779,4W4V,✅ Downloaded from PDB,Davis
P53779,4W4W,"⚠️ PDB Exception: HTTPSConnectionPool(host='files.rcsb.org', port=443): Read timed out. (read timeout=10)",Davis
P53779,4W4X,✅ Downloaded from PDB,Davis
P53779,4W4Y,✅ Downloaded from PDB,Davis
P53779,4WHZ,✅ Downloaded from PDB,Davis
P53779,4X21,✅ Downloaded from PDB,Davis
P53779,4Y46,✅ Downloaded from PDB,Davis
P53779,4Y5H,✅ Downloaded from PDB,Davis
P53779,4Z9L,✅ Downloaded from PDB,Davis
P53779,6EKD,✅ Downloaded from PDB,Davis
P53779,6EMH,✅ Downloaded from PDB,Davis
P53779,6EQ9,✅ Downloaded from PDB,Davis
P53779,7KSI,✅ Downloaded from PDB,Davis
P53779,7KSJ,✅ Downloaded from PDB,Davis
P53779,7KSK,✅ Downloaded from PDB,Davis
P53779,7ORE,✅ Downloaded from PDB,Davis
P53779,7ORF,✅ Downloaded from PDB,Davis
P53779,7S1N,✅ Downloaded from PDB,Davis
P53779,7YL1,✅ Downloaded from PDB,Davis
P53779,8BZP,✅ Downloaded from PDB,Davis
P53779,8ENJ,✅ Downloaded from PDB,Davis
P53779,8WGF,✅ Downloaded from PDB,Davis
H0YG09,AF-H0YG09-F1,✅ Downloaded from AlphaFold,Davis
Q9NRM7,4ZRI,✅ Downloaded from PDB,Davis
E9PJ92,AF-E9PJ92-F1,✅ Downloaded from AlphaFold,Davis
E9PC47,AF-E9PC47-F1,✅ Downloaded from AlphaFold,Davis
P53671,1X6A,✅ Downloaded from PDB,Davis
P53671,4TPT,✅ Downloaded from PDB,Davis
P53671,5NXD,✅ Downloaded from PDB,Davis
P53671,7QHG,✅ Downloaded from PDB,Davis
P53671,8GI4,✅ Downloaded from PDB,Davis
P53671,8S3X,❌ PDB Download failed,Davis
P53671,8WSW,✅ Downloaded from PDB,Davis
Q15831,2WTK,✅ Downloaded from PDB,Davis
Q15831,4ZDR,✅ Downloaded from PDB,Davis
Q15831,5WXN,✅ Downloaded from PDB,Davis
Q15831,8VSU,✅ Downloaded from PDB,Davis
O94804,2J7T,✅ Downloaded from PDB,Davis
O94804,4AOT,✅ Downloaded from PDB,Davis
O94804,4BC6,✅ Downloaded from PDB,Davis
O94804,4EQU,✅ Downloaded from PDB,Davis
O94804,4USD,✅ Downloaded from PDB,Davis
O94804,4USE,✅ Downloaded from PDB,Davis
O94804,5AJQ,✅ Downloaded from PDB,Davis
O94804,5OWQ,✅ Downloaded from PDB,Davis
O94804,5OWR,✅ Downloaded from PDB,Davis
O94804,6EIM,✅ Downloaded from PDB,Davis
O94804,6GTT,✅ Downloaded from PDB,Davis
O94804,6HXF,✅ Downloaded from PDB,Davis
O94804,6I2Y,✅ Downloaded from PDB,Davis
O94804,7QGP,✅ Downloaded from PDB,Davis
A0A218N881,AF-A0A218N881-F1,✅ Downloaded from AlphaFold,Davis
Q4G0N3,AF-Q4G0N3-F1,✅ Downloaded from AlphaFold,Davis
E5RJ37,AF-E5RJ37-F1,✅ Downloaded from AlphaFold,Davis
O43283,AF-O43283-F1,✅ Downloaded from AlphaFold,Davis
P20794,AF-P20794-F1,✅ Downloaded from AlphaFold,Davis
L8ECC8,AF-L8ECC8-F1,✅ Downloaded from AlphaFold,Davis
Q6P084,AF-Q6P084-F1,✅ Downloaded from AlphaFold,Davis
J3QRB6,AF-J3QRB6-F1,✅ Downloaded from AlphaFold,Davis
F5H1X6,AF-F5H1X6-F1,✅ Downloaded from AlphaFold,Davis
F2Z2B3,AF-F2Z2B3-F1,✅ Downloaded from AlphaFold,Davis
F8WAZ1,AF-F8WAZ1-F1,✅ Downloaded from AlphaFold,Davis
E7EX83,AF-E7EX83-F1,✅ Downloaded from AlphaFold,Davis
G3V5C6,AF-G3V5C6-F1,✅ Downloaded from AlphaFold,Davis
P49137,1KWP,✅ Downloaded from PDB,Davis
P49137,1NXK,✅ Downloaded from PDB,Davis
P49137,1NY3,✅ Downloaded from PDB,Davis
P49137,2JBO,✅ Downloaded from PDB,Davis
P49137,2JBP,✅ Downloaded from PDB,Davis
P49137,2OKR,✅ Downloaded from PDB,Davis
P49137,2ONL,✅ Downloaded from PDB,Davis
P49137,2OZA,✅ Downloaded from PDB,Davis
P49137,2P3G,✅ Downloaded from PDB,Davis
P49137,2PZY,✅ Downloaded from PDB,Davis
P49137,3A2C,✅ Downloaded from PDB,Davis
P49137,3FPM,✅ Downloaded from PDB,Davis
P49137,3FYJ,✅ Downloaded from PDB,Davis
P49137,3FYK,✅ Downloaded from PDB,Davis
P49137,3GOK,"⚠️ PDB Exception: HTTPSConnectionPool(host='files.rcsb.org', port=443): Read timed out. (read timeout=10)",Davis
P49137,3KA0,✅ Downloaded from PDB,Davis
P49137,3KC3,✅ Downloaded from PDB,Davis
P49137,3KGA,"⚠️ PDB Exception: HTTPSConnectionPool(host='files.rcsb.org', port=443): Read timed out. (read timeout=10)",Davis
P49137,3M2W,✅ Downloaded from PDB,Davis
P49137,3M42,✅ Downloaded from PDB,Davis
P49137,3R2B,✅ Downloaded from PDB,Davis
P49137,3R2Y,✅ Downloaded from PDB,Davis
P49137,3R30,✅ Downloaded from PDB,Davis
P49137,3WI6,✅ Downloaded from PDB,Davis
P49137,4TYH,✅ Downloaded from PDB,Davis
P49137,6T8X,✅ Downloaded from PDB,Davis
P49137,6TCA,✅ Downloaded from PDB,Davis
P49137,7NRY,✅ Downloaded from PDB,Davis
P49137,8XU4,✅ Downloaded from PDB,Davis
P49137,8XX1,✅ Downloaded from PDB,Davis
R4GN93,AF-R4GN93-F1,✅ Downloaded from AlphaFold,Davis
A0A7I2V550,AF-A0A7I2V550-F1,✅ Downloaded from AlphaFold,Davis
E7ETY4,AF-E7ETY4-F1,✅ Downloaded from AlphaFold,Davis
A0A7I2V4G7,AF-A0A7I2V4G7-F1,✅ Downloaded from AlphaFold,Davis
Q02750,1S9J,✅ Downloaded from PDB,Davis
Q02750,2P55,✅ Downloaded from PDB,Davis
Q02750,3DV3,✅ Downloaded from PDB,Davis
Q02750,3DY7,✅ Downloaded from PDB,Davis
Q02750,3E8N,✅ Downloaded from PDB,Davis
Q02750,3EQB,✅ Downloaded from PDB,Davis
Q02750,3EQC,✅ Downloaded from PDB,Davis
Q02750,3EQD,✅ Downloaded from PDB,Davis
Q02750,3EQF,✅ Downloaded from PDB,Davis
Q02750,3EQG,✅ Downloaded from PDB,Davis
Q02750,3EQH,✅ Downloaded from PDB,Davis
Q02750,3EQI,✅ Downloaded from PDB,Davis
Q02750,3MBL,✅ Downloaded from PDB,Davis
Q02750,3ORN,✅ Downloaded from PDB,Davis
Q02750,3OS3,✅ Downloaded from PDB,Davis
Q02750,3PP1,✅ Downloaded from PDB,Davis
Q02750,3SLS,✅ Downloaded from PDB,Davis
Q02750,3V01,✅ Downloaded from PDB,Davis
Q02750,3V04,✅ Downloaded from PDB,Davis
Q02750,3VVH,✅ Downloaded from PDB,Davis
Q02750,3W8Q,✅ Downloaded from PDB,Davis
Q02750,3WIG,✅ Downloaded from PDB,Davis
Q02750,3ZLS,✅ Downloaded from PDB,Davis
Q02750,3ZLW,✅ Downloaded from PDB,Davis
Q02750,3ZLX,✅ Downloaded from PDB,Davis
Q02750,3ZLY,✅ Downloaded from PDB,Davis
Q02750,3ZM4,✅ Downloaded from PDB,Davis
Q02750,4AN2,✅ Downloaded from PDB,Davis
Q02750,4AN3,✅ Downloaded from PDB,Davis
Q02750,4AN9,✅ Downloaded from PDB,Davis
Q02750,4ANB,✅ Downloaded from PDB,Davis
Q02750,4ARK,✅ Downloaded from PDB,Davis
Q02750,4LMN,✅ Downloaded from PDB,Davis
Q02750,4MNE,✅ Downloaded from PDB,Davis
Q02750,4U7Z,✅ Downloaded from PDB,Davis
Q02750,4U80,✅ Downloaded from PDB,Davis
Q02750,4U81,✅ Downloaded from PDB,Davis
Q02750,5BX0,✅ Downloaded from PDB,Davis
Q02750,5EYM,✅ Downloaded from PDB,Davis
Q02750,5HZE,✅ Downloaded from PDB,Davis
Q02750,5YT3,✅ Downloaded from PDB,Davis
Q02750,6NYB,✅ Downloaded from PDB,Davis
Q02750,6PP9,✅ Downloaded from PDB,Davis
Q02750,6Q0J,✅ Downloaded from PDB,Davis
Q02750,6Q0T,✅ Downloaded from PDB,Davis
Q02750,6U2G,✅ Downloaded from PDB,Davis
Q02750,6V2W,✅ Downloaded from PDB,Davis
Q02750,6X2P,✅ Downloaded from PDB,Davis
Q02750,6X2S,✅ Downloaded from PDB,Davis
Q02750,6X2X,✅ Downloaded from PDB,Davis
Q02750,7B3M,✅ Downloaded from PDB,Davis
Q02750,7B7R,✅ Downloaded from PDB,Davis
Q02750,7B94,✅ Downloaded from PDB,Davis
Q02750,7B9L,✅ Downloaded from PDB,Davis
Q02750,7F2X,✅ Downloaded from PDB,Davis
Q02750,7M0T,✅ Downloaded from PDB,Davis
Q02750,7M0U,✅ Downloaded from PDB,Davis
Q02750,7M0V,✅ Downloaded from PDB,Davis
Q02750,7M0W,✅ Downloaded from PDB,Davis
Q02750,7M0X,✅ Downloaded from PDB,Davis
Q02750,7M0Y,✅ Downloaded from PDB,Davis
Q02750,7M0Z,"⚠️ PDB Exception: HTTPSConnectionPool(host='files.rcsb.org', port=443): Read timed out. (read timeout=10)",Davis
Q02750,7MFD,✅ Downloaded from PDB,Davis
Q02750,7PQV,✅ Downloaded from PDB,Davis
Q02750,7UMB,✅ Downloaded from PDB,Davis
Q02750,7XLP,✅ Downloaded from PDB,Davis
Q02750,7XNC,✅ Downloaded from PDB,Davis
Q02750,8CHF,✅ Downloaded from PDB,Davis
Q02750,8DGS,✅ Downloaded from PDB,Davis
Q02750,8DGT,✅ Downloaded from PDB,Davis
Q02750,9AXA,❌ PDB Download failed,Davis
Q02750,9AXC,❌ PDB Download failed,Davis
Q02750,9AXH,❌ PDB Download failed,Davis
Q02750,9AXM,❌ PDB Download failed,Davis
Q02750,9AXX,❌ PDB Download failed,Davis
Q02750,9AXY,❌ PDB Download failed,Davis
Q02750,9AY7,❌ PDB Download failed,Davis
Q02750,9AYA,❌ PDB Download failed,Davis
P36507,1S9I,✅ Downloaded from PDB,Davis
P36507,4H3Q,✅ Downloaded from PDB,Davis
P46734,AF-P46734-F1,✅ Downloaded from AlphaFold,Davis
P45985,3ALN,✅ Downloaded from PDB,Davis
P45985,3ALO,✅ Downloaded from PDB,Davis
P45985,3VUT,✅ Downloaded from PDB,Davis
Q13163,2NPT,✅ Downloaded from PDB,Davis
Q13163,2O2V,✅ Downloaded from PDB,Davis
Q13163,4IC7,✅ Downloaded from PDB,Davis
P52564,2Y8O,✅ Downloaded from PDB,Davis
P52564,3ENM,✅ Downloaded from PDB,Davis
P52564,3FME,✅ Downloaded from PDB,Davis
P52564,3VN9,✅ Downloaded from PDB,Davis
P52564,5ETF,✅ Downloaded from PDB,Davis
P52564,8A8M,✅ Downloaded from PDB,Davis
P52564,8P7J,"⚠️ PDB Exception: HTTPSConnectionPool(host='files.rcsb.org', port=443): Read timed out. (read timeout=10)",Davis
P52564,8PM3,✅ Downloaded from PDB,Davis
A0A0D9SFF9,AF-A0A0D9SFF9-F1,✅ Downloaded from AlphaFold,Davis
Q53R53,AF-Q53R53-F1,✅ Downloaded from AlphaFold,Davis
B5A931,AF-B5A931-F1,✅ Downloaded from AlphaFold,Davis
Q8NG69,AF-Q8NG69-F1,✅ Downloaded from AlphaFold,Davis
O14733,2DYL,✅ Downloaded from PDB,Davis
O14733,3WZU,✅ Downloaded from PDB,Davis
O14733,4UX9,✅ Downloaded from PDB,Davis
O14733,5B2K,✅ Downloaded from PDB,Davis
O14733,5B2L,✅ Downloaded from PDB,Davis
O14733,5B2M,✅ Downloaded from PDB,Davis
O14733,5Y8U,✅ Downloaded from PDB,Davis
O14733,5Y90,✅ Downloaded from PDB,Davis
O14733,5Z1D,✅ Downloaded from PDB,Davis
O14733,5Z1E,✅ Downloaded from PDB,Davis
O14733,6IB0,✅ Downloaded from PDB,Davis
O14733,6IB2,✅ Downloaded from PDB,Davis
O14733,6QFL,✅ Downloaded from PDB,Davis
O14733,6QFR,✅ Downloaded from PDB,Davis
O14733,6QFT,✅ Downloaded from PDB,Davis
O14733,6QG4,✅ Downloaded from PDB,Davis
O14733,6QG7,✅ Downloaded from PDB,Davis
O14733,6QHO,✅ Downloaded from PDB,Davis
O14733,6QHR,✅ Downloaded from PDB,Davis
O14733,6YFZ,✅ Downloaded from PDB,Davis
O14733,6YG0,✅ Downloaded from PDB,Davis
O14733,6YG1,✅ Downloaded from PDB,Davis
O14733,6YG2,✅ Downloaded from PDB,Davis
O14733,6YG3,✅ Downloaded from PDB,Davis
O14733,6YG4,✅ Downloaded from PDB,Davis
O14733,6YG5,✅ Downloaded from PDB,Davis
O14733,6YG6,✅ Downloaded from PDB,Davis
O14733,6YG7,✅ Downloaded from PDB,Davis
O14733,6YZ4,✅ Downloaded from PDB,Davis
O14733,7CBX,✅ Downloaded from PDB,Davis
O14733,7OVI,✅ Downloaded from PDB,Davis
O14733,7OVJ,✅ Downloaded from PDB,Davis
O14733,7OVK,✅ Downloaded from PDB,Davis
O14733,7OVL,✅ Downloaded from PDB,Davis
O14733,7OVM,✅ Downloaded from PDB,Davis
O14733,7OVN,✅ Downloaded from PDB,Davis
E9PIA0,AF-E9PIA0-F1,✅ Downloaded from AlphaFold,Davis
K7EIN7,AF-K7EIN7-F1,✅ Downloaded from AlphaFold,Davis
Q32MK0,AF-Q32MK0-F1,✅ Downloaded from AlphaFold,Davis
P80192,3DTC,✅ Downloaded from PDB,Davis
P80192,4UY9,✅ Downloaded from PDB,Davis
Q02779,2RF0,✅ Downloaded from PDB,Davis
Q16584,5K26,✅ Downloaded from PDB,Davis
Q16584,5K28,✅ Downloaded from PDB,Davis
Q16584,6AQB,✅ Downloaded from PDB,Davis
Q16584,6CQ7,✅ Downloaded from PDB,Davis
U6DL86,AF-U6DL86-F1,✅ Downloaded from AlphaFold,Davis
R0M6W4,AF-R0M6W4-F1,✅ Downloaded from AlphaFold,Davis
Q13188,3WWS,✅ Downloaded from PDB,Davis
Q13188,4HKD,✅ Downloaded from PDB,Davis
Q13188,4L0N,✅ Downloaded from PDB,Davis
Q13188,4LG4,✅ Downloaded from PDB,Davis
Q13188,4LGD,✅ Downloaded from PDB,Davis
Q13188,4OH9,✅ Downloaded from PDB,Davis
Q13188,5BRM,✅ Downloaded from PDB,Davis
Q13188,5DH3,✅ Downloaded from PDB,Davis
Q13188,6AO5,✅ Downloaded from PDB,Davis
Q13188,6AR2,✅ Downloaded from PDB,Davis
Q13188,8A66,✅ Downloaded from PDB,Davis
Q9Y6E0,3A7F,✅ Downloaded from PDB,Davis
Q9Y6E0,3A7G,✅ Downloaded from PDB,Davis
Q9Y6E0,3A7H,✅ Downloaded from PDB,Davis
Q9Y6E0,3A7I,✅ Downloaded from PDB,Davis
Q9Y6E0,3A7J,✅ Downloaded from PDB,Davis
Q9Y6E0,3CKW,✅ Downloaded from PDB,Davis
Q9Y6E0,3CKX,✅ Downloaded from PDB,Davis
Q9Y6E0,3ZHP,✅ Downloaded from PDB,Davis
Q9Y6E0,4O27,✅ Downloaded from PDB,Davis
Q9Y6E0,4QML,✅ Downloaded from PDB,Davis
Q9Y6E0,4QMM,✅ Downloaded from PDB,Davis
Q9Y6E0,4QMN,✅ Downloaded from PDB,Davis
Q9Y6E0,4QMO,✅ Downloaded from PDB,Davis
Q9Y6E0,4QMP,✅ Downloaded from PDB,Davis
Q9Y6E0,4QMQ,✅ Downloaded from PDB,Davis
Q9Y6E0,4QMS,✅ Downloaded from PDB,Davis
Q9Y6E0,4QMT,✅ Downloaded from PDB,Davis
Q9Y6E0,4QMU,✅ Downloaded from PDB,Davis
Q9Y6E0,4QMV,✅ Downloaded from PDB,Davis
Q9Y6E0,4QMW,✅ Downloaded from PDB,Davis
Q9Y6E0,4QMX,✅ Downloaded from PDB,Davis
Q9Y6E0,4QMY,✅ Downloaded from PDB,Davis
Q9Y6E0,4QMZ,✅ Downloaded from PDB,Davis
Q9Y6E0,4QNA,✅ Downloaded from PDB,Davis
Q9Y6E0,4QO9,✅ Downloaded from PDB,Davis
Q9Y6E0,4U8Z,✅ Downloaded from PDB,Davis
Q9Y6E0,4W8D,✅ Downloaded from PDB,Davis
Q9Y6E0,4W8E,✅ Downloaded from PDB,Davis
Q9Y6E0,7B30,✅ Downloaded from PDB,Davis
Q9Y6E0,7B31,✅ Downloaded from PDB,Davis
Q9Y6E0,7B32,✅ Downloaded from PDB,Davis
Q9Y6E0,7B33,✅ Downloaded from PDB,Davis
Q9Y6E0,7B34,✅ Downloaded from PDB,Davis
Q9Y6E0,7B35,✅ Downloaded from PDB,Davis
Q9Y6E0,8BZI,✅ Downloaded from PDB,Davis
Q9Y6E0,8BZJ,✅ Downloaded from PDB,Davis
Q9Y6E0,8QLQ,✅ Downloaded from PDB,Davis
Q9Y6E0,8QLR,✅ Downloaded from PDB,Davis
Q9Y6E0,8QLS,✅ Downloaded from PDB,Davis
Q9Y6E0,8QLT,✅ Downloaded from PDB,Davis
Q499L9,AF-Q499L9-F1,✅ Downloaded from AlphaFold,Davis
A0A8V8TRG9,8JCU,✅ Downloaded from PDB,Davis
A0A8V8TRG9,8JCV,✅ Downloaded from PDB,Davis
A0A8V8TRG9,8JCW,✅ Downloaded from PDB,Davis
A0A8V8TRG9,8JCX,✅ Downloaded from PDB,Davis
A0A8V8TRG9,8JCY,✅ Downloaded from PDB,Davis
A0A8V8TRG9,8JCZ,✅ Downloaded from PDB,Davis
A0A8V8TRG9,8JD0,✅ Downloaded from PDB,Davis
A0A8V8TRG9,8JD1,✅ Downloaded from PDB,Davis
A0A8V8TRG9,8JD2,✅ Downloaded from PDB,Davis
A0A8V8TRG9,8JD4,✅ Downloaded from PDB,Davis
O15146,8S9P,✅ Downloaded from PDB,Davis
Q9H1R3,2LV6,✅ Downloaded from PDB,Davis
Q9H1R3,3KF9,✅ Downloaded from PDB,Davis
Q0VD65,AF-Q0VD65-F1,✅ Downloaded from AlphaFold,Davis
Q53R82,AF-Q53R82-F1,✅ Downloaded from AlphaFold,Davis
Q15208,1PSB,✅ Downloaded from PDB,Davis
Q15208,6BXI,✅ Downloaded from PDB,Davis
Q9Y2H1,5XQZ,✅ Downloaded from PDB,Davis
D6RJF7,AF-D6RJF7-F1,✅ Downloaded from AlphaFold,Davis
F6U4U2,AF-F6U4U2-F1,✅ Downloaded from AlphaFold,Davis
A0A087WY58,AF-A0A087WY58-F1,✅ Downloaded from AlphaFold,Davis
Q05DF6,AF-Q05DF6-F1,✅ Downloaded from AlphaFold,Davis
Q6P3R8,AF-Q6P3R8-F1,✅ Downloaded from AlphaFold,Davis
Q5TBG4,AF-Q5TBG4-F1,✅ Downloaded from AlphaFold,Davis
F5H3U7,AF-F5H3U7-F1,✅ Downloaded from AlphaFold,Davis
A0A7I2V454,AF-A0A7I2V454-F1,✅ Downloaded from AlphaFold,Davis
Q8IY84,AF-Q8IY84-F1,✅ Downloaded from AlphaFold,Davis
H0YD75,AF-H0YD75-F1,✅ Downloaded from AlphaFold,Davis
Q8TAX0,AF-Q8TAX0-F1,✅ Downloaded from AlphaFold,Davis
Q13153,1F3M,✅ Downloaded from PDB,Davis
Q13153,1YHV,✅ Downloaded from PDB,Davis
Q13153,1YHW,✅ Downloaded from PDB,Davis
Q13153,1ZSG,✅ Downloaded from PDB,Davis
Q13153,2HY8,✅ Downloaded from PDB,Davis
Q13153,2QME,✅ Downloaded from PDB,Davis
Q13153,3DVP,✅ Downloaded from PDB,Davis
Q13153,3FXZ,✅ Downloaded from PDB,Davis
Q13153,3FY0,✅ Downloaded from PDB,Davis
Q13153,3Q4Z,✅ Downloaded from PDB,Davis
Q13153,3Q52,✅ Downloaded from PDB,Davis
Q13153,3Q53,✅ Downloaded from PDB,Davis
Q13153,4DAW,✅ Downloaded from PDB,Davis
Q13153,4EQC,✅ Downloaded from PDB,Davis
Q13153,4O0R,✅ Downloaded from PDB,Davis
Q13153,4O0T,✅ Downloaded from PDB,Davis
Q13153,4P90,✅ Downloaded from PDB,Davis
Q13153,4ZJI,✅ Downloaded from PDB,Davis
Q13153,4ZJJ,✅ Downloaded from PDB,Davis
Q13153,4ZLO,✅ Downloaded from PDB,Davis
Q13153,4ZY4,✅ Downloaded from PDB,Davis
Q13153,4ZY5,✅ Downloaded from PDB,Davis
Q13153,4ZY6,✅ Downloaded from PDB,Davis
Q13153,5DEW,✅ Downloaded from PDB,Davis
Q13153,5DEY,✅ Downloaded from PDB,Davis
Q13153,5DFP,✅ Downloaded from PDB,Davis
Q13153,5IME,✅ Downloaded from PDB,Davis
Q13153,5KBQ,✅ Downloaded from PDB,Davis
Q13153,5KBR,✅ Downloaded from PDB,Davis
Q13153,6B16,✅ Downloaded from PDB,Davis
Q13153,7VTO,✅ Downloaded from PDB,Davis
Q13153,8X5Z,✅ Downloaded from PDB,Davis
Q13177,3PCS,✅ Downloaded from PDB,Davis
O75914,6FD3,✅ Downloaded from PDB,Davis
M0R3G6,AF-M0R3G6-F1,✅ Downloaded from AlphaFold,Davis
H0YK38,AF-H0YK38-F1,✅ Downloaded from AlphaFold,Davis
Q9P286,2F57,✅ Downloaded from PDB,Davis
Q9P286,8C12,❌ PDB Download failed,Davis
Q9BRL4,AF-Q9BRL4-F1,✅ Downloaded from AlphaFold,Davis
Q00537,AF-Q00537-F1,✅ Downloaded from AlphaFold,Davis
Q9BWF9,AF-Q9BWF9-F1,✅ Downloaded from AlphaFold,Davis
D6RDX0,AF-D6RDX0-F1,✅ Downloaded from AlphaFold,Davis
E5RII0,AF-E5RII0-F1,✅ Downloaded from AlphaFold,Davis
Q9M9V8,AF-Q9M9V8-F1,✅ Downloaded from AlphaFold,Davis
Q07785,1OB3,✅ Downloaded from PDB,Davis
Q07785,1V0B,✅ Downloaded from PDB,Davis
Q07785,1V0O,✅ Downloaded from PDB,Davis
Q07785,1V0P,✅ Downloaded from PDB,Davis
Q96Q40,AF-Q96Q40-F1,✅ Downloaded from AlphaFold,Davis
O94921,AF-O94921-F1,✅ Downloaded from AlphaFold,Davis
C9J2Q6,AF-C9J2Q6-F1,✅ Downloaded from AlphaFold,Davis
H3BP07,AF-H3BP07-F1,✅ Downloaded from AlphaFold,Davis
A0A2P0XI22,AF-A0A2P0XI22-F1,✅ Downloaded from AlphaFold,Davis
A0A2K8FKQ1,AF-A0A2K8FKQ1-F1,✅ Downloaded from AlphaFold,Davis
P48736,1E8Y,✅ Downloaded from PDB,Davis
P48736,1E8Z,✅ Downloaded from PDB,Davis
P48736,1HE8,✅ Downloaded from PDB,Davis
P48736,2A4Z,✅ Downloaded from PDB,Davis
P48736,2A5U,✅ Downloaded from PDB,Davis
P48736,2CHW,✅ Downloaded from PDB,Davis
P48736,2CHX,✅ Downloaded from PDB,Davis
P48736,2CHZ,✅ Downloaded from PDB,Davis
P48736,2V4L,✅ Downloaded from PDB,Davis
P48736,3APC,✅ Downloaded from PDB,Davis
P48736,3APD,✅ Downloaded from PDB,Davis
P48736,3APF,✅ Downloaded from PDB,Davis
P48736,3CSF,✅ Downloaded from PDB,Davis
P48736,3CST,✅ Downloaded from PDB,Davis
P48736,3DBS,✅ Downloaded from PDB,Davis
P48736,3DPD,✅ Downloaded from PDB,Davis
P48736,3ENE,✅ Downloaded from PDB,Davis
P48736,3IBE,✅ Downloaded from PDB,Davis
P48736,3L08,✅ Downloaded from PDB,Davis
P48736,3L13,✅ Downloaded from PDB,Davis
P48736,3L16,✅ Downloaded from PDB,Davis
P48736,3L17,✅ Downloaded from PDB,Davis
P48736,3L54,✅ Downloaded from PDB,Davis
P48736,3LJ3,✅ Downloaded from PDB,Davis
P48736,3MJW,✅ Downloaded from PDB,Davis
P48736,3ML8,✅ Downloaded from PDB,Davis
P48736,3ML9,✅ Downloaded from PDB,Davis
P48736,3NZS,✅ Downloaded from PDB,Davis
P48736,3NZU,✅ Downloaded from PDB,Davis
P48736,3OAW,✅ Downloaded from PDB,Davis
P48736,3P2B,✅ Downloaded from PDB,Davis
P48736,3PRE,✅ Downloaded from PDB,Davis
P48736,3PRZ,✅ Downloaded from PDB,Davis
P48736,3PS6,✅ Downloaded from PDB,Davis
P48736,3QAQ,✅ Downloaded from PDB,Davis
P48736,3QAR,✅ Downloaded from PDB,Davis
P48736,3QJZ,✅ Downloaded from PDB,Davis
P48736,3QK0,✅ Downloaded from PDB,Davis
P48736,3R7Q,✅ Downloaded from PDB,Davis
P48736,3R7R,✅ Downloaded from PDB,Davis
P48736,3S2A,✅ Downloaded from PDB,Davis
P48736,3SD5,✅ Downloaded from PDB,Davis
P48736,3T8M,✅ Downloaded from PDB,Davis
P48736,3TJP,✅ Downloaded from PDB,Davis
P48736,3TL5,"⚠️ PDB Exception: HTTPSConnectionPool(host='files.rcsb.org', port=443): Read timed out. (read timeout=10)",Davis
P48736,3ZVV,✅ Downloaded from PDB,Davis
P48736,3ZW3,✅ Downloaded from PDB,Davis
P48736,4ANU,✅ Downloaded from PDB,Davis
P48736,4ANV,✅ Downloaded from PDB,Davis
P48736,4ANW,✅ Downloaded from PDB,Davis
P48736,4ANX,"⚠️ PDB Exception: HTTPSConnectionPool(host='files.rcsb.org', port=443): Read timed out. (read timeout=10)",Davis
P48736,4AOF,✅ Downloaded from PDB,Davis
P48736,4DK5,✅ Downloaded from PDB,Davis
P48736,4EZJ,✅ Downloaded from PDB,Davis
P48736,4EZK,✅ Downloaded from PDB,Davis
P48736,4EZL,✅ Downloaded from PDB,Davis
P48736,4F1S,✅ Downloaded from PDB,Davis
P48736,4FA6,✅ Downloaded from PDB,Davis
P48736,4FAD,✅ Downloaded from PDB,Davis
P48736,4FHJ,✅ Downloaded from PDB,Davis
P48736,4FHK,✅ Downloaded from PDB,Davis
P48736,4FJY,✅ Downloaded from PDB,Davis
P48736,4FJZ,✅ Downloaded from PDB,Davis
P48736,4FLH,✅ Downloaded from PDB,Davis
P48736,4FUL,✅ Downloaded from PDB,Davis
P48736,4G11,✅ Downloaded from PDB,Davis
P48736,4GB9,"⚠️ PDB Exception: HTTPSConnectionPool(host='files.rcsb.org', port=443): Read timed out. (read timeout=10)",Davis
P48736,4HLE,✅ Downloaded from PDB,Davis
P48736,4HVB,✅ Downloaded from PDB,Davis
P48736,4J6I,✅ Downloaded from PDB,Davis
P48736,4KZ0,✅ Downloaded from PDB,Davis
P48736,4KZC,✅ Downloaded from PDB,Davis
P48736,4PS3,"⚠️ PDB Exception: HTTPSConnectionPool(host='files.rcsb.org', port=443): Max retries exceeded with url: /download/4PS3.pdb (Caused by SSLError(SSLEOFError(8, '[SSL: UNEXPECTED_EOF_WHILE_READING] EOF occurred in violation of protocol (_ssl.c:1006)')))",Davis
P48736,4PS7,✅ Downloaded from PDB,Davis
P48736,4PS8,✅ Downloaded from PDB,Davis
P48736,4URK,"⚠️ PDB Exception: HTTPSConnectionPool(host='files.rcsb.org', port=443): Read timed out. (read timeout=10)",Davis
P48736,4WWN,✅ Downloaded from PDB,Davis
P48736,4WWO,✅ Downloaded from PDB,Davis
P48736,4WWP,✅ Downloaded from PDB,Davis
P48736,4XX5,✅ Downloaded from PDB,Davis
P48736,4XZ4,✅ Downloaded from PDB,Davis
P48736,5EDS,✅ Downloaded from PDB,Davis
P48736,5G2N,✅ Downloaded from PDB,Davis
P48736,5G55,✅ Downloaded from PDB,Davis
P48736,5JHA,✅ Downloaded from PDB,Davis
P48736,5JHB,✅ Downloaded from PDB,Davis
P48736,5KAE,✅ Downloaded from PDB,Davis
P48736,5OQ4,✅ Downloaded from PDB,Davis
P48736,5T23,✅ Downloaded from PDB,Davis
P48736,6AUD,✅ Downloaded from PDB,Davis
P48736,6C1S,✅ Downloaded from PDB,Davis
P48736,6FH5,✅ Downloaded from PDB,Davis
P48736,6GQ7,✅ Downloaded from PDB,Davis
P48736,6T3B,✅ Downloaded from PDB,Davis
P48736,6T3C,✅ Downloaded from PDB,Davis
P48736,6XRL,✅ Downloaded from PDB,Davis
P48736,6XRM,✅ Downloaded from PDB,Davis
P48736,6XRN,✅ Downloaded from PDB,Davis
P48736,7JWE,✅ Downloaded from PDB,Davis
P48736,7JWZ,✅ Downloaded from PDB,Davis
P48736,7JX0,✅ Downloaded from PDB,Davis
P48736,7KKE,✅ Downloaded from PDB,Davis
P48736,7MEZ,✅ Downloaded from PDB,Davis
P48736,7Z61,✅ Downloaded from PDB,Davis
P48736,8DP0,✅ Downloaded from PDB,Davis
P48736,8SC8,✅ Downloaded from PDB,Davis
P11309,1XQZ,✅ Downloaded from PDB,Davis
P11309,1XR1,✅ Downloaded from PDB,Davis
P11309,1XWS,✅ Downloaded from PDB,Davis
P11309,1YHS,✅ Downloaded from PDB,Davis
P11309,1YI3,✅ Downloaded from PDB,Davis
P11309,1YI4,✅ Downloaded from PDB,Davis
P11309,1YWV,✅ Downloaded from PDB,Davis
P11309,1YXS,✅ Downloaded from PDB,Davis
P11309,1YXT,✅ Downloaded from PDB,Davis
P11309,1YXU,✅ Downloaded from PDB,Davis
P11309,1YXV,✅ Downloaded from PDB,Davis
P11309,1YXX,✅ Downloaded from PDB,Davis
P11309,2BIK,✅ Downloaded from PDB,Davis
P11309,2BIL,✅ Downloaded from PDB,Davis
P11309,2BZH,✅ Downloaded from PDB,Davis
P11309,2BZI,✅ Downloaded from PDB,Davis
P11309,2BZJ,✅ Downloaded from PDB,Davis
P11309,2BZK,✅ Downloaded from PDB,Davis
P11309,2C3I,✅ Downloaded from PDB,Davis
P11309,2J2I,✅ Downloaded from PDB,Davis
P11309,2O3P,✅ Downloaded from PDB,Davis
P11309,2O63,✅ Downloaded from PDB,Davis
P11309,2O64,✅ Downloaded from PDB,Davis
P11309,2O65,✅ Downloaded from PDB,Davis
P11309,2OBJ,✅ Downloaded from PDB,Davis
P11309,2OI4,✅ Downloaded from PDB,Davis
P11309,2XIX,✅ Downloaded from PDB,Davis
P11309,2XIY,✅ Downloaded from PDB,Davis
P11309,2XIZ,✅ Downloaded from PDB,Davis
P11309,2XJ0,✅ Downloaded from PDB,Davis
P11309,2XJ1,✅ Downloaded from PDB,Davis
P11309,2XJ2,✅ Downloaded from PDB,Davis
P11309,3A99,✅ Downloaded from PDB,Davis
P11309,3BGP,✅ Downloaded from PDB,Davis
P11309,3BGQ,✅ Downloaded from PDB,Davis
P11309,3BGZ,✅ Downloaded from PDB,Davis
P11309,3BWF,✅ Downloaded from PDB,Davis
P11309,3C4E,✅ Downloaded from PDB,Davis
P11309,3CXW,✅ Downloaded from PDB,Davis
P11309,3CY2,✅ Downloaded from PDB,Davis
P11309,3CY3,✅ Downloaded from PDB,Davis
P11309,3DCV,✅ Downloaded from PDB,Davis
P11309,3F2A,✅ Downloaded from PDB,Davis
P11309,3JPV,✅ Downloaded from PDB,Davis
P11309,3JXW,✅ Downloaded from PDB,Davis
P11309,3JY0,✅ Downloaded from PDB,Davis
P11309,3JYA,✅ Downloaded from PDB,Davis
P11309,3MA3,✅ Downloaded from PDB,Davis
P11309,3QF9,✅ Downloaded from PDB,Davis
P11309,3R00,✅ Downloaded from PDB,Davis
P11309,3R01,✅ Downloaded from PDB,Davis
P11309,3R02,✅ Downloaded from PDB,Davis
P11309,3R04,✅ Downloaded from PDB,Davis
P11309,3T9I,✅ Downloaded from PDB,Davis
P11309,3UIX,✅ Downloaded from PDB,Davis
P11309,3UMW,✅ Downloaded from PDB,Davis
P11309,3UMX,✅ Downloaded from PDB,Davis
P11309,3VBQ,✅ Downloaded from PDB,Davis
P11309,3VBT,✅ Downloaded from PDB,Davis
P11309,3VBV,✅ Downloaded from PDB,Davis
P11309,3VBW,✅ Downloaded from PDB,Davis
P11309,3VBX,✅ Downloaded from PDB,Davis
P11309,3VBY,✅ Downloaded from PDB,Davis
P11309,3VC4,✅ Downloaded from PDB,Davis
P11309,3WE8,✅ Downloaded from PDB,Davis
P11309,4A7C,✅ Downloaded from PDB,Davis
P11309,4ALU,✅ Downloaded from PDB,Davis
P11309,4ALV,✅ Downloaded from PDB,Davis
P11309,4ALW,✅ Downloaded from PDB,Davis
P11309,4AS0,✅ Downloaded from PDB,Davis
P11309,4BZN,✅ Downloaded from PDB,Davis
P11309,4BZO,✅ Downloaded from PDB,Davis
P11309,4DTK,✅ Downloaded from PDB,Davis
P11309,4ENX,✅ Downloaded from PDB,Davis
P11309,4ENY,✅ Downloaded from PDB,Davis
P11309,4GW8,✅ Downloaded from PDB,Davis
P11309,4I41,✅ Downloaded from PDB,Davis
P11309,4IAA,✅ Downloaded from PDB,Davis
P11309,4JX3,✅ Downloaded from PDB,Davis
P11309,4JX7,✅ Downloaded from PDB,Davis
P11309,4K0Y,✅ Downloaded from PDB,Davis
P11309,4K18,✅ Downloaded from PDB,Davis
P11309,4K1B,✅ Downloaded from PDB,Davis
P11309,4LL5,✅ Downloaded from PDB,Davis
P11309,4LM5,✅ Downloaded from PDB,Davis
P11309,4LMU,✅ Downloaded from PDB,Davis
P11309,4MBI,✅ Downloaded from PDB,Davis
P11309,4MBL,✅ Downloaded from PDB,Davis
P11309,4MTA,✅ Downloaded from PDB,Davis
P11309,4N6Y,✅ Downloaded from PDB,Davis
P11309,4N6Z,✅ Downloaded from PDB,Davis
P11309,4N70,✅ Downloaded from PDB,Davis
P11309,4RBL,✅ Downloaded from PDB,Davis
P11309,4RC2,✅ Downloaded from PDB,Davis
P11309,4RC3,✅ Downloaded from PDB,Davis
P11309,4RC4,✅ Downloaded from PDB,Davis
P11309,4RPV,✅ Downloaded from PDB,Davis
P11309,4TY1,✅ Downloaded from PDB,Davis
P11309,4WRS,✅ Downloaded from PDB,Davis
P11309,4WSY,✅ Downloaded from PDB,Davis
P11309,4WT6,✅ Downloaded from PDB,Davis
P11309,4XH6,✅ Downloaded from PDB,Davis
P11309,4XHK,✅ Downloaded from PDB,Davis
P11309,5C1Q,✅ Downloaded from PDB,Davis
P11309,5DGZ,✅ Downloaded from PDB,Davis
P11309,5DHJ,✅ Downloaded from PDB,Davis
P11309,5DIA,✅ Downloaded from PDB,Davis
P11309,5DWR,✅ Downloaded from PDB,Davis
P11309,5EOL,✅ Downloaded from PDB,Davis
P11309,5IIS,✅ Downloaded from PDB,Davis
P11309,5IPJ,✅ Downloaded from PDB,Davis
P11309,5KCX,✅ Downloaded from PDB,Davis
P11309,5KGD,✅ Downloaded from PDB,Davis
P11309,5KGE,✅ Downloaded from PDB,Davis
P11309,5KGG,✅ Downloaded from PDB,Davis
P11309,5KGI,✅ Downloaded from PDB,Davis
P11309,5KGK,✅ Downloaded from PDB,Davis
P11309,5KZI,✅ Downloaded from PDB,Davis
P11309,5MZL,✅ Downloaded from PDB,Davis
P11309,5N4N,✅ Downloaded from PDB,Davis
P11309,5N4O,✅ Downloaded from PDB,Davis
P11309,5N4R,✅ Downloaded from PDB,Davis
P11309,5N4U,✅ Downloaded from PDB,Davis
P11309,5N4V,✅ Downloaded from PDB,Davis
P11309,5N4X,✅ Downloaded from PDB,Davis
P11309,5N4Y,✅ Downloaded from PDB,Davis
P11309,5N4Z,✅ Downloaded from PDB,Davis
P11309,5N50,✅ Downloaded from PDB,Davis
P11309,5N51,✅ Downloaded from PDB,Davis
P11309,5N52,✅ Downloaded from PDB,Davis
P11309,5N5L,✅ Downloaded from PDB,Davis
P11309,5N5M,✅ Downloaded from PDB,Davis
P11309,5NDT,✅ Downloaded from PDB,Davis
P11309,5O11,✅ Downloaded from PDB,Davis
P11309,5O12,✅ Downloaded from PDB,Davis
P11309,5O13,✅ Downloaded from PDB,Davis
P11309,5TEL,✅ Downloaded from PDB,Davis
P11309,5TEX,✅ Downloaded from PDB,Davis
P11309,5TOE,✅ Downloaded from PDB,Davis
P11309,5TUR,✅ Downloaded from PDB,Davis
P11309,5V80,✅ Downloaded from PDB,Davis
P11309,5V82,✅ Downloaded from PDB,Davis
P11309,5VUA,✅ Downloaded from PDB,Davis
P11309,5VUB,✅ Downloaded from PDB,Davis
P11309,5VUC,✅ Downloaded from PDB,Davis
P11309,6AYD,✅ Downloaded from PDB,Davis
P11309,6BSK,✅ Downloaded from PDB,Davis
P11309,6KZI,✅ Downloaded from PDB,Davis
P11309,6L11,✅ Downloaded from PDB,Davis
P11309,6L12,✅ Downloaded from PDB,Davis
P11309,6L13,✅ Downloaded from PDB,Davis
P11309,6L14,✅ Downloaded from PDB,Davis
P11309,6L15,✅ Downloaded from PDB,Davis
P11309,6L16,✅ Downloaded from PDB,Davis
P11309,6L17,✅ Downloaded from PDB,Davis
P11309,6MT0,✅ Downloaded from PDB,Davis
P11309,6NO8,✅ Downloaded from PDB,Davis
P11309,6NO9,✅ Downloaded from PDB,Davis
P11309,6PCW,✅ Downloaded from PDB,Davis
P11309,6PDI,✅ Downloaded from PDB,Davis
P11309,6PDN,✅ Downloaded from PDB,Davis
P11309,6PDO,✅ Downloaded from PDB,Davis
P11309,6PDP,✅ Downloaded from PDB,Davis
P11309,6QXK,✅ Downloaded from PDB,Davis
P11309,6VRU,✅ Downloaded from PDB,Davis
P11309,6VRV,✅ Downloaded from PDB,Davis
P11309,6YKD,✅ Downloaded from PDB,Davis
P11309,7OOV,✅ Downloaded from PDB,Davis
P11309,7OOW,✅ Downloaded from PDB,Davis
P11309,7OOX,✅ Downloaded from PDB,Davis
P11309,7QB2,✅ Downloaded from PDB,Davis
P11309,7QFM,✅ Downloaded from PDB,Davis
P11309,7VSY,✅ Downloaded from PDB,Davis
P11309,7XSV,✅ Downloaded from PDB,Davis
P11309,7Z6U,✅ Downloaded from PDB,Davis
P11309,7ZUN,✅ Downloaded from PDB,Davis
P11309,8AFR,✅ Downloaded from PDB,Davis
P11309,8R10,✅ Downloaded from PDB,Davis
P11309,8R18,✅ Downloaded from PDB,Davis
P11309,8R1N,✅ Downloaded from PDB,Davis
P11309,8R1P,✅ Downloaded from PDB,Davis
P11309,8R1T,✅ Downloaded from PDB,Davis
Q86V86,AF-Q86V86-F1,✅ Downloaded from AlphaFold,Davis
Q99755,AF-Q99755-F1,✅ Downloaded from AlphaFold,Davis
A0A7P0T808,AF-A0A7P0T808-F1,✅ Downloaded from AlphaFold,Davis
P78356,1BO1,✅ Downloaded from PDB,Davis
P78356,3WZZ,✅ Downloaded from PDB,Davis
P78356,3X01,✅ Downloaded from PDB,Davis
P78356,3X02,✅ Downloaded from PDB,Davis
P78356,3X03,✅ Downloaded from PDB,Davis
P78356,3X04,✅ Downloaded from PDB,Davis
P78356,3X05,✅ Downloaded from PDB,Davis
P78356,3X06,✅ Downloaded from PDB,Davis
P78356,3X07,✅ Downloaded from PDB,Davis
P78356,3X08,✅ Downloaded from PDB,Davis
P78356,3X09,✅ Downloaded from PDB,Davis
P78356,3X0A,✅ Downloaded from PDB,Davis
P78356,3X0B,✅ Downloaded from PDB,Davis
P78356,3X0C,✅ Downloaded from PDB,Davis
P78356,6K4G,✅ Downloaded from PDB,Davis
P78356,6K4H,✅ Downloaded from PDB,Davis
P78356,7EM1,✅ Downloaded from PDB,Davis
P78356,7EM2,✅ Downloaded from PDB,Davis
P78356,7EM3,✅ Downloaded from PDB,Davis
P78356,7EM4,✅ Downloaded from PDB,Davis
P78356,7EM5,✅ Downloaded from PDB,Davis
P78356,7EM6,✅ Downloaded from PDB,Davis
P78356,7EM7,✅ Downloaded from PDB,Davis
P78356,7EM8,✅ Downloaded from PDB,Davis
P78356,7N80,✅ Downloaded from PDB,Davis
P78356,7N81,✅ Downloaded from PDB,Davis
Q8TBX8,2GK9,✅ Downloaded from PDB,Davis
Q8TBX8,7QIE,✅ Downloaded from PDB,Davis
Q8TBX8,7QPN,✅ Downloaded from PDB,Davis
Q8TBX8,8BQ4,✅ Downloaded from PDB,Davis
P17612,2GU8,✅ Downloaded from PDB,Davis
P17612,3AGL,✅ Downloaded from PDB,Davis
P17612,3AGM,✅ Downloaded from PDB,Davis
P17612,3AMA,✅ Downloaded from PDB,Davis
P17612,3AMB,✅ Downloaded from PDB,Davis
P17612,3L9L,✅ Downloaded from PDB,Davis
P17612,3L9M,✅ Downloaded from PDB,Davis
P17612,3L9N,✅ Downloaded from PDB,Davis
P17612,3MVJ,✅ Downloaded from PDB,Davis
P17612,3NX8,✅ Downloaded from PDB,Davis
P17612,3OOG,✅ Downloaded from PDB,Davis
P17612,3OVV,✅ Downloaded from PDB,Davis
P17612,3OWP,✅ Downloaded from PDB,Davis
P17612,3OXT,✅ Downloaded from PDB,Davis
P17612,3P0M,✅ Downloaded from PDB,Davis
P17612,3POO,✅ Downloaded from PDB,Davis
P17612,3VQH,✅ Downloaded from PDB,Davis
P17612,4AE6,✅ Downloaded from PDB,Davis
P17612,4AE9,✅ Downloaded from PDB,Davis
P17612,4UJ1,✅ Downloaded from PDB,Davis
P17612,4UJ2,✅ Downloaded from PDB,Davis
P17612,4UJ9,✅ Downloaded from PDB,Davis
P17612,4UJA,✅ Downloaded from PDB,Davis
P17612,4UJB,✅ Downloaded from PDB,Davis
P17612,4WB5,✅ Downloaded from PDB,Davis
P17612,4WB6,✅ Downloaded from PDB,Davis
P17612,4WB7,✅ Downloaded from PDB,Davis
P17612,4WB8,✅ Downloaded from PDB,Davis
P17612,5BX6,✅ Downloaded from PDB,Davis
P17612,5BX7,✅ Downloaded from PDB,Davis
P17612,5IZF,✅ Downloaded from PDB,Davis
P17612,5IZJ,✅ Downloaded from PDB,Davis
P17612,5J5X,✅ Downloaded from PDB,Davis
P17612,5N23,✅ Downloaded from PDB,Davis
P17612,5UZK,✅ Downloaded from PDB,Davis
P17612,6BYR,✅ Downloaded from PDB,Davis
P17612,6BYS,✅ Downloaded from PDB,Davis
P17612,6C0U,✅ Downloaded from PDB,Davis
P17612,6FRX,✅ Downloaded from PDB,Davis
P17612,6NO7,✅ Downloaded from PDB,Davis
P17612,6QJ7,✅ Downloaded from PDB,Davis
P17612,6WJF,✅ Downloaded from PDB,Davis
P17612,6WJG,✅ Downloaded from PDB,Davis
P17612,7Y1G,✅ Downloaded from PDB,Davis
P17612,8FE2,✅ Downloaded from PDB,Davis
P17612,8FE5,✅ Downloaded from PDB,Davis
P17612,8FEC,✅ Downloaded from PDB,Davis
P17612,8X5L,✅ Downloaded from PDB,Davis
P22694,AF-P22694-F1,✅ Downloaded from AlphaFold,Davis
I3L136,AF-I3L136-F1,✅ Downloaded from AlphaFold,Davis
K7EN76,AF-K7EN76-F1,✅ Downloaded from AlphaFold,Davis
P9WI80,AF-P9WI80-F1,✅ Downloaded from AlphaFold,Davis
I3L309,AF-I3L309-F1,✅ Downloaded from AlphaFold,Davis
A0A087WUH9,AF-A0A087WUH9-F1,✅ Downloaded from AlphaFold,Davis
Q9H4B4,4B6L,✅ Downloaded from PDB,Davis
J3KR82,AF-J3KR82-F1,✅ Downloaded from AlphaFold,Davis
C9J9P1,AF-C9J9P1-F1,✅ Downloaded from AlphaFold,Davis
Q53RT0,AF-Q53RT0-F1,✅ Downloaded from AlphaFold,Davis
B5BU77,AF-B5BU77-F1,✅ Downloaded from AlphaFold,Davis
B5BUK7,AF-B5BUK7-F1,✅ Downloaded from AlphaFold,Davis
Q04759,1XJD,✅ Downloaded from PDB,Davis
Q04759,2ENJ,✅ Downloaded from PDB,Davis
Q04759,2ENN,✅ Downloaded from PDB,Davis
Q04759,2ENZ,✅ Downloaded from PDB,Davis
Q04759,2JED,✅ Downloaded from PDB,Davis
Q04759,4Q9Z,✅ Downloaded from PDB,Davis
Q04759,4RA5,✅ Downloaded from PDB,Davis
Q04759,5F9E,✅ Downloaded from PDB,Davis
F8WBA3,AF-F8WBA3-F1,✅ Downloaded from AlphaFold,Davis
A0JLT6,AF-A0JLT6-F1,✅ Downloaded from AlphaFold,Davis
H7C172,AF-H7C172-F1,✅ Downloaded from AlphaFold,Davis
A0A2R8YH74,AF-A0A2R8YH74-F1,✅ Downloaded from AlphaFold,Davis
B7ZA25,AF-B7ZA25-F1,✅ Downloaded from AlphaFold,Davis
P19525,1QU6,✅ Downloaded from PDB,Davis
P19525,2A19,✅ Downloaded from PDB,Davis
P19525,2A1A,✅ Downloaded from PDB,Davis
P19525,3UIU,✅ Downloaded from PDB,Davis
P19525,6D3K,✅ Downloaded from PDB,Davis
P19525,6D3L,✅ Downloaded from PDB,Davis
P19525,7OBK,✅ Downloaded from PDB,Davis
P19525,7OBL,✅ Downloaded from PDB,Davis
P19525,8BI7,✅ Downloaded from PDB,Davis
P19525,8I9J,✅ Downloaded from PDB,Davis
P19525,8IZN,✅ Downloaded from PDB,Davis
P51817,AF-P51817-F1,✅ Downloaded from AlphaFold,Davis
O43172,1MZW,✅ Downloaded from PDB,Davis
O43172,3JCR,✅ Downloaded from PDB,Davis
O43172,5O9Z,✅ Downloaded from PDB,Davis
O43172,6AH0,✅ Downloaded from PDB,Davis
O43172,6AHD,❌ PDB Download failed,Davis
O43172,6QW6,❌ PDB Download failed,Davis
O43172,6QX9,❌ PDB Download failed,Davis
O43172,8H6E,❌ PDB Download failed,Davis
O43172,8H6J,❌ PDB Download failed,Davis
O43172,8H6K,❌ PDB Download failed,Davis
O43172,8H6L,❌ PDB Download failed,Davis
O43172,8Q7N,✅ Downloaded from PDB,Davis
O43172,8QO9,❌ PDB Download failed,Davis
O43172,8QOZ,✅ Downloaded from PDB,Davis
O43172,8QPA,✅ Downloaded from PDB,Davis
O43172,8QPB,✅ Downloaded from PDB,Davis
O43172,8QPE,❌ PDB Download failed,Davis
O43172,8QXD,❌ PDB Download failed,Davis
O43172,8QZS,❌ PDB Download failed,Davis
O43172,8R08,❌ PDB Download failed,Davis
O43172,8R09,❌ PDB Download failed,Davis
O43172,8R0A,❌ PDB Download failed,Davis
O43172,8R0B,❌ PDB Download failed,Davis
O43172,8RM5,❌ PDB Download failed,Davis
O43172,8Y6O,❌ PDB Download failed,Davis
Q14289,2LK4,✅ Downloaded from PDB,Davis
Q14289,3CC6,✅ Downloaded from PDB,Davis
Q14289,3ET7,✅ Downloaded from PDB,Davis
Q14289,3FZO,✅ Downloaded from PDB,Davis
Q14289,3FZP,✅ Downloaded from PDB,Davis
Q14289,3FZR,✅ Downloaded from PDB,Davis
Q14289,3FZS,✅ Downloaded from PDB,Davis
Q14289,3FZT,✅ Downloaded from PDB,Davis
Q14289,3GM1,✅ Downloaded from PDB,Davis
Q14289,3GM2,✅ Downloaded from PDB,Davis
Q14289,3GM3,✅ Downloaded from PDB,Davis
Q14289,3H3C,✅ Downloaded from PDB,Davis
Q14289,3U3F,✅ Downloaded from PDB,Davis
Q14289,4EKU,✅ Downloaded from PDB,Davis
Q14289,4H1J,✅ Downloaded from PDB,Davis
Q14289,4H1M,✅ Downloaded from PDB,Davis
Q14289,4R32,✅ Downloaded from PDB,Davis
Q14289,4XEF,✅ Downloaded from PDB,Davis
Q14289,4XEK,✅ Downloaded from PDB,Davis
Q14289,4XEV,✅ Downloaded from PDB,Davis
Q14289,5TO8,✅ Downloaded from PDB,Davis
Q14289,5TOB,✅ Downloaded from PDB,Davis
Q14289,6LF3,✅ Downloaded from PDB,Davis
Q14289,7PLL,✅ Downloaded from PDB,Davis
Q14289,8XOX,✅ Downloaded from PDB,Davis
Q14289,8YGX,✅ Downloaded from PDB,Davis
Q9Y2K2,8OKU,✅ Downloaded from PDB,Davis
Q9Y2K2,8R4O,✅ Downloaded from PDB,Davis
Q9Y2K2,8R4Q,✅ Downloaded from PDB,Davis
Q9Y2K2,8R4U,✅ Downloaded from PDB,Davis
Q9Y2K2,8R4V,✅ Downloaded from PDB,Davis
H7C155,AF-H7C155-F1,✅ Downloaded from AlphaFold,Davis
Q9UE13,AF-Q9UE13-F1,✅ Downloaded from AlphaFold,Davis
E9PFQ8,AF-E9PFQ8-F1,✅ Downloaded from AlphaFold,Davis
I6L994,AF-I6L994-F1,✅ Downloaded from AlphaFold,Davis
A0A7I2V404,AF-A0A7I2V404-F1,✅ Downloaded from AlphaFold,Davis
E7ERW9,AF-E7ERW9-F1,✅ Downloaded from AlphaFold,Davis
Q2TB16,AF-Q2TB16-F1,✅ Downloaded from AlphaFold,Davis
Q6XUX3,AF-Q6XUX3-F1,✅ Downloaded from AlphaFold,Davis
A0A0U1RQV4,AF-A0A0U1RQV4-F1,✅ Downloaded from AlphaFold,Davis
H0Y3T9,AF-H0Y3T9-F1,✅ Downloaded from AlphaFold,Davis
O75676,AF-O75676-F1,✅ Downloaded from AlphaFold,Davis
O75582,1VZO,✅ Downloaded from PDB,Davis
O75582,3KN5,✅ Downloaded from PDB,Davis
O75582,3KN6,✅ Downloaded from PDB,Davis
O75582,7UP4,✅ Downloaded from PDB,Davis
O75582,7UP5,✅ Downloaded from PDB,Davis
O75582,7UP6,"⚠️ PDB Exception: HTTPSConnectionPool(host='files.rcsb.org', port=443): Read timed out. (read timeout=10)",Davis
O75582,7UP7,✅ Downloaded from PDB,Davis
O75582,7UP8,✅ Downloaded from PDB,Davis
Q15418,2WNT,✅ Downloaded from PDB,Davis
Q15418,2Z7Q,✅ Downloaded from PDB,Davis
Q15418,2Z7R,✅ Downloaded from PDB,Davis
Q15418,2Z7S,✅ Downloaded from PDB,Davis
Q15418,3RNY,✅ Downloaded from PDB,Davis
Q15418,3TEI,✅ Downloaded from PDB,Davis
Q15418,4H3P,✅ Downloaded from PDB,Davis
Q15418,4NIF,✅ Downloaded from PDB,Davis
Q15418,5CSF,✅ Downloaded from PDB,Davis
Q15418,5CSI,✅ Downloaded from PDB,Davis
Q15418,5CSJ,✅ Downloaded from PDB,Davis
Q15418,5CSN,✅ Downloaded from PDB,Davis
Q15418,5N7D,"⚠️ PDB Exception: HTTPSConnectionPool(host='files.rcsb.org', port=443): Read timed out. (read timeout=10)",Davis
Q15418,5N7F,✅ Downloaded from PDB,Davis
Q15418,5N7G,✅ Downloaded from PDB,Davis
Q15418,5V61,✅ Downloaded from PDB,Davis
Q15418,5V62,✅ Downloaded from PDB,Davis
Q15418,6TWY,✅ Downloaded from PDB,Davis
Q15418,7P74,✅ Downloaded from PDB,Davis
Q15418,7PC8,✅ Downloaded from PDB,Davis
Q15418,7QQL,✅ Downloaded from PDB,Davis
Q15418,8WF4,✅ Downloaded from PDB,Davis
Q15418,8XOV,✅ Downloaded from PDB,Davis
Q15349,AF-Q15349-F1,✅ Downloaded from AlphaFold,Davis
P51812,4D9T,✅ Downloaded from PDB,Davis
P51812,4D9U,✅ Downloaded from PDB,Davis
P51812,4JG6,✅ Downloaded from PDB,Davis
P51812,4JG7,✅ Downloaded from PDB,Davis
P51812,4JG8,✅ Downloaded from PDB,Davis
P51812,4NUS,✅ Downloaded from PDB,Davis
P51812,4NW5,✅ Downloaded from PDB,Davis
P51812,4NW6,✅ Downloaded from PDB,Davis
P51812,5D9K,✅ Downloaded from PDB,Davis
P51812,5D9L,✅ Downloaded from PDB,Davis
P51812,7OPO,✅ Downloaded from PDB,Davis
P51812,8EQ5,✅ Downloaded from PDB,Davis
P51812,8XEY,✅ Downloaded from PDB,Davis
P51812,8XFY,❌ PDB Download failed,Davis
Q9UK32,6G76,✅ Downloaded from PDB,Davis
Q9UK32,6G77,✅ Downloaded from PDB,Davis
Q9UK32,6G78,✅ Downloaded from PDB,Davis
P42818,AF-P42818-F1,✅ Downloaded from AlphaFold,Davis
Q52WX2,AF-Q52WX2-F1,✅ Downloaded from AlphaFold,Davis
E5RK28,AF-E5RK28-F1,✅ Downloaded from AlphaFold,Davis
P57059,AF-P57059-F1,✅ Downloaded from AlphaFold,Davis
Q9H0K1,AF-Q9H0K1-F1,✅ Downloaded from AlphaFold,Davis
A0A5F9ZH68,AF-A0A5F9ZH68-F1,✅ Downloaded from AlphaFold,Davis
Q9H093,AF-Q9H093-F1,✅ Downloaded from AlphaFold,Davis
E7EUC4,AF-E7EUC4-F1,✅ Downloaded from AlphaFold,Davis
Q71UK5,AF-Q71UK5-F1,✅ Downloaded from AlphaFold,Davis
Q9H3Y6,AF-Q9H3Y6-F1,✅ Downloaded from AlphaFold,Davis
H3BLV9,AF-H3BLV9-F1,✅ Downloaded from AlphaFold,Davis
F8WBW4,AF-F8WBW4-F1,✅ Downloaded from AlphaFold,Davis
B8ZZI5,AF-B8ZZI5-F1,✅ Downloaded from AlphaFold,Davis
B4DDH2,AF-B4DDH2-F1,✅ Downloaded from AlphaFold,Davis
A0A0C4DGC9,AF-A0A0C4DGC9-F1,✅ Downloaded from AlphaFold,Davis
C9JDA4,AF-C9JDA4-F1,✅ Downloaded from AlphaFold,Davis
X5D2Y0,AF-X5D2Y0-F1,✅ Downloaded from AlphaFold,Davis
C3W980,AF-C3W980-F1,✅ Downloaded from AlphaFold,Davis
P0C264,AF-P0C264-F1,✅ Downloaded from AlphaFold,Davis
O43318,2EVA,✅ Downloaded from PDB,Davis
O43318,2YIY,✅ Downloaded from PDB,Davis
O43318,4GS6,✅ Downloaded from PDB,Davis
O43318,4L3P,✅ Downloaded from PDB,Davis
O43318,4L52,✅ Downloaded from PDB,Davis
O43318,4L53,✅ Downloaded from PDB,Davis
O43318,4O91,✅ Downloaded from PDB,Davis
O43318,5E7R,✅ Downloaded from PDB,Davis
O43318,5GJD,✅ Downloaded from PDB,Davis
O43318,5GJF,✅ Downloaded from PDB,Davis
O43318,5GJG,✅ Downloaded from PDB,Davis
O43318,5J7S,✅ Downloaded from PDB,Davis
O43318,5J8I,✅ Downloaded from PDB,Davis
O43318,5J9L,✅ Downloaded from PDB,Davis
O43318,5JGA,✅ Downloaded from PDB,Davis
O43318,5JGB,✅ Downloaded from PDB,Davis
O43318,5JGD,✅ Downloaded from PDB,Davis
O43318,5JH6,✅ Downloaded from PDB,Davis
O43318,5JK3,✅ Downloaded from PDB,Davis
O43318,5V5N,✅ Downloaded from PDB,Davis
O43318,7NTH,✅ Downloaded from PDB,Davis
O43318,7NTI,✅ Downloaded from PDB,Davis
O43318,8GW3,✅ Downloaded from PDB,Davis
A0PJ48,AF-A0PJ48-F1,✅ Downloaded from AlphaFold,Davis
F5H0M3,AF-F5H0M3-F1,✅ Downloaded from AlphaFold,Davis
A0A494C148,AF-A0A494C148-F1,✅ Downloaded from AlphaFold,Davis
D6RB05,AF-D6RB05-F1,✅ Downloaded from AlphaFold,Davis
Q15569,AF-Q15569-F1,✅ Downloaded from AlphaFold,Davis
A0A0S2Z539,AF-A0A0S2Z539-F1,✅ Downloaded from AlphaFold,Davis
Q02763,1FVR,✅ Downloaded from PDB,Davis
Q02763,2GY5,✅ Downloaded from PDB,Davis
Q02763,2GY7,✅ Downloaded from PDB,Davis
Q02763,2OO8,✅ Downloaded from PDB,Davis
Q02763,2OSC,✅ Downloaded from PDB,Davis
Q02763,2P4I,✅ Downloaded from PDB,Davis
Q02763,2WQB,✅ Downloaded from PDB,Davis
Q02763,3BEA,✅ Downloaded from PDB,Davis
Q02763,3L8P,✅ Downloaded from PDB,Davis
Q02763,4K0V,✅ Downloaded from PDB,Davis
Q02763,4X3J,"⚠️ PDB Exception: HTTPSConnectionPool(host='files.rcsb.org', port=443): Read timed out. (read timeout=10)",Davis
Q02763,5MYA,✅ Downloaded from PDB,Davis
Q02763,5MYB,"⚠️ PDB Exception: HTTPSConnectionPool(host='files.rcsb.org', port=443): Read timed out. (read timeout=10)",Davis
Q02763,5UTK,✅ Downloaded from PDB,Davis
Q02763,6MWE,"⚠️ PDB Exception: HTTPSConnectionPool(host='files.rcsb.org', port=443): Read timed out. (read timeout=10)",Davis
Q02763,7E72,✅ Downloaded from PDB,Davis
Q53TF9,AF-Q53TF9-F1,✅ Downloaded from AlphaFold,Davis
Q86UE8,5O0Y,✅ Downloaded from PDB,Davis
Q86UE8,7LO0,✅ Downloaded from PDB,Davis
Q7Z4L4,AF-Q7Z4L4-F1,✅ Downloaded from AlphaFold,Davis
U3KPR9,AF-U3KPR9-F1,✅ Downloaded from AlphaFold,Davis
A0A5F9ZHQ1,AF-A0A5F9ZHQ1-F1,✅ Downloaded from AlphaFold,Davis
P04629,1HE7,✅ Downloaded from PDB,Davis
P04629,1SHC,✅ Downloaded from PDB,Davis
P04629,1WWA,✅ Downloaded from PDB,Davis
P04629,1WWW,✅ Downloaded from PDB,Davis
P04629,2IFG,✅ Downloaded from PDB,Davis
P04629,2N90,✅ Downloaded from PDB,Davis
P04629,4AOJ,✅ Downloaded from PDB,Davis
P04629,4CRP,✅ Downloaded from PDB,Davis
P04629,4F0I,✅ Downloaded from PDB,Davis
P04629,4GT5,✅ Downloaded from PDB,Davis
P04629,4PMM,✅ Downloaded from PDB,Davis
P04629,4PMP,✅ Downloaded from PDB,Davis
P04629,4PMS,✅ Downloaded from PDB,Davis
P04629,4PMT,✅ Downloaded from PDB,Davis
P04629,4YNE,✅ Downloaded from PDB,Davis
P04629,4YPS,✅ Downloaded from PDB,Davis
P04629,5H3Q,✅ Downloaded from PDB,Davis
P04629,5I8A,✅ Downloaded from PDB,Davis
P04629,5JFS,✅ Downloaded from PDB,Davis
P04629,5JFV,✅ Downloaded from PDB,Davis
P04629,5JFW,✅ Downloaded from PDB,Davis
P04629,5JFX,✅ Downloaded from PDB,Davis
P04629,5KMI,✅ Downloaded from PDB,Davis
P04629,5KMJ,✅ Downloaded from PDB,Davis
P04629,5KMK,✅ Downloaded from PDB,Davis
P04629,5KML,✅ Downloaded from PDB,Davis
P04629,5KMM,✅ Downloaded from PDB,Davis
P04629,5KMN,✅ Downloaded from PDB,Davis
P04629,5KMO,✅ Downloaded from PDB,Davis
P04629,5KVT,✅ Downloaded from PDB,Davis
P04629,5WR7,✅ Downloaded from PDB,Davis
P04629,6D1Y,✅ Downloaded from PDB,Davis
P04629,6D1Z,✅ Downloaded from PDB,Davis
P04629,6D20,✅ Downloaded from PDB,Davis
P04629,6D22,✅ Downloaded from PDB,Davis
P04629,6DKB,✅ Downloaded from PDB,Davis
P04629,6DKG,✅ Downloaded from PDB,Davis
P04629,6DKI,✅ Downloaded from PDB,Davis
P04629,6DKW,✅ Downloaded from PDB,Davis
P04629,6IQN,✅ Downloaded from PDB,Davis
P04629,6J5L,✅ Downloaded from PDB,Davis
P04629,6NPT,✅ Downloaded from PDB,Davis
P04629,6NSP,✅ Downloaded from PDB,Davis
P04629,6NSS,✅ Downloaded from PDB,Davis
P04629,6PL1,✅ Downloaded from PDB,Davis
P04629,6PL2,✅ Downloaded from PDB,Davis
P04629,6PL3,✅ Downloaded from PDB,Davis
P04629,6PL4,✅ Downloaded from PDB,Davis
P04629,6PMA,✅ Downloaded from PDB,Davis
P04629,6PMB,✅ Downloaded from PDB,Davis
P04629,6PMC,✅ Downloaded from PDB,Davis
P04629,6PME,✅ Downloaded from PDB,Davis
P04629,7N3T,✅ Downloaded from PDB,Davis
P04629,7VKM,✅ Downloaded from PDB,Davis
P04629,7VKN,✅ Downloaded from PDB,Davis
P04629,7VKO,✅ Downloaded from PDB,Davis
P04629,7XAF,✅ Downloaded from PDB,Davis
P04629,7XBI,✅ Downloaded from PDB,Davis
P04629,8J5W,✅ Downloaded from PDB,Davis
P04629,8J5X,✅ Downloaded from PDB,Davis
P04629,8J61,✅ Downloaded from PDB,Davis
P04629,8J63,✅ Downloaded from PDB,Davis
P04629,8YTD,✅ Downloaded from PDB,Davis
P04629,8YTE,✅ Downloaded from PDB,Davis
Q16620,1HCF,✅ Downloaded from PDB,Davis
Q16620,1WWB,✅ Downloaded from PDB,Davis
Q16620,2MFQ,✅ Downloaded from PDB,Davis
Q16620,4ASZ,✅ Downloaded from PDB,Davis
Q16620,4AT3,✅ Downloaded from PDB,Davis
Q16620,4AT4,✅ Downloaded from PDB,Davis
Q16620,4AT5,✅ Downloaded from PDB,Davis
Q16620,5MO9,✅ Downloaded from PDB,Davis
Q16620,8OYD,✅ Downloaded from PDB,Davis
Q16288,1WWC,✅ Downloaded from PDB,Davis
Q16288,3V5Q,✅ Downloaded from PDB,Davis
Q16288,4YMJ,✅ Downloaded from PDB,Davis
Q16288,6KZC,✅ Downloaded from PDB,Davis
Q16288,6KZD,✅ Downloaded from PDB,Davis
Q9BX84,AF-Q9BX84-F1,✅ Downloaded from AlphaFold,Davis
Q9BXA7,AF-Q9BXA7-F1,✅ Downloaded from AlphaFold,Davis
D6RF82,AF-D6RF82-F1,✅ Downloaded from AlphaFold,Davis
Q6LD14,AF-Q6LD14-F1,✅ Downloaded from AlphaFold,Davis
P29597,3LXN,✅ Downloaded from PDB,Davis
P29597,3LXP,✅ Downloaded from PDB,Davis
P29597,3NYX,✅ Downloaded from PDB,Davis
P29597,3NZ0,✅ Downloaded from PDB,Davis
P29597,3ZON,✅ Downloaded from PDB,Davis
P29597,4GFO,✅ Downloaded from PDB,Davis
P29597,4GIH,✅ Downloaded from PDB,Davis
P29597,4GII,✅ Downloaded from PDB,Davis
P29597,4GJ2,✅ Downloaded from PDB,Davis
P29597,4GJ3,✅ Downloaded from PDB,Davis
P29597,4GVJ,✅ Downloaded from PDB,Davis
P29597,4OLI,✅ Downloaded from PDB,Davis
P29597,4PO6,✅ Downloaded from PDB,Davis
P29597,4PY1,✅ Downloaded from PDB,Davis
P29597,4WOV,✅ Downloaded from PDB,Davis
P29597,5C01,✅ Downloaded from PDB,Davis
P29597,5C03,✅ Downloaded from PDB,Davis
P29597,5F1Z,✅ Downloaded from PDB,Davis
P29597,5F20,✅ Downloaded from PDB,Davis
P29597,5TKD,✅ Downloaded from PDB,Davis
P29597,5WAL,✅ Downloaded from PDB,Davis
P29597,6AAM,✅ Downloaded from PDB,Davis
P29597,6DBK,✅ Downloaded from PDB,Davis
P29597,6DBM,✅ Downloaded from PDB,Davis
P29597,6NSL,✅ Downloaded from PDB,Davis
P29597,6NZE,✅ Downloaded from PDB,Davis
P29597,6NZF,✅ Downloaded from PDB,Davis
P29597,6NZH,✅ Downloaded from PDB,Davis
P29597,6NZP,✅ Downloaded from PDB,Davis
P29597,6NZQ,✅ Downloaded from PDB,Davis
P29597,6NZR,✅ Downloaded from PDB,Davis
P29597,6OVA,✅ Downloaded from PDB,Davis
P29597,6VNS,✅ Downloaded from PDB,Davis
P29597,6VNV,✅ Downloaded from PDB,Davis
P29597,6VNX,✅ Downloaded from PDB,Davis
P29597,6VNY,✅ Downloaded from PDB,Davis
P29597,6X8F,✅ Downloaded from PDB,Davis
P29597,6X8G,✅ Downloaded from PDB,Davis
P29597,7AX4,✅ Downloaded from PDB,Davis
P29597,7K7O,✅ Downloaded from PDB,Davis
P29597,7K7Q,✅ Downloaded from PDB,Davis
P29597,7UYR,✅ Downloaded from PDB,Davis
P29597,7UYS,✅ Downloaded from PDB,Davis
P29597,7UYT,✅ Downloaded from PDB,Davis
P29597,7UYU,✅ Downloaded from PDB,Davis
P29597,8EXN,✅ Downloaded from PDB,Davis
P29597,8EYC,✅ Downloaded from PDB,Davis
P29597,8S98,✅ Downloaded from PDB,Davis
P29597,8S99,✅ Downloaded from PDB,Davis
P29597,8S9A,✅ Downloaded from PDB,Davis
P29597,8TB5,✅ Downloaded from PDB,Davis
P29597,8TB6,✅ Downloaded from PDB,Davis
O75385,4WNO,✅ Downloaded from PDB,Davis
O75385,4WNP,✅ Downloaded from PDB,Davis
O75385,5CI7,✅ Downloaded from PDB,Davis
O75385,6HYO,✅ Downloaded from PDB,Davis
O75385,6MNH,✅ Downloaded from PDB,Davis
O75385,6QAS,✅ Downloaded from PDB,Davis
O75385,8P5G,✅ Downloaded from PDB,Davis
O75385,8P5H,✅ Downloaded from PDB,Davis
O75385,8P5I,✅ Downloaded from PDB,Davis
O75385,8P5J,✅ Downloaded from PDB,Davis
O75385,8P5K,✅ Downloaded from PDB,Davis
O75385,8P5L,✅ Downloaded from PDB,Davis
O75385,8SOI,✅ Downloaded from PDB,Davis
O75385,8SQZ,✅ Downloaded from PDB,Davis
O75385,8SRM,✅ Downloaded from PDB,Davis
O75385,8SV9,✅ Downloaded from PDB,Davis
O75385,9C82,❌ PDB Download failed,Davis
H3BPN6,AF-H3BPN6-F1,✅ Downloaded from AlphaFold,Davis
P35968,1VR2,✅ Downloaded from PDB,Davis
P35968,1Y6A,✅ Downloaded from PDB,Davis
P35968,1Y6B,✅ Downloaded from PDB,Davis
P35968,1YWN,✅ Downloaded from PDB,Davis
P35968,2M59,✅ Downloaded from PDB,Davis
P35968,2MET,✅ Downloaded from PDB,Davis
P35968,2MEU,✅ Downloaded from PDB,Davis
P35968,2OH4,✅ Downloaded from PDB,Davis
P35968,2P2H,✅ Downloaded from PDB,Davis
P35968,2P2I,✅ Downloaded from PDB,Davis
P35968,2QU5,✅ Downloaded from PDB,Davis
P35968,2QU6,✅ Downloaded from PDB,Davis
P35968,2RL5,✅ Downloaded from PDB,Davis
P35968,2X1W,✅ Downloaded from PDB,Davis
P35968,2X1X,✅ Downloaded from PDB,Davis
P35968,2XIR,✅ Downloaded from PDB,Davis
P35968,3B8Q,✅ Downloaded from PDB,Davis
P35968,3B8R,✅ Downloaded from PDB,Davis
P35968,3BE2,✅ Downloaded from PDB,Davis
P35968,3C7Q,✅ Downloaded from PDB,Davis
P35968,3CJF,✅ Downloaded from PDB,Davis
P35968,3CJG,✅ Downloaded from PDB,Davis
P35968,3CP9,✅ Downloaded from PDB,Davis
P35968,3CPB,✅ Downloaded from PDB,Davis
P35968,3CPC,✅ Downloaded from PDB,Davis
P35968,3DTW,✅ Downloaded from PDB,Davis
P35968,3EFL,✅ Downloaded from PDB,Davis
P35968,3EWH,✅ Downloaded from PDB,Davis
P35968,3KVQ,✅ Downloaded from PDB,Davis
P35968,3S35,✅ Downloaded from PDB,Davis
P35968,3S36,✅ Downloaded from PDB,Davis
P35968,3S37,✅ Downloaded from PDB,Davis
P35968,3U6J,✅ Downloaded from PDB,Davis
P35968,3V2A,✅ Downloaded from PDB,Davis
P35968,3V6B,✅ Downloaded from PDB,Davis
P35968,3VHE,✅ Downloaded from PDB,Davis
P35968,3VHK,✅ Downloaded from PDB,Davis
P35968,3VID,✅ Downloaded from PDB,Davis
P35968,3VNT,✅ Downloaded from PDB,Davis
P35968,3VO3,✅ Downloaded from PDB,Davis
P35968,3WZD,✅ Downloaded from PDB,Davis
P35968,3WZE,✅ Downloaded from PDB,Davis
P35968,4AG8,✅ Downloaded from PDB,Davis
P35968,4AGC,✅ Downloaded from PDB,Davis
P35968,4AGD,✅ Downloaded from PDB,Davis
P35968,4ASD,✅ Downloaded from PDB,Davis
P35968,4ASE,✅ Downloaded from PDB,Davis
P35968,5EW3,✅ Downloaded from PDB,Davis
P35968,5OYJ,✅ Downloaded from PDB,Davis
P35968,6GQO,✅ Downloaded from PDB,Davis
P35968,6GQP,✅ Downloaded from PDB,Davis
P35968,6GQQ,✅ Downloaded from PDB,Davis
P35968,6XVJ,✅ Downloaded from PDB,Davis
P35968,6XVK,✅ Downloaded from PDB,Davis
Q86Y07,2V62,✅ Downloaded from PDB,Davis
Q86Y07,5UU1,✅ Downloaded from PDB,Davis
Q86Y07,6NCG,✅ Downloaded from PDB,Davis
Q86Y07,8Q1Z,✅ Downloaded from PDB,Davis
Q86Y07,9FET,✅ Downloaded from PDB,Davis
E9PQ51,AF-E9PQ51-F1,✅ Downloaded from AlphaFold,Davis
H7C5P0,AF-H7C5P0-F1,✅ Downloaded from AlphaFold,Davis
Q8WU08,4FR4,✅ Downloaded from PDB,Davis
Q9NY57,AF-Q9NY57-F1,✅ Downloaded from AlphaFold,Davis
Q86UX6,AF-Q86UX6-F1,✅ Downloaded from AlphaFold,Davis
P07947,2HDA,✅ Downloaded from PDB,Davis
O00506,2XIK,✅ Downloaded from PDB,Davis
O00506,3W8H,✅ Downloaded from PDB,Davis
O00506,4NZW,✅ Downloaded from PDB,Davis
O00506,7Z4V,✅ Downloaded from PDB,Davis
Q56UN5,AF-Q56UN5-F1,✅ Downloaded from AlphaFold,Davis
Q9NYL2,5HES,✅ Downloaded from PDB,Davis
Q9NYL2,5X5O,✅ Downloaded from PDB,Davis
Q9NYL2,6JUT,✅ Downloaded from PDB,Davis
Q9NYL2,6JUU,✅ Downloaded from PDB,Davis
Q9NYL2,7YAW,✅ Downloaded from PDB,Davis
Q9NYL2,7YAZ,✅ Downloaded from PDB,Davis
P43403,1FBV,✅ Downloaded from PDB,Davis
P43403,1M61,✅ Downloaded from PDB,Davis
P43403,1U59,✅ Downloaded from PDB,Davis
P43403,2CBL,✅ Downloaded from PDB,Davis
P43403,2OQ1,✅ Downloaded from PDB,Davis
P43403,2OZO,✅ Downloaded from PDB,Davis
P43403,2Y1N,✅ Downloaded from PDB,Davis
P43403,3ZNI,✅ Downloaded from PDB,Davis
P43403,4A4B,✅ Downloaded from PDB,Davis
P43403,4A4C,✅ Downloaded from PDB,Davis
P43403,4K2R,✅ Downloaded from PDB,Davis
P43403,4XZ0,✅ Downloaded from PDB,Davis
P43403,4XZ1,✅ Downloaded from PDB,Davis
P43403,5O76,✅ Downloaded from PDB,Davis
P43403,7SIY,✅ Downloaded from PDB,Davis
O15264,3COI,✅ Downloaded from PDB,Davis
O15264,4EYJ,✅ Downloaded from PDB,Davis
O15264,4EYM,✅ Downloaded from PDB,Davis
O15264,4MYG,✅ Downloaded from PDB,Davis
O15264,4YNO,✅ Downloaded from PDB,Davis
O15264,5EKN,✅ Downloaded from PDB,Davis
O15264,5EKO,✅ Downloaded from PDB,Davis
O15264,8X23,✅ Downloaded from PDB,Davis
P53778,1CM8,✅ Downloaded from PDB,Davis
P53778,4QUM,✅ Downloaded from PDB,Davis
P53778,6UNA,✅ Downloaded from PDB,Davis
P53778,7CGA,✅ Downloaded from PDB,Davis
Q6PK02,AF-Q6PK02-F1,✅ Downloaded from AlphaFold,Davis
B5BU52,AF-B5BU52-F1,✅ Downloaded from AlphaFold,Davis
G5E9L9,AF-G5E9L9-F1,✅ Downloaded from AlphaFold,Davis
P80370,AF-P80370-F1,✅ Downloaded from AlphaFold,Davis
D6REW5,AF-D6REW5-F1,✅ Downloaded from AlphaFold,Davis
O00141,2R5T,✅ Downloaded from PDB,KIBA
O00141,3HDM,✅ Downloaded from PDB,KIBA
O00141,3HDN,✅ Downloaded from PDB,KIBA
O00141,7PUE,✅ Downloaded from PDB,KIBA
O00311,4F99,✅ Downloaded from PDB,KIBA
O00311,4F9A,✅ Downloaded from PDB,KIBA
O00311,4F9B,✅ Downloaded from PDB,KIBA
O00311,4F9C,✅ Downloaded from PDB,KIBA
O00311,5UWQ,✅ Downloaded from PDB,KIBA
O00311,5UWR,✅ Downloaded from PDB,KIBA
O00311,6YA6,✅ Downloaded from PDB,KIBA
O00311,6YA7,✅ Downloaded from PDB,KIBA
O00311,6YA8,✅ Downloaded from PDB,KIBA
O00329,5DXU,✅ Downloaded from PDB,KIBA
O00329,5M6U,✅ Downloaded from PDB,KIBA
O00329,5T8F,✅ Downloaded from PDB,KIBA
O00329,5UBT,✅ Downloaded from PDB,KIBA
O00329,5VLR,✅ Downloaded from PDB,KIBA
O00329,6G6W,✅ Downloaded from PDB,KIBA
O00329,6OCO,✅ Downloaded from PDB,KIBA
O00329,6OCU,✅ Downloaded from PDB,KIBA
O00329,6PYR,✅ Downloaded from PDB,KIBA
O00329,6PYU,✅ Downloaded from PDB,KIBA
O00329,7JIS,✅ Downloaded from PDB,KIBA
O00329,7LM2,✅ Downloaded from PDB,KIBA
O00329,7LQ1,✅ Downloaded from PDB,KIBA
O00329,8BCY,✅ Downloaded from PDB,KIBA
O00329,8S3R,❌ PDB Download failed,KIBA
O00418,5J8H,✅ Downloaded from PDB,KIBA
O00418,5KS5,✅ Downloaded from PDB,KIBA
O00418,6NX4,✅ Downloaded from PDB,KIBA
O00418,7SHQ,✅ Downloaded from PDB,KIBA
O00418,8FNY,✅ Downloaded from PDB,KIBA
O00418,8FO6,✅ Downloaded from PDB,KIBA
O00418,8GM4,✅ Downloaded from PDB,KIBA
O00418,8GM5,✅ Downloaded from PDB,KIBA
O00444,2N19,✅ Downloaded from PDB,KIBA
O00444,3COK,✅ Downloaded from PDB,KIBA
O00444,4JXF,✅ Downloaded from PDB,KIBA
O00444,4N7V,✅ Downloaded from PDB,KIBA
O00444,4N7Z,✅ Downloaded from PDB,KIBA
O00444,4N9J,✅ Downloaded from PDB,KIBA
O00444,4YUR,✅ Downloaded from PDB,KIBA
O00444,4YYP,✅ Downloaded from PDB,KIBA
O00444,5LHY,✅ Downloaded from PDB,KIBA
O00444,5LHZ,✅ Downloaded from PDB,KIBA
O00444,6N45,✅ Downloaded from PDB,KIBA
O00444,6N46,✅ Downloaded from PDB,KIBA
O00444,6W38,✅ Downloaded from PDB,KIBA
O00444,6W3I,✅ Downloaded from PDB,KIBA
O00444,6W3J,✅ Downloaded from PDB,KIBA
O00444,8XPG,✅ Downloaded from PDB,KIBA
O14757,1IA8,✅ Downloaded from PDB,KIBA
O14757,1NVQ,✅ Downloaded from PDB,KIBA
O14757,1NVR,✅ Downloaded from PDB,KIBA
O14757,1NVS,✅ Downloaded from PDB,KIBA
O14757,1ZLT,✅ Downloaded from PDB,KIBA
O14757,1ZYS,✅ Downloaded from PDB,KIBA
O14757,2AYP,✅ Downloaded from PDB,KIBA
O14757,2BR1,✅ Downloaded from PDB,KIBA
O14757,2BRB,✅ Downloaded from PDB,KIBA
O14757,2BRG,✅ Downloaded from PDB,KIBA
O14757,2BRH,✅ Downloaded from PDB,KIBA
O14757,2BRM,✅ Downloaded from PDB,KIBA
O14757,2BRN,✅ Downloaded from PDB,KIBA
O14757,2BRO,✅ Downloaded from PDB,KIBA
O14757,2C3J,✅ Downloaded from PDB,KIBA
O14757,2C3K,✅ Downloaded from PDB,KIBA
O14757,2C3L,✅ Downloaded from PDB,KIBA
O14757,2CGU,✅ Downloaded from PDB,KIBA
O14757,2CGV,✅ Downloaded from PDB,KIBA
O14757,2CGW,✅ Downloaded from PDB,KIBA
O14757,2CGX,✅ Downloaded from PDB,KIBA
O14757,2E9N,✅ Downloaded from PDB,KIBA
O14757,2E9O,✅ Downloaded from PDB,KIBA
O14757,2E9P,✅ Downloaded from PDB,KIBA
O14757,2E9U,✅ Downloaded from PDB,KIBA
O14757,2E9V,✅ Downloaded from PDB,KIBA
O14757,2GDO,✅ Downloaded from PDB,KIBA
O14757,2GHG,✅ Downloaded from PDB,KIBA
O14757,2HOG,✅ Downloaded from PDB,KIBA
O14757,2HXL,✅ Downloaded from PDB,KIBA
O14757,2HXQ,✅ Downloaded from PDB,KIBA
O14757,2HY0,✅ Downloaded from PDB,KIBA
O14757,2QHM,✅ Downloaded from PDB,KIBA
O14757,2QHN,✅ Downloaded from PDB,KIBA
O14757,2R0U,✅ Downloaded from PDB,KIBA
O14757,2WMQ,"⚠️ PDB Exception: HTTPSConnectionPool(host='files.rcsb.org', port=443): Read timed out. (read timeout=10)",KIBA
O14757,2WMR,✅ Downloaded from PDB,KIBA
O14757,2WMS,✅ Downloaded from PDB,KIBA
O14757,2WMT,✅ Downloaded from PDB,KIBA
O14757,2WMU,"⚠️ PDB Exception: HTTPSConnectionPool(host='files.rcsb.org', port=443): Read timed out. (read timeout=10)",KIBA
O14757,2WMV,✅ Downloaded from PDB,KIBA
O14757,2WMW,✅ Downloaded from PDB,KIBA
O14757,2WMX,✅ Downloaded from PDB,KIBA
O14757,2X8D,✅ Downloaded from PDB,KIBA
O14757,2X8E,✅ Downloaded from PDB,KIBA
O14757,2X8I,✅ Downloaded from PDB,KIBA
O14757,2XEY,✅ Downloaded from PDB,KIBA
O14757,2XEZ,✅ Downloaded from PDB,KIBA
O14757,2XF0,✅ Downloaded from PDB,KIBA
O14757,2YDI,✅ Downloaded from PDB,KIBA
O14757,2YDJ,✅ Downloaded from PDB,KIBA
O14757,2YDK,✅ Downloaded from PDB,KIBA
O14757,2YER,✅ Downloaded from PDB,KIBA
O14757,2YEX,✅ Downloaded from PDB,KIBA
O14757,2YM3,"⚠️ PDB Exception: HTTPSConnectionPool(host='files.rcsb.org', port=443): Read timed out. (read timeout=10)",KIBA
O14757,2YM4,✅ Downloaded from PDB,KIBA
O14757,2YM5,✅ Downloaded from PDB,KIBA
O14757,2YM6,✅ Downloaded from PDB,KIBA
O14757,2YM7,✅ Downloaded from PDB,KIBA
O14757,2YM8,"⚠️ PDB Exception: HTTPSConnectionPool(host='files.rcsb.org', port=443): Read timed out. (read timeout=10)",KIBA
O14757,2YWP,"⚠️ PDB Exception: HTTPSConnectionPool(host='files.rcsb.org', port=443): Read timed out. (read timeout=10)",KIBA
O14757,3F9N,✅ Downloaded from PDB,KIBA
O14757,3JVR,✅ Downloaded from PDB,KIBA
O14757,3JVS,✅ Downloaded from PDB,KIBA
O14757,3NLB,✅ Downloaded from PDB,KIBA
O14757,3OT3,"⚠️ PDB Exception: HTTPSConnectionPool(host='files.rcsb.org', port=443): Read timed out. (read timeout=10)",KIBA
O14757,3OT8,✅ Downloaded from PDB,KIBA
O14757,3PA3,✅ Downloaded from PDB,KIBA
O14757,3PA4,✅ Downloaded from PDB,KIBA
O14757,3PA5,✅ Downloaded from PDB,KIBA
O14757,3TKH,✅ Downloaded from PDB,KIBA
O14757,3TKI,✅ Downloaded from PDB,KIBA
O14757,3U9N,✅ Downloaded from PDB,KIBA
O14757,4FSM,✅ Downloaded from PDB,KIBA
O14757,4FSN,✅ Downloaded from PDB,KIBA
O14757,4FSQ,✅ Downloaded from PDB,KIBA
O14757,4FSR,✅ Downloaded from PDB,KIBA
O14757,4FST,✅ Downloaded from PDB,KIBA
O14757,4FSU,✅ Downloaded from PDB,KIBA
O14757,4FSW,✅ Downloaded from PDB,KIBA
O14757,4FSY,✅ Downloaded from PDB,KIBA
O14757,4FSZ,✅ Downloaded from PDB,KIBA
O14757,4FT0,✅ Downloaded from PDB,KIBA
O14757,4FT3,✅ Downloaded from PDB,KIBA
O14757,4FT5,✅ Downloaded from PDB,KIBA
O14757,4FT7,✅ Downloaded from PDB,KIBA
O14757,4FT9,✅ Downloaded from PDB,KIBA
O14757,4FTA,✅ Downloaded from PDB,KIBA
O14757,4FTC,✅ Downloaded from PDB,KIBA
O14757,4FTI,✅ Downloaded from PDB,KIBA
O14757,4FTJ,✅ Downloaded from PDB,KIBA
O14757,4FTK,✅ Downloaded from PDB,KIBA
O14757,4FTL,✅ Downloaded from PDB,KIBA
O14757,4FTM,✅ Downloaded from PDB,KIBA
O14757,4FTN,✅ Downloaded from PDB,KIBA
O14757,4FTO,✅ Downloaded from PDB,KIBA
O14757,4FTQ,✅ Downloaded from PDB,KIBA
O14757,4FTR,✅ Downloaded from PDB,KIBA
O14757,4FTT,✅ Downloaded from PDB,KIBA
O14757,4FTU,✅ Downloaded from PDB,KIBA
O14757,4GH2,✅ Downloaded from PDB,KIBA
O14757,4HYH,✅ Downloaded from PDB,KIBA
O14757,4HYI,✅ Downloaded from PDB,KIBA
O14757,4JIK,✅ Downloaded from PDB,KIBA
O14757,4QYE,✅ Downloaded from PDB,KIBA
O14757,4QYF,✅ Downloaded from PDB,KIBA
O14757,4QYG,✅ Downloaded from PDB,KIBA
O14757,4QYH,✅ Downloaded from PDB,KIBA
O14757,4RVK,✅ Downloaded from PDB,KIBA
O14757,4RVL,✅ Downloaded from PDB,KIBA
O14757,4RVM,✅ Downloaded from PDB,KIBA
O14757,5DLS,✅ Downloaded from PDB,KIBA
O14757,5F4N,✅ Downloaded from PDB,KIBA
O14757,5OOP,✅ Downloaded from PDB,KIBA
O14757,5OOR,✅ Downloaded from PDB,KIBA
O14757,5OOT,✅ Downloaded from PDB,KIBA
O14757,5OP2,✅ Downloaded from PDB,KIBA
O14757,5OP4,✅ Downloaded from PDB,KIBA
O14757,5OP5,✅ Downloaded from PDB,KIBA
O14757,5OP7,✅ Downloaded from PDB,KIBA
O14757,5OPB,✅ Downloaded from PDB,KIBA
O14757,5OPR,✅ Downloaded from PDB,KIBA
O14757,5OPS,✅ Downloaded from PDB,KIBA
O14757,5OPU,✅ Downloaded from PDB,KIBA
O14757,5OPV,✅ Downloaded from PDB,KIBA
O14757,5OQ5,✅ Downloaded from PDB,KIBA
O14757,5OQ6,✅ Downloaded from PDB,KIBA
O14757,5OQ7,✅ Downloaded from PDB,KIBA
O14757,5OQ8,✅ Downloaded from PDB,KIBA
O14757,5WI2,✅ Downloaded from PDB,KIBA
O14757,6FC8,✅ Downloaded from PDB,KIBA
O14757,6FCF,✅ Downloaded from PDB,KIBA
O14757,6FCK,✅ Downloaded from PDB,KIBA
O14757,7AKM,✅ Downloaded from PDB,KIBA
O14757,7AKO,✅ Downloaded from PDB,KIBA
O14757,7BJD,✅ Downloaded from PDB,KIBA
O14757,7BJE,✅ Downloaded from PDB,KIBA
O14757,7BJH,✅ Downloaded from PDB,KIBA
O14757,7BJJ,✅ Downloaded from PDB,KIBA
O14757,7BJM,✅ Downloaded from PDB,KIBA
O14757,7BJO,✅ Downloaded from PDB,KIBA
O14757,7BJR,✅ Downloaded from PDB,KIBA
O14757,7BJX,✅ Downloaded from PDB,KIBA
O14757,7BK1,✅ Downloaded from PDB,KIBA
O14757,7BK2,✅ Downloaded from PDB,KIBA
O14757,7BK3,✅ Downloaded from PDB,KIBA
O14757,7BKN,✅ Downloaded from PDB,KIBA
O14757,7BKO,✅ Downloaded from PDB,KIBA
O14757,7MCK,✅ Downloaded from PDB,KIBA
O14757,7SUF,✅ Downloaded from PDB,KIBA
O14757,7SUG,✅ Downloaded from PDB,KIBA
O14757,7SUH,✅ Downloaded from PDB,KIBA
O14757,7SUI,✅ Downloaded from PDB,KIBA
O14757,7SUJ,✅ Downloaded from PDB,KIBA
O14757,8E80,✅ Downloaded from PDB,KIBA
O14757,8E81,✅ Downloaded from PDB,KIBA
O14757,8SIV,✅ Downloaded from PDB,KIBA
O14757,8SIW,✅ Downloaded from PDB,KIBA
O14757,8SIX,✅ Downloaded from PDB,KIBA
O14757,9CE4,❌ PDB Download failed,KIBA
O14920,3BRT,✅ Downloaded from PDB,KIBA
O14920,3BRV,✅ Downloaded from PDB,KIBA
O14920,4E3C,✅ Downloaded from PDB,KIBA
O14920,4KIK,✅ Downloaded from PDB,KIBA
O14920,8OMV,✅ Downloaded from PDB,KIBA
O14965,1MQ4,✅ Downloaded from PDB,KIBA
O14965,1MUO,✅ Downloaded from PDB,KIBA
O14965,1OL5,✅ Downloaded from PDB,KIBA
O14965,1OL6,✅ Downloaded from PDB,KIBA
O14965,1OL7,✅ Downloaded from PDB,KIBA
O14965,2BMC,✅ Downloaded from PDB,KIBA
O14965,2C6D,✅ Downloaded from PDB,KIBA
O14965,2C6E,✅ Downloaded from PDB,KIBA
O14965,2DWB,✅ Downloaded from PDB,KIBA
O14965,2J4Z,✅ Downloaded from PDB,KIBA
O14965,2J50,✅ Downloaded from PDB,KIBA
O14965,2NP8,✅ Downloaded from PDB,KIBA
O14965,2W1C,✅ Downloaded from PDB,KIBA
O14965,2W1D,✅ Downloaded from PDB,KIBA
O14965,2W1E,✅ Downloaded from PDB,KIBA
O14965,2W1F,✅ Downloaded from PDB,KIBA
O14965,2W1G,✅ Downloaded from PDB,KIBA
O14965,2WQE,✅ Downloaded from PDB,KIBA
O14965,2WTV,✅ Downloaded from PDB,KIBA
O14965,2WTW,✅ Downloaded from PDB,KIBA
O14965,2X6D,✅ Downloaded from PDB,KIBA
O14965,2X6E,✅ Downloaded from PDB,KIBA
O14965,2X81,✅ Downloaded from PDB,KIBA
O14965,2XNE,✅ Downloaded from PDB,KIBA
O14965,2XNG,✅ Downloaded from PDB,KIBA
O14965,2XRU,✅ Downloaded from PDB,KIBA
O14965,3COH,✅ Downloaded from PDB,KIBA
O14965,3E5A,✅ Downloaded from PDB,KIBA
O14965,3EFW,✅ Downloaded from PDB,KIBA
O14965,3FDN,✅ Downloaded from PDB,KIBA
O14965,3H0Y,✅ Downloaded from PDB,KIBA
O14965,3H0Z,✅ Downloaded from PDB,KIBA
O14965,3H10,✅ Downloaded from PDB,KIBA
O14965,3HA6,✅ Downloaded from PDB,KIBA
O14965,3K5U,✅ Downloaded from PDB,KIBA
O14965,3LAU,✅ Downloaded from PDB,KIBA
O14965,3M11,✅ Downloaded from PDB,KIBA
O14965,3MYG,✅ Downloaded from PDB,KIBA
O14965,3NRM,✅ Downloaded from PDB,KIBA
O14965,3O50,✅ Downloaded from PDB,KIBA
O14965,3O51,✅ Downloaded from PDB,KIBA
O14965,3P9J,✅ Downloaded from PDB,KIBA
O14965,3QBN,✅ Downloaded from PDB,KIBA
O14965,3R21,✅ Downloaded from PDB,KIBA
O14965,3R22,✅ Downloaded from PDB,KIBA
O14965,3UNZ,✅ Downloaded from PDB,KIBA
O14965,3UO4,✅ Downloaded from PDB,KIBA
O14965,3UO5,✅ Downloaded from PDB,KIBA
O14965,3UO6,✅ Downloaded from PDB,KIBA
O14965,3UOD,✅ Downloaded from PDB,KIBA
O14965,3UOH,✅ Downloaded from PDB,KIBA
O14965,3UOJ,✅ Downloaded from PDB,KIBA
O14965,3UOK,✅ Downloaded from PDB,KIBA
O14965,3UOL,✅ Downloaded from PDB,KIBA
O14965,3UP2,✅ Downloaded from PDB,KIBA
O14965,3UP7,✅ Downloaded from PDB,KIBA
O14965,3VAP,✅ Downloaded from PDB,KIBA
O14965,3W10,✅ Downloaded from PDB,KIBA
O14965,3W16,✅ Downloaded from PDB,KIBA
O14965,3W18,✅ Downloaded from PDB,KIBA
O14965,3W2C,✅ Downloaded from PDB,KIBA
O14965,4B0G,✅ Downloaded from PDB,KIBA
O14965,4BN1,✅ Downloaded from PDB,KIBA
O14965,4BYI,✅ Downloaded from PDB,KIBA
O14965,4BYJ,✅ Downloaded from PDB,KIBA
O14965,4C3P,✅ Downloaded from PDB,KIBA
O14965,4C3R,✅ Downloaded from PDB,KIBA
O14965,4CEG,✅ Downloaded from PDB,KIBA
O14965,4DEA,✅ Downloaded from PDB,KIBA
O14965,4DEB,✅ Downloaded from PDB,KIBA
O14965,4DED,✅ Downloaded from PDB,KIBA
O14965,4DEE,✅ Downloaded from PDB,KIBA
O14965,4DHF,✅ Downloaded from PDB,KIBA
O14965,4J8M,✅ Downloaded from PDB,KIBA
O14965,4J8N,✅ Downloaded from PDB,KIBA
O14965,4JAI,✅ Downloaded from PDB,KIBA
O14965,4JAJ,✅ Downloaded from PDB,KIBA
O14965,4JBO,✅ Downloaded from PDB,KIBA
O14965,4JBP,✅ Downloaded from PDB,KIBA
O14965,4JBQ,✅ Downloaded from PDB,KIBA
O14965,4O0S,✅ Downloaded from PDB,KIBA
O14965,4O0U,✅ Downloaded from PDB,KIBA
O14965,4O0W,✅ Downloaded from PDB,KIBA
O14965,4PRJ,"⚠️ PDB Exception: HTTPSConnectionPool(host='files.rcsb.org', port=443): Read timed out. (read timeout=10)",KIBA
O14965,4UYN,✅ Downloaded from PDB,KIBA
O14965,4UZD,✅ Downloaded from PDB,KIBA
O14965,4UZH,✅ Downloaded from PDB,KIBA
O14965,4ZS0,✅ Downloaded from PDB,KIBA
O14965,4ZTQ,✅ Downloaded from PDB,KIBA
O14965,4ZTR,✅ Downloaded from PDB,KIBA
O14965,4ZTS,✅ Downloaded from PDB,KIBA
O14965,5AAD,✅ Downloaded from PDB,KIBA
O14965,5AAE,✅ Downloaded from PDB,KIBA
O14965,5AAF,✅ Downloaded from PDB,KIBA
O14965,5AAG,✅ Downloaded from PDB,KIBA
O14965,5DN3,✅ Downloaded from PDB,KIBA
O14965,5DNR,✅ Downloaded from PDB,KIBA
O14965,5DOS,✅ Downloaded from PDB,KIBA
O14965,5DPV,✅ Downloaded from PDB,KIBA
O14965,5DR2,✅ Downloaded from PDB,KIBA
O14965,5DR6,"⚠️ PDB Exception: HTTPSConnectionPool(host='files.rcsb.org', port=443): Max retries exceeded with url: /download/5DR6.pdb (Caused by SSLError(SSLEOFError(8, '[SSL: UNEXPECTED_EOF_WHILE_READING] EOF occurred in violation of protocol (_ssl.c:1006)')))",KIBA
O14965,5DR9,"⚠️ PDB Exception: HTTPSConnectionPool(host='files.rcsb.org', port=443): Max retries exceeded with url: /download/5DR9.pdb (Caused by SSLError(SSLEOFError(8, '[SSL: UNEXPECTED_EOF_WHILE_READING] EOF occurred in violation of protocol (_ssl.c:1006)')))",KIBA
O14965,5DRD,"⚠️ PDB Exception: HTTPSConnectionPool(host='files.rcsb.org', port=443): Max retries exceeded with url: /download/5DRD.pdb (Caused by SSLError(SSLEOFError(8, '[SSL: UNEXPECTED_EOF_WHILE_READING] EOF occurred in violation of protocol (_ssl.c:1006)')))",KIBA
O14965,5DT0,"⚠️ PDB Exception: HTTPSConnectionPool(host='files.rcsb.org', port=443): Max retries exceeded with url: /download/5DT0.pdb (Caused by SSLError(SSLEOFError(8, '[SSL: UNEXPECTED_EOF_WHILE_READING] EOF occurred in violation of protocol (_ssl.c:1006)')))",KIBA
O14965,5DT3,"⚠️ PDB Exception: HTTPSConnectionPool(host='files.rcsb.org', port=443): Max retries exceeded with url: /download/5DT3.pdb (Caused by SSLError(SSLEOFError(8, '[SSL: UNEXPECTED_EOF_WHILE_READING] EOF occurred in violation of protocol (_ssl.c:1006)')))",KIBA
O14965,5DT4,✅ Downloaded from PDB,KIBA
O14965,5EW9,✅ Downloaded from PDB,KIBA
O14965,5G15,✅ Downloaded from PDB,KIBA
O14965,5G1X,✅ Downloaded from PDB,KIBA
O14965,5L8J,✅ Downloaded from PDB,KIBA
O14965,5L8K,✅ Downloaded from PDB,KIBA
O14965,5L8L,✅ Downloaded from PDB,KIBA
O14965,5LXM,✅ Downloaded from PDB,KIBA
O14965,5OBJ,✅ Downloaded from PDB,KIBA
O14965,5OBR,✅ Downloaded from PDB,KIBA
O14965,5ODT,✅ Downloaded from PDB,KIBA
O14965,5ONE,✅ Downloaded from PDB,KIBA
O14965,5ORL,✅ Downloaded from PDB,KIBA
O14965,5ORN,✅ Downloaded from PDB,KIBA
O14965,5ORO,✅ Downloaded from PDB,KIBA
O14965,5ORP,✅ Downloaded from PDB,KIBA
O14965,5ORR,✅ Downloaded from PDB,KIBA
O14965,5ORS,"⚠️ PDB Exception: HTTPSConnectionPool(host='files.rcsb.org', port=443): Read timed out. (read timeout=10)",KIBA
O14965,5ORT,✅ Downloaded from PDB,KIBA
O14965,5ORV,✅ Downloaded from PDB,KIBA
O14965,5ORW,✅ Downloaded from PDB,KIBA
O14965,5ORX,✅ Downloaded from PDB,KIBA
O14965,5ORY,✅ Downloaded from PDB,KIBA
O14965,5ORZ,✅ Downloaded from PDB,KIBA
O14965,5OS0,✅ Downloaded from PDB,KIBA
O14965,5OS1,✅ Downloaded from PDB,KIBA
O14965,5OS2,"⚠️ PDB Exception: HTTPSConnectionPool(host='files.rcsb.org', port=443): Read timed out. (read timeout=10)",KIBA
O14965,5OS3,✅ Downloaded from PDB,KIBA
O14965,5OS4,✅ Downloaded from PDB,KIBA
O14965,5OS5,✅ Downloaded from PDB,KIBA
O14965,5OS6,✅ Downloaded from PDB,KIBA
O14965,5OSD,✅ Downloaded from PDB,KIBA
O14965,5OSE,✅ Downloaded from PDB,KIBA
O14965,5OSF,✅ Downloaded from PDB,KIBA
O14965,5ZAN,✅ Downloaded from PDB,KIBA
O14965,6C2R,✅ Downloaded from PDB,KIBA
O14965,6C2T,✅ Downloaded from PDB,KIBA
O14965,6C83,✅ Downloaded from PDB,KIBA
O14965,6CPE,✅ Downloaded from PDB,KIBA
O14965,6CPF,✅ Downloaded from PDB,KIBA
O14965,6CPG,✅ Downloaded from PDB,KIBA
O14965,6GRA,✅ Downloaded from PDB,KIBA
O14965,6HJJ,✅ Downloaded from PDB,KIBA
O14965,6HJK,✅ Downloaded from PDB,KIBA
O14965,6I2U,✅ Downloaded from PDB,KIBA
O14965,6R49,✅ Downloaded from PDB,KIBA
O14965,6R4A,✅ Downloaded from PDB,KIBA
O14965,6R4B,✅ Downloaded from PDB,KIBA
O14965,6R4C,✅ Downloaded from PDB,KIBA
O14965,6R4D,✅ Downloaded from PDB,KIBA
O14965,6VPG,✅ Downloaded from PDB,KIBA
O14965,6VPH,✅ Downloaded from PDB,KIBA
O14965,6VPI,✅ Downloaded from PDB,KIBA
O14965,6VPJ,✅ Downloaded from PDB,KIBA
O14965,6VPL,✅ Downloaded from PDB,KIBA
O14965,6VPM,✅ Downloaded from PDB,KIBA
O14965,6XKA,✅ Downloaded from PDB,KIBA
O14965,6Z4Y,✅ Downloaded from PDB,KIBA
O14965,7AYH,✅ Downloaded from PDB,KIBA
O14965,7AYI,✅ Downloaded from PDB,KIBA
O14965,7FIC,✅ Downloaded from PDB,KIBA
O14965,7O2V,✅ Downloaded from PDB,KIBA
O14965,7ZTL,✅ Downloaded from PDB,KIBA
O14965,8C14,✅ Downloaded from PDB,KIBA
O14965,8C15,✅ Downloaded from PDB,KIBA
O14965,8C1D,✅ Downloaded from PDB,KIBA
O14965,8C1E,✅ Downloaded from PDB,KIBA
O14965,8C1F,✅ Downloaded from PDB,KIBA
O14965,8C1G,✅ Downloaded from PDB,KIBA
O14965,8C1H,✅ Downloaded from PDB,KIBA
O14965,8C1I,✅ Downloaded from PDB,KIBA
O14965,8C1K,✅ Downloaded from PDB,KIBA
O14965,8C1M,✅ Downloaded from PDB,KIBA
O14965,8GUW,✅ Downloaded from PDB,KIBA
O14965,8JF4,✅ Downloaded from PDB,KIBA
O14965,8JG8,✅ Downloaded from PDB,KIBA
O14965,8JMX,✅ Downloaded from PDB,KIBA
O14965,8OF5,✅ Downloaded from PDB,KIBA
O14965,8PR7,✅ Downloaded from PDB,KIBA
O14965,8SSO,✅ Downloaded from PDB,KIBA
O14965,8SSP,✅ Downloaded from PDB,KIBA
O15075,1MFW,✅ Downloaded from PDB,KIBA
O15075,1MG4,✅ Downloaded from PDB,KIBA
O15075,1UF0,✅ Downloaded from PDB,KIBA
O15075,5JZJ,✅ Downloaded from PDB,KIBA
O15075,5JZN,✅ Downloaded from PDB,KIBA
O15075,6KYQ,✅ Downloaded from PDB,KIBA
O15075,6KYR,✅ Downloaded from PDB,KIBA
O15075,7F3G,✅ Downloaded from PDB,KIBA
O15075,7KX6,✅ Downloaded from PDB,KIBA
O15075,7KX8,✅ Downloaded from PDB,KIBA
O15075,7KXW,✅ Downloaded from PDB,KIBA
O15111,3BRT,✅ Downloaded from PDB,KIBA
O15111,5EBZ,✅ Downloaded from PDB,KIBA
O15111,5TQW,✅ Downloaded from PDB,KIBA
O15111,5TQX,✅ Downloaded from PDB,KIBA
O15111,5TQY,✅ Downloaded from PDB,KIBA
O15264,3COI,✅ Downloaded from PDB,KIBA
O15264,4EYJ,✅ Downloaded from PDB,KIBA
O15264,4EYM,✅ Downloaded from PDB,KIBA
O15264,4MYG,✅ Downloaded from PDB,KIBA
O15264,4YNO,✅ Downloaded from PDB,KIBA
O15264,5EKN,✅ Downloaded from PDB,KIBA
O15264,5EKO,✅ Downloaded from PDB,KIBA
O15264,8X23,✅ Downloaded from PDB,KIBA
O15530,1H1W,✅ Downloaded from PDB,KIBA
O15530,1OKY,✅ Downloaded from PDB,KIBA
O15530,1OKZ,✅ Downloaded from PDB,KIBA
O15530,1UU3,✅ Downloaded from PDB,KIBA
O15530,1UU7,✅ Downloaded from PDB,KIBA
O15530,1UU8,✅ Downloaded from PDB,KIBA
O15530,1UU9,✅ Downloaded from PDB,KIBA
O15530,1UVR,✅ Downloaded from PDB,KIBA
O15530,1W1D,✅ Downloaded from PDB,KIBA
O15530,1W1G,✅ Downloaded from PDB,KIBA
O15530,1W1H,✅ Downloaded from PDB,KIBA
O15530,1Z5M,✅ Downloaded from PDB,KIBA
O15530,2BIY,✅ Downloaded from PDB,KIBA
O15530,2PE0,✅ Downloaded from PDB,KIBA
O15530,2PE1,✅ Downloaded from PDB,KIBA
O15530,2PE2,✅ Downloaded from PDB,KIBA
O15530,2R7B,✅ Downloaded from PDB,KIBA
O15530,2VKI,✅ Downloaded from PDB,KIBA
O15530,2XCH,✅ Downloaded from PDB,KIBA
O15530,2XCK,✅ Downloaded from PDB,KIBA
O15530,3H9O,✅ Downloaded from PDB,KIBA
O15530,3HRC,✅ Downloaded from PDB,KIBA
O15530,3HRF,✅ Downloaded from PDB,KIBA
O15530,3ION,✅ Downloaded from PDB,KIBA
O15530,3IOP,"⚠️ PDB Exception: HTTPSConnectionPool(host='files.rcsb.org', port=443): Read timed out. (read timeout=10)",KIBA
O15530,3NAX,✅ Downloaded from PDB,KIBA
O15530,3NAY,✅ Downloaded from PDB,KIBA
O15530,3NUN,✅ Downloaded from PDB,KIBA
O15530,3NUS,✅ Downloaded from PDB,KIBA
O15530,3NUU,✅ Downloaded from PDB,KIBA
O15530,3NUY,✅ Downloaded from PDB,KIBA
O15530,3ORX,✅ Downloaded from PDB,KIBA
O15530,3ORZ,✅ Downloaded from PDB,KIBA
O15530,3OTU,✅ Downloaded from PDB,KIBA
O15530,3PWY,✅ Downloaded from PDB,KIBA
O15530,3QC4,✅ Downloaded from PDB,KIBA
O15530,3QCQ,✅ Downloaded from PDB,KIBA
O15530,3QCS,✅ Downloaded from PDB,KIBA
O15530,3QCX,"⚠️ PDB Exception: HTTPSConnectionPool(host='files.rcsb.org', port=443): Read timed out. (read timeout=10)",KIBA
O15530,3QCY,✅ Downloaded from PDB,KIBA
O15530,3QD0,✅ Downloaded from PDB,KIBA
O15530,3QD3,✅ Downloaded from PDB,KIBA
O15530,3QD4,✅ Downloaded from PDB,KIBA
O15530,3RCJ,✅ Downloaded from PDB,KIBA
O15530,3RWP,✅ Downloaded from PDB,KIBA
O15530,3RWQ,✅ Downloaded from PDB,KIBA
O15530,3SC1,✅ Downloaded from PDB,KIBA
O15530,4A06,✅ Downloaded from PDB,KIBA
O15530,4A07,✅ Downloaded from PDB,KIBA
O15530,4AW0,✅ Downloaded from PDB,KIBA
O15530,4AW1,✅ Downloaded from PDB,KIBA
O15530,4CT1,✅ Downloaded from PDB,KIBA
O15530,4CT2,✅ Downloaded from PDB,KIBA
O15530,4RQK,✅ Downloaded from PDB,KIBA
O15530,4RQV,"⚠️ PDB Exception: HTTPSConnectionPool(host='files.rcsb.org', port=443): Read timed out. (read timeout=10)",KIBA
O15530,4RRV,✅ Downloaded from PDB,KIBA
O15530,4XX9,✅ Downloaded from PDB,KIBA
O15530,5ACK,✅ Downloaded from PDB,KIBA
O15530,5HKM,✅ Downloaded from PDB,KIBA
O15530,5HNG,✅ Downloaded from PDB,KIBA
O15530,5HO7,✅ Downloaded from PDB,KIBA
O15530,5HO8,✅ Downloaded from PDB,KIBA
O15530,5LVL,✅ Downloaded from PDB,KIBA
O15530,5LVM,✅ Downloaded from PDB,KIBA
O15530,5LVN,✅ Downloaded from PDB,KIBA
O15530,5LVO,✅ Downloaded from PDB,KIBA
O15530,5LVP,✅ Downloaded from PDB,KIBA
O15530,5MRD,✅ Downloaded from PDB,KIBA
O15530,6WJQ,✅ Downloaded from PDB,KIBA
O15530,8DQT,✅ Downloaded from PDB,KIBA
O43293,1YRP,✅ Downloaded from PDB,KIBA
O43293,2J90,✅ Downloaded from PDB,KIBA
O43293,3BHY,✅ Downloaded from PDB,KIBA
O43293,3BQR,✅ Downloaded from PDB,KIBA
O43293,5A6N,✅ Downloaded from PDB,KIBA
O43293,5A6O,✅ Downloaded from PDB,KIBA
O43293,5VJA,✅ Downloaded from PDB,KIBA
O43741,2F15,✅ Downloaded from PDB,KIBA
O43741,2V8Q,✅ Downloaded from PDB,KIBA
O43741,2V92,✅ Downloaded from PDB,KIBA
O43741,2V9J,✅ Downloaded from PDB,KIBA
O43741,2Y8L,✅ Downloaded from PDB,KIBA
O43741,2Y8Q,✅ Downloaded from PDB,KIBA
O43741,2YA3,✅ Downloaded from PDB,KIBA
O43741,4CFH,✅ Downloaded from PDB,KIBA
O43741,4EAI,✅ Downloaded from PDB,KIBA
O43741,4EAJ,✅ Downloaded from PDB,KIBA
O43741,4RER,✅ Downloaded from PDB,KIBA
O43741,4REW,✅ Downloaded from PDB,KIBA
O43741,6B2E,✅ Downloaded from PDB,KIBA
O43741,7JHG,✅ Downloaded from PDB,KIBA
O43741,7JHH,✅ Downloaded from PDB,KIBA
O43741,7JIJ,✅ Downloaded from PDB,KIBA
O43741,7M74,✅ Downloaded from PDB,KIBA
O43781,5Y86,✅ Downloaded from PDB,KIBA
O60285,AF-O60285-F1,✅ Downloaded from AlphaFold,KIBA
O60674,2B7A,✅ Downloaded from PDB,KIBA
O60674,2W1I,✅ Downloaded from PDB,KIBA
O60674,2XA4,✅ Downloaded from PDB,KIBA
O60674,3E62,✅ Downloaded from PDB,KIBA
O60674,3E63,✅ Downloaded from PDB,KIBA
O60674,3E64,✅ Downloaded from PDB,KIBA
O60674,3FUP,✅ Downloaded from PDB,KIBA
O60674,3IO7,✅ Downloaded from PDB,KIBA
O60674,3IOK,✅ Downloaded from PDB,KIBA
O60674,3JY9,✅ Downloaded from PDB,KIBA
O60674,3KCK,✅ Downloaded from PDB,KIBA
O60674,3KRR,✅ Downloaded from PDB,KIBA
O60674,3LPB,✅ Downloaded from PDB,KIBA
O60674,3Q32,✅ Downloaded from PDB,KIBA
O60674,3RVG,✅ Downloaded from PDB,KIBA
O60674,3TJC,✅ Downloaded from PDB,KIBA
O60674,3TJD,✅ Downloaded from PDB,KIBA
O60674,3UGC,✅ Downloaded from PDB,KIBA
O60674,3ZMM,✅ Downloaded from PDB,KIBA
O60674,4AQC,✅ Downloaded from PDB,KIBA
O60674,4BBE,✅ Downloaded from PDB,KIBA
O60674,4BBF,✅ Downloaded from PDB,KIBA
O60674,4C61,✅ Downloaded from PDB,KIBA
O60674,4C62,✅ Downloaded from PDB,KIBA
O60674,4D0W,✅ Downloaded from PDB,KIBA
O60674,4D0X,✅ Downloaded from PDB,KIBA
O60674,4D1S,✅ Downloaded from PDB,KIBA
O60674,4E4M,✅ Downloaded from PDB,KIBA
O60674,4E6D,✅ Downloaded from PDB,KIBA
O60674,4E6Q,"⚠️ PDB Exception: HTTPSConnectionPool(host='files.rcsb.org', port=443): Max retries exceeded with url: /download/4E6Q.pdb (Caused by SSLError(SSLEOFError(8, '[SSL: UNEXPECTED_EOF_WHILE_READING] EOF occurred in violation of protocol (_ssl.c:1006)')))",KIBA
O60674,4F08,✅ Downloaded from PDB,KIBA
O60674,4F09,✅ Downloaded from PDB,KIBA
O60674,4FVP,✅ Downloaded from PDB,KIBA
O60674,4FVQ,✅ Downloaded from PDB,KIBA
O60674,4FVR,"⚠️ PDB Exception: HTTPSConnectionPool(host='files.rcsb.org', port=443): Read timed out. (read timeout=10)",KIBA
O60674,4GFM,✅ Downloaded from PDB,KIBA
O60674,4GMY,✅ Downloaded from PDB,KIBA
O60674,4HGE,✅ Downloaded from PDB,KIBA
O60674,4IVA,✅ Downloaded from PDB,KIBA
O60674,4JI9,✅ Downloaded from PDB,KIBA
O60674,4JIA,"⚠️ PDB Exception: HTTPSConnectionPool(host='files.rcsb.org', port=443): Read timed out. (read timeout=10)",KIBA
O60674,4P7E,✅ Downloaded from PDB,KIBA
O60674,4YTC,✅ Downloaded from PDB,KIBA
O60674,4YTF,✅ Downloaded from PDB,KIBA
O60674,4YTH,✅ Downloaded from PDB,KIBA
O60674,4YTI,✅ Downloaded from PDB,KIBA
O60674,4Z32,✅ Downloaded from PDB,KIBA
O60674,4ZIM,✅ Downloaded from PDB,KIBA
O60674,5AEP,✅ Downloaded from PDB,KIBA
O60674,5CF4,✅ Downloaded from PDB,KIBA
O60674,5CF5,✅ Downloaded from PDB,KIBA
O60674,5CF6,✅ Downloaded from PDB,KIBA
O60674,5CF8,✅ Downloaded from PDB,KIBA
O60674,5HEZ,✅ Downloaded from PDB,KIBA
O60674,5I4N,✅ Downloaded from PDB,KIBA
O60674,5L3A,✅ Downloaded from PDB,KIBA
O60674,5TQ3,✅ Downloaded from PDB,KIBA
O60674,5TQ4,✅ Downloaded from PDB,KIBA
O60674,5TQ5,✅ Downloaded from PDB,KIBA
O60674,5TQ6,✅ Downloaded from PDB,KIBA
O60674,5TQ7,✅ Downloaded from PDB,KIBA
O60674,5TQ8,"⚠️ PDB Exception: HTTPSConnectionPool(host='files.rcsb.org', port=443): Read timed out. (read timeout=10)",KIBA
O60674,5USY,✅ Downloaded from PDB,KIBA
O60674,5USZ,✅ Downloaded from PDB,KIBA
O60674,5UT0,✅ Downloaded from PDB,KIBA
O60674,5UT1,✅ Downloaded from PDB,KIBA
O60674,5UT2,✅ Downloaded from PDB,KIBA
O60674,5UT3,✅ Downloaded from PDB,KIBA
O60674,5UT4,✅ Downloaded from PDB,KIBA
O60674,5UT5,✅ Downloaded from PDB,KIBA
O60674,5UT6,✅ Downloaded from PDB,KIBA
O60674,5WEV,✅ Downloaded from PDB,KIBA
O60674,5WIJ,✅ Downloaded from PDB,KIBA
O60674,5WIK,✅ Downloaded from PDB,KIBA
O60674,5WIL,✅ Downloaded from PDB,KIBA
O60674,5WIM,✅ Downloaded from PDB,KIBA
O60674,5WIN,✅ Downloaded from PDB,KIBA
O60674,6AAJ,"⚠️ PDB Exception: HTTPSConnectionPool(host='files.rcsb.org', port=443): Read timed out. (read timeout=10)",KIBA
O60674,6BBV,✅ Downloaded from PDB,KIBA
O60674,6BRW,✅ Downloaded from PDB,KIBA
O60674,6BS0,✅ Downloaded from PDB,KIBA
O60674,6BSS,✅ Downloaded from PDB,KIBA
O60674,6D2I,✅ Downloaded from PDB,KIBA
O60674,6DRW,✅ Downloaded from PDB,KIBA
O60674,6E2P,✅ Downloaded from PDB,KIBA
O60674,6E2Q,✅ Downloaded from PDB,KIBA
O60674,6G3C,✅ Downloaded from PDB,KIBA
O60674,6M9H,✅ Downloaded from PDB,KIBA
O60674,6OAV,✅ Downloaded from PDB,KIBA
O60674,6OBB,✅ Downloaded from PDB,KIBA
O60674,6OBF,✅ Downloaded from PDB,KIBA
O60674,6OBL,✅ Downloaded from PDB,KIBA
O60674,6OCC,✅ Downloaded from PDB,KIBA
O60674,6TPD,✅ Downloaded from PDB,KIBA
O60674,6VGL,✅ Downloaded from PDB,KIBA
O60674,6VN8,✅ Downloaded from PDB,KIBA
O60674,6VNB,✅ Downloaded from PDB,KIBA
O60674,6VNC,✅ Downloaded from PDB,KIBA
O60674,6VNE,✅ Downloaded from PDB,KIBA
O60674,6VNF,✅ Downloaded from PDB,KIBA
O60674,6VNG,✅ Downloaded from PDB,KIBA
O60674,6VNH,✅ Downloaded from PDB,KIBA
O60674,6VNI,✅ Downloaded from PDB,KIBA
O60674,6VNJ,✅ Downloaded from PDB,KIBA
O60674,6VNK,✅ Downloaded from PDB,KIBA
O60674,6VNL,✅ Downloaded from PDB,KIBA
O60674,6VNM,✅ Downloaded from PDB,KIBA
O60674,6VS3,✅ Downloaded from PDB,KIBA
O60674,6VSN,✅ Downloaded from PDB,KIBA
O60674,6WTN,✅ Downloaded from PDB,KIBA
O60674,6WTO,✅ Downloaded from PDB,KIBA
O60674,6WTP,✅ Downloaded from PDB,KIBA
O60674,6WTQ,✅ Downloaded from PDB,KIBA
O60674,6X8E,✅ Downloaded from PDB,KIBA
O60674,6XJK,✅ Downloaded from PDB,KIBA
O60674,7F7W,✅ Downloaded from PDB,KIBA
O60674,7JYO,✅ Downloaded from PDB,KIBA
O60674,7JYQ,✅ Downloaded from PDB,KIBA
O60674,7LL4,✅ Downloaded from PDB,KIBA
O60674,7LL5,✅ Downloaded from PDB,KIBA
O60674,7Q7I,✅ Downloaded from PDB,KIBA
O60674,7Q7K,✅ Downloaded from PDB,KIBA
O60674,7Q7L,✅ Downloaded from PDB,KIBA
O60674,7Q7W,✅ Downloaded from PDB,KIBA
O60674,7REE,✅ Downloaded from PDB,KIBA
O60674,7RN6,✅ Downloaded from PDB,KIBA
O60674,7SZW,✅ Downloaded from PDB,KIBA
O60674,7T0P,✅ Downloaded from PDB,KIBA
O60674,7T1T,✅ Downloaded from PDB,KIBA
O60674,7TEU,✅ Downloaded from PDB,KIBA
O60674,7UYW,✅ Downloaded from PDB,KIBA
O60674,8B8N,✅ Downloaded from PDB,KIBA
O60674,8B8U,✅ Downloaded from PDB,KIBA
O60674,8B99,✅ Downloaded from PDB,KIBA
O60674,8B9E,✅ Downloaded from PDB,KIBA
O60674,8B9H,✅ Downloaded from PDB,KIBA
O60674,8BA2,✅ Downloaded from PDB,KIBA
O60674,8BA3,✅ Downloaded from PDB,KIBA
O60674,8BA4,✅ Downloaded from PDB,KIBA
O60674,8BAB,✅ Downloaded from PDB,KIBA
O60674,8BAK,✅ Downloaded from PDB,KIBA
O60674,8BM2,✅ Downloaded from PDB,KIBA
O60674,8BPV,✅ Downloaded from PDB,KIBA
O60674,8BPW,✅ Downloaded from PDB,KIBA
O60674,8BX6,✅ Downloaded from PDB,KIBA
O60674,8BX9,✅ Downloaded from PDB,KIBA
O60674,8BXC,✅ Downloaded from PDB,KIBA
O60674,8BXH,✅ Downloaded from PDB,KIBA
O60674,8C08,✅ Downloaded from PDB,KIBA
O60674,8C09,✅ Downloaded from PDB,KIBA
O60674,8C0A,✅ Downloaded from PDB,KIBA
O60674,8CZ9,✅ Downloaded from PDB,KIBA
O60674,8EX0,✅ Downloaded from PDB,KIBA
O60674,8EX1,✅ Downloaded from PDB,KIBA
O60674,8EX2,✅ Downloaded from PDB,KIBA
O60674,8EXK,✅ Downloaded from PDB,KIBA
O60674,8EYA,✅ Downloaded from PDB,KIBA
O60674,8EYB,✅ Downloaded from PDB,KIBA
O60674,8F88,✅ Downloaded from PDB,KIBA
O60674,8G6Z,✅ Downloaded from PDB,KIBA
O60674,8G8O,✅ Downloaded from PDB,KIBA
O60674,8G8X,✅ Downloaded from PDB,KIBA
O75116,4L6Q,✅ Downloaded from PDB,KIBA
O75116,4WOT,✅ Downloaded from PDB,KIBA
O75116,5U7Q,✅ Downloaded from PDB,KIBA
O75116,5U7R,✅ Downloaded from PDB,KIBA
O75116,6ED6,✅ Downloaded from PDB,KIBA
O75116,6P5M,✅ Downloaded from PDB,KIBA
O75116,6P5P,✅ Downloaded from PDB,KIBA
O75116,7JNT,✅ Downloaded from PDB,KIBA
O75116,7JOV,✅ Downloaded from PDB,KIBA
O75116,7P6N,✅ Downloaded from PDB,KIBA
O75116,8GDS,✅ Downloaded from PDB,KIBA
O75116,9EP8,❌ PDB Download failed,KIBA
O75582,1VZO,✅ Downloaded from PDB,KIBA
O75582,3KN5,✅ Downloaded from PDB,KIBA
O75582,3KN6,✅ Downloaded from PDB,KIBA
O75582,7UP4,✅ Downloaded from PDB,KIBA
O75582,7UP5,✅ Downloaded from PDB,KIBA
O75582,7UP6,✅ Downloaded from PDB,KIBA
O75582,7UP7,✅ Downloaded from PDB,KIBA
O75582,7UP8,✅ Downloaded from PDB,KIBA
O75676,AF-O75676-F1,✅ Downloaded from AlphaFold,KIBA
O94806,2D9Z,✅ Downloaded from PDB,KIBA
O95819,4OBO,✅ Downloaded from PDB,KIBA
O95819,4OBP,✅ Downloaded from PDB,KIBA
O95819,4OBQ,✅ Downloaded from PDB,KIBA
O95819,4RVT,✅ Downloaded from PDB,KIBA
O95819,4U3Y,✅ Downloaded from PDB,KIBA
O95819,4U3Z,✅ Downloaded from PDB,KIBA
O95819,4U40,✅ Downloaded from PDB,KIBA
O95819,4U41,✅ Downloaded from PDB,KIBA
O95819,4U42,✅ Downloaded from PDB,KIBA
O95819,4U43,✅ Downloaded from PDB,KIBA
O95819,4U44,✅ Downloaded from PDB,KIBA
O95819,4U45,✅ Downloaded from PDB,KIBA
O95819,4ZK5,✅ Downloaded from PDB,KIBA
O95819,4ZP5,✅ Downloaded from PDB,KIBA
O95819,5DI1,✅ Downloaded from PDB,KIBA
O95819,5J95,✅ Downloaded from PDB,KIBA
O95819,5W5Q,✅ Downloaded from PDB,KIBA
O96013,2BVA,✅ Downloaded from PDB,KIBA
O96013,2CDZ,✅ Downloaded from PDB,KIBA
O96013,2J0I,✅ Downloaded from PDB,KIBA
O96013,2OV2,✅ Downloaded from PDB,KIBA
O96013,2Q0N,✅ Downloaded from PDB,KIBA
O96013,2X4Z,✅ Downloaded from PDB,KIBA
O96013,4APP,✅ Downloaded from PDB,KIBA
O96013,4FIE,✅ Downloaded from PDB,KIBA
O96013,4FIF,✅ Downloaded from PDB,KIBA
O96013,4FIG,✅ Downloaded from PDB,KIBA
O96013,4FIH,✅ Downloaded from PDB,KIBA
O96013,4FII,✅ Downloaded from PDB,KIBA
O96013,4FIJ,✅ Downloaded from PDB,KIBA
O96013,4JDH,✅ Downloaded from PDB,KIBA
O96013,4JDI,✅ Downloaded from PDB,KIBA
O96013,4JDJ,✅ Downloaded from PDB,KIBA
O96013,4JDK,✅ Downloaded from PDB,KIBA
O96013,4L67,✅ Downloaded from PDB,KIBA
O96013,4NJD,✅ Downloaded from PDB,KIBA
O96013,4O0V,✅ Downloaded from PDB,KIBA
O96013,4O0X,✅ Downloaded from PDB,KIBA
O96013,4O0Y,✅ Downloaded from PDB,KIBA
O96013,4XBR,✅ Downloaded from PDB,KIBA
O96013,4XBU,✅ Downloaded from PDB,KIBA
O96013,5BMS,✅ Downloaded from PDB,KIBA
O96013,5I0B,✅ Downloaded from PDB,KIBA
O96013,5UPK,✅ Downloaded from PDB,KIBA
O96013,5UPL,✅ Downloaded from PDB,KIBA
O96013,5VED,✅ Downloaded from PDB,KIBA
O96013,5VEE,✅ Downloaded from PDB,KIBA
O96013,5VEF,✅ Downloaded from PDB,KIBA
O96013,5XVA,✅ Downloaded from PDB,KIBA
O96013,5XVF,✅ Downloaded from PDB,KIBA
O96013,5XVG,✅ Downloaded from PDB,KIBA
O96013,5ZJW,✅ Downloaded from PDB,KIBA
O96013,6WLX,✅ Downloaded from PDB,KIBA
O96013,6WLY,✅ Downloaded from PDB,KIBA
O96013,7CMB,✅ Downloaded from PDB,KIBA
O96013,7CP3,✅ Downloaded from PDB,KIBA
O96013,7CP4,✅ Downloaded from PDB,KIBA
O96013,7S46,✅ Downloaded from PDB,KIBA
O96013,7S47,✅ Downloaded from PDB,KIBA
O96013,7S48,✅ Downloaded from PDB,KIBA
O96013,8AHG,✅ Downloaded from PDB,KIBA
O96013,8AHH,✅ Downloaded from PDB,KIBA
O96013,8AHI,✅ Downloaded from PDB,KIBA
O96013,8YHK,✅ Downloaded from PDB,KIBA
O96017,1GXC,✅ Downloaded from PDB,KIBA
O96017,2CN5,✅ Downloaded from PDB,KIBA
O96017,2CN8,✅ Downloaded from PDB,KIBA
O96017,2W0J,✅ Downloaded from PDB,KIBA
O96017,2W7X,✅ Downloaded from PDB,KIBA
O96017,2WTC,✅ Downloaded from PDB,KIBA
O96017,2WTD,✅ Downloaded from PDB,KIBA
O96017,2WTI,✅ Downloaded from PDB,KIBA
O96017,2WTJ,✅ Downloaded from PDB,KIBA
O96017,2XBJ,✅ Downloaded from PDB,KIBA
O96017,2XK9,✅ Downloaded from PDB,KIBA
O96017,2XM8,✅ Downloaded from PDB,KIBA
O96017,2XM9,✅ Downloaded from PDB,KIBA
O96017,2YCF,✅ Downloaded from PDB,KIBA
O96017,2YCQ,✅ Downloaded from PDB,KIBA
O96017,2YCR,✅ Downloaded from PDB,KIBA
O96017,2YCS,✅ Downloaded from PDB,KIBA
O96017,2YIQ,✅ Downloaded from PDB,KIBA
O96017,2YIR,✅ Downloaded from PDB,KIBA
O96017,2YIT,✅ Downloaded from PDB,KIBA
O96017,3I6U,✅ Downloaded from PDB,KIBA
O96017,3I6W,✅ Downloaded from PDB,KIBA
O96017,3VA4,✅ Downloaded from PDB,KIBA
O96017,4A9R,✅ Downloaded from PDB,KIBA
O96017,4A9S,✅ Downloaded from PDB,KIBA
O96017,4A9T,✅ Downloaded from PDB,KIBA
O96017,4A9U,✅ Downloaded from PDB,KIBA
O96017,4BDA,✅ Downloaded from PDB,KIBA
O96017,4BDB,✅ Downloaded from PDB,KIBA
O96017,4BDC,✅ Downloaded from PDB,KIBA
O96017,4BDD,✅ Downloaded from PDB,KIBA
O96017,4BDE,✅ Downloaded from PDB,KIBA
O96017,4BDF,✅ Downloaded from PDB,KIBA
O96017,4BDG,✅ Downloaded from PDB,KIBA
O96017,4BDH,✅ Downloaded from PDB,KIBA
O96017,4BDI,✅ Downloaded from PDB,KIBA
O96017,4BDJ,✅ Downloaded from PDB,KIBA
O96017,4BDK,✅ Downloaded from PDB,KIBA
P00519,1AB2,✅ Downloaded from PDB,KIBA
P00519,1AWO,✅ Downloaded from PDB,KIBA
P00519,1BBZ,✅ Downloaded from PDB,KIBA
P00519,1JU5,✅ Downloaded from PDB,KIBA
P00519,1OPL,✅ Downloaded from PDB,KIBA
P00519,1ZZP,✅ Downloaded from PDB,KIBA
P00519,2ABL,✅ Downloaded from PDB,KIBA
P00519,2E2B,✅ Downloaded from PDB,KIBA
P00519,2F4J,✅ Downloaded from PDB,KIBA
P00519,2FO0,✅ Downloaded from PDB,KIBA
P00519,2G1T,✅ Downloaded from PDB,KIBA
P00519,2G2F,✅ Downloaded from PDB,KIBA
P00519,2G2H,✅ Downloaded from PDB,KIBA
P00519,2G2I,✅ Downloaded from PDB,KIBA
P00519,2GQG,✅ Downloaded from PDB,KIBA
P00519,2HIW,✅ Downloaded from PDB,KIBA
P00519,2HYY,✅ Downloaded from PDB,KIBA
P00519,2HZ0,✅ Downloaded from PDB,KIBA
P00519,2HZ4,✅ Downloaded from PDB,KIBA
P00519,2HZI,✅ Downloaded from PDB,KIBA
P00519,2O88,✅ Downloaded from PDB,KIBA
P00519,2V7A,✅ Downloaded from PDB,KIBA
P00519,3CS9,✅ Downloaded from PDB,KIBA
P00519,3EG0,✅ Downloaded from PDB,KIBA
P00519,3EG1,✅ Downloaded from PDB,KIBA
P00519,3EG2,✅ Downloaded from PDB,KIBA
P00519,3EG3,✅ Downloaded from PDB,KIBA
P00519,3EGU,✅ Downloaded from PDB,KIBA
P00519,3K2M,✅ Downloaded from PDB,KIBA
P00519,3PYY,✅ Downloaded from PDB,KIBA
P00519,3QRI,✅ Downloaded from PDB,KIBA
P00519,3QRJ,✅ Downloaded from PDB,KIBA
P00519,3QRK,✅ Downloaded from PDB,KIBA
P00519,3T04,✅ Downloaded from PDB,KIBA
P00519,3UE4,✅ Downloaded from PDB,KIBA
P00519,3UYO,✅ Downloaded from PDB,KIBA
P00519,4J9B,✅ Downloaded from PDB,KIBA
P00519,4J9C,✅ Downloaded from PDB,KIBA
P00519,4J9D,✅ Downloaded from PDB,KIBA
P00519,4J9E,✅ Downloaded from PDB,KIBA
P00519,4J9F,✅ Downloaded from PDB,KIBA
P00519,4J9G,✅ Downloaded from PDB,KIBA
P00519,4J9H,✅ Downloaded from PDB,KIBA
P00519,4J9I,✅ Downloaded from PDB,KIBA
P00519,4JJB,✅ Downloaded from PDB,KIBA
P00519,4JJC,✅ Downloaded from PDB,KIBA
P00519,4JJD,✅ Downloaded from PDB,KIBA
P00519,4TWP,✅ Downloaded from PDB,KIBA
P00519,4WA9,✅ Downloaded from PDB,KIBA
P00519,4XEY,✅ Downloaded from PDB,KIBA
P00519,4YC8,✅ Downloaded from PDB,KIBA
P00519,4ZOG,✅ Downloaded from PDB,KIBA
P00519,5DC0,✅ Downloaded from PDB,KIBA
P00519,5DC4,✅ Downloaded from PDB,KIBA
P00519,5DC9,✅ Downloaded from PDB,KIBA
P00519,5HU9,✅ Downloaded from PDB,KIBA
P00519,5MO4,✅ Downloaded from PDB,KIBA
P00519,5NP2,✅ Downloaded from PDB,KIBA
P00519,5OAZ,✅ Downloaded from PDB,KIBA
P00519,6AMV,✅ Downloaded from PDB,KIBA
P00519,6AMW,✅ Downloaded from PDB,KIBA
P00519,6BL8,✅ Downloaded from PDB,KIBA
P00519,6NPE,✅ Downloaded from PDB,KIBA
P00519,6NPU,✅ Downloaded from PDB,KIBA
P00519,6NPV,✅ Downloaded from PDB,KIBA
P00519,6XR6,✅ Downloaded from PDB,KIBA
P00519,6XR7,✅ Downloaded from PDB,KIBA
P00519,6XRG,✅ Downloaded from PDB,KIBA
P00519,7CC2,✅ Downloaded from PDB,KIBA
P00519,7DT2,✅ Downloaded from PDB,KIBA
P00519,7N9G,✅ Downloaded from PDB,KIBA
P00519,7PVQ,✅ Downloaded from PDB,KIBA
P00519,7PVR,✅ Downloaded from PDB,KIBA
P00519,7PVS,✅ Downloaded from PDB,KIBA
P00519,7PVV,✅ Downloaded from PDB,KIBA
P00519,7PW2,✅ Downloaded from PDB,KIBA
P00519,7W7X,✅ Downloaded from PDB,KIBA
P00519,7W7Y,✅ Downloaded from PDB,KIBA
P00519,8H7F,✅ Downloaded from PDB,KIBA
P00519,8H7H,✅ Downloaded from PDB,KIBA
P00519,8I7S,✅ Downloaded from PDB,KIBA
P00519,8I7T,✅ Downloaded from PDB,KIBA
P00519,8I7Z,✅ Downloaded from PDB,KIBA
P00519,8SSN,✅ Downloaded from PDB,KIBA
P00533,1IVO,✅ Downloaded from PDB,KIBA
P00533,1M14,✅ Downloaded from PDB,KIBA
P00533,1M17,✅ Downloaded from PDB,KIBA
P00533,1MOX,✅ Downloaded from PDB,KIBA
P00533,1NQL,✅ Downloaded from PDB,KIBA
P00533,1XKK,✅ Downloaded from PDB,KIBA
P00533,1YY9,✅ Downloaded from PDB,KIBA
P00533,1Z9I,✅ Downloaded from PDB,KIBA
P00533,2EB2,✅ Downloaded from PDB,KIBA
P00533,2EB3,✅ Downloaded from PDB,KIBA
P00533,2GS2,✅ Downloaded from PDB,KIBA
P00533,2GS6,✅ Downloaded from PDB,KIBA
P00533,2GS7,✅ Downloaded from PDB,KIBA
P00533,2ITN,✅ Downloaded from PDB,KIBA
P00533,2ITO,✅ Downloaded from PDB,KIBA
P00533,2ITP,✅ Downloaded from PDB,KIBA
P00533,2ITQ,✅ Downloaded from PDB,KIBA
P00533,2ITT,✅ Downloaded from PDB,KIBA
P00533,2ITU,✅ Downloaded from PDB,KIBA
P00533,2ITV,✅ Downloaded from PDB,KIBA
P00533,2ITW,✅ Downloaded from PDB,KIBA
P00533,2ITX,✅ Downloaded from PDB,KIBA
P00533,2ITY,✅ Downloaded from PDB,KIBA
P00533,2ITZ,✅ Downloaded from PDB,KIBA
P00533,2J5E,✅ Downloaded from PDB,KIBA
P00533,2J5F,✅ Downloaded from PDB,KIBA
P00533,2J6M,✅ Downloaded from PDB,KIBA
P00533,2JIT,✅ Downloaded from PDB,KIBA
P00533,2JIU,"⚠️ PDB Exception: HTTPSConnectionPool(host='files.rcsb.org', port=443): Read timed out. (read timeout=10)",KIBA
P00533,2JIV,✅ Downloaded from PDB,KIBA
P00533,2KS1,✅ Downloaded from PDB,KIBA
P00533,2M0B,"⚠️ PDB Exception: HTTPSConnectionPool(host='files.rcsb.org', port=443): Read timed out. (read timeout=10)",KIBA
P00533,2M20,✅ Downloaded from PDB,KIBA
P00533,2N5S,✅ Downloaded from PDB,KIBA
P00533,2RF9,✅ Downloaded from PDB,KIBA
P00533,2RFD,✅ Downloaded from PDB,KIBA
P00533,2RFE,✅ Downloaded from PDB,KIBA
P00533,2RGP,"⚠️ PDB Exception: HTTPSConnectionPool(host='files.rcsb.org', port=443): Max retries exceeded with url: /download/2RGP.pdb (Caused by SSLError(SSLEOFError(8, '[SSL: UNEXPECTED_EOF_WHILE_READING] EOF occurred in violation of protocol (_ssl.c:1006)')))",KIBA
P00533,3B2U,"⚠️ PDB Exception: HTTPSConnectionPool(host='files.rcsb.org', port=443): Read timed out. (read timeout=10)",KIBA
P00533,3B2V,✅ Downloaded from PDB,KIBA
P00533,3BEL,✅ Downloaded from PDB,KIBA
P00533,3BUO,✅ Downloaded from PDB,KIBA
P00533,3C09,✅ Downloaded from PDB,KIBA
P00533,3G5V,✅ Downloaded from PDB,KIBA
P00533,3G5Y,✅ Downloaded from PDB,KIBA
P00533,3GOP,✅ Downloaded from PDB,KIBA
P00533,3GT8,✅ Downloaded from PDB,KIBA
P00533,3IKA,✅ Downloaded from PDB,KIBA
P00533,3LZB,✅ Downloaded from PDB,KIBA
P00533,3NJP,✅ Downloaded from PDB,KIBA
P00533,3OB2,✅ Downloaded from PDB,KIBA
P00533,3OP0,✅ Downloaded from PDB,KIBA
P00533,3P0Y,✅ Downloaded from PDB,KIBA
P00533,3PFV,✅ Downloaded from PDB,KIBA
P00533,3POZ,✅ Downloaded from PDB,KIBA
P00533,3QWQ,✅ Downloaded from PDB,KIBA
P00533,3UG1,✅ Downloaded from PDB,KIBA
P00533,3UG2,✅ Downloaded from PDB,KIBA
P00533,3VJN,✅ Downloaded from PDB,KIBA
P00533,3VJO,✅ Downloaded from PDB,KIBA
P00533,3VRP,✅ Downloaded from PDB,KIBA
P00533,3VRR,✅ Downloaded from PDB,KIBA
P00533,3W2O,✅ Downloaded from PDB,KIBA
P00533,3W2P,✅ Downloaded from PDB,KIBA
P00533,3W2Q,✅ Downloaded from PDB,KIBA
P00533,3W2R,✅ Downloaded from PDB,KIBA
P00533,3W2S,✅ Downloaded from PDB,KIBA
P00533,3W32,✅ Downloaded from PDB,KIBA
P00533,3W33,✅ Downloaded from PDB,KIBA
P00533,4G5J,✅ Downloaded from PDB,KIBA
P00533,4G5P,✅ Downloaded from PDB,KIBA
P00533,4HJO,✅ Downloaded from PDB,KIBA
P00533,4I1Z,✅ Downloaded from PDB,KIBA
P00533,4I20,✅ Downloaded from PDB,KIBA
P00533,4I21,✅ Downloaded from PDB,KIBA
P00533,4I22,✅ Downloaded from PDB,KIBA
P00533,4I23,✅ Downloaded from PDB,KIBA
P00533,4I24,✅ Downloaded from PDB,KIBA
P00533,4JQ7,✅ Downloaded from PDB,KIBA
P00533,4JQ8,✅ Downloaded from PDB,KIBA
P00533,4JR3,✅ Downloaded from PDB,KIBA
P00533,4JRV,✅ Downloaded from PDB,KIBA
P00533,4KRL,✅ Downloaded from PDB,KIBA
P00533,4KRM,✅ Downloaded from PDB,KIBA
P00533,4KRO,✅ Downloaded from PDB,KIBA
P00533,4KRP,✅ Downloaded from PDB,KIBA
P00533,4LI5,✅ Downloaded from PDB,KIBA
P00533,4LL0,✅ Downloaded from PDB,KIBA
P00533,4LQM,✅ Downloaded from PDB,KIBA
P00533,4LRM,✅ Downloaded from PDB,KIBA
P00533,4R3P,✅ Downloaded from PDB,KIBA
P00533,4R3R,✅ Downloaded from PDB,KIBA
P00533,4R5S,✅ Downloaded from PDB,KIBA
P00533,4RIW,"⚠️ PDB Exception: HTTPSConnectionPool(host='files.rcsb.org', port=443): Read timed out. (read timeout=10)",KIBA
P00533,4RIX,✅ Downloaded from PDB,KIBA
P00533,4RIY,✅ Downloaded from PDB,KIBA
P00533,4RJ4,✅ Downloaded from PDB,KIBA
P00533,4RJ5,✅ Downloaded from PDB,KIBA
P00533,4RJ6,✅ Downloaded from PDB,KIBA
P00533,4RJ7,✅ Downloaded from PDB,KIBA
P00533,4RJ8,✅ Downloaded from PDB,KIBA
P00533,4TKS,✅ Downloaded from PDB,KIBA
P00533,4UIP,✅ Downloaded from PDB,KIBA
P00533,4UV7,✅ Downloaded from PDB,KIBA
P00533,4WD5,✅ Downloaded from PDB,KIBA
P00533,4WKQ,✅ Downloaded from PDB,KIBA
P00533,4WRG,✅ Downloaded from PDB,KIBA
P00533,4ZAU,✅ Downloaded from PDB,KIBA
P00533,4ZJV,✅ Downloaded from PDB,KIBA
P00533,4ZSE,✅ Downloaded from PDB,KIBA
P00533,5C8K,✅ Downloaded from PDB,KIBA
P00533,5C8M,✅ Downloaded from PDB,KIBA
P00533,5C8N,"⚠️ PDB Exception: HTTPSConnectionPool(host='files.rcsb.org', port=443): Read timed out. (read timeout=10)",KIBA
P00533,5CAL,✅ Downloaded from PDB,KIBA
P00533,5CAN,✅ Downloaded from PDB,KIBA
P00533,5CAO,✅ Downloaded from PDB,KIBA
P00533,5CAP,✅ Downloaded from PDB,KIBA
P00533,5CAQ,✅ Downloaded from PDB,KIBA
P00533,5CAS,✅ Downloaded from PDB,KIBA
P00533,5CAU,✅ Downloaded from PDB,KIBA
P00533,5CAV,✅ Downloaded from PDB,KIBA
P00533,5CNN,✅ Downloaded from PDB,KIBA
P00533,5CNO,✅ Downloaded from PDB,KIBA
P00533,5CZH,✅ Downloaded from PDB,KIBA
P00533,5CZI,✅ Downloaded from PDB,KIBA
P00533,5D41,✅ Downloaded from PDB,KIBA
P00533,5EDP,✅ Downloaded from PDB,KIBA
P00533,5EDQ,✅ Downloaded from PDB,KIBA
P00533,5EDR,✅ Downloaded from PDB,KIBA
P00533,5EM5,✅ Downloaded from PDB,KIBA
P00533,5EM6,✅ Downloaded from PDB,KIBA
P00533,5EM7,✅ Downloaded from PDB,KIBA
P00533,5EM8,✅ Downloaded from PDB,KIBA
P00533,5FED,✅ Downloaded from PDB,KIBA
P00533,5FEE,✅ Downloaded from PDB,KIBA
P00533,5FEQ,✅ Downloaded from PDB,KIBA
P00533,5GMP,✅ Downloaded from PDB,KIBA
P00533,5GNK,✅ Downloaded from PDB,KIBA
P00533,5GTY,✅ Downloaded from PDB,KIBA
P00533,5GTZ,✅ Downloaded from PDB,KIBA
P00533,5HCX,✅ Downloaded from PDB,KIBA
P00533,5HCY,✅ Downloaded from PDB,KIBA
P00533,5HCZ,✅ Downloaded from PDB,KIBA
P00533,5HG5,✅ Downloaded from PDB,KIBA
P00533,5HG7,✅ Downloaded from PDB,KIBA
P00533,5HG8,✅ Downloaded from PDB,KIBA
P00533,5HG9,✅ Downloaded from PDB,KIBA
P00533,5HIB,✅ Downloaded from PDB,KIBA
P00533,5HIC,✅ Downloaded from PDB,KIBA
P00533,5J9Y,✅ Downloaded from PDB,KIBA
P00533,5J9Z,✅ Downloaded from PDB,KIBA
P00533,5JEB,✅ Downloaded from PDB,KIBA
P00533,5LV6,✅ Downloaded from PDB,KIBA
P00533,5SX4,✅ Downloaded from PDB,KIBA
P00533,5SX5,✅ Downloaded from PDB,KIBA
P00533,5U8L,✅ Downloaded from PDB,KIBA
P00533,5UG8,✅ Downloaded from PDB,KIBA
P00533,5UG9,✅ Downloaded from PDB,KIBA
P00533,5UGA,✅ Downloaded from PDB,KIBA
P00533,5UGB,✅ Downloaded from PDB,KIBA
P00533,5UGC,✅ Downloaded from PDB,KIBA
P00533,5UWD,✅ Downloaded from PDB,KIBA
P00533,5WB7,✅ Downloaded from PDB,KIBA
P00533,5WB8,✅ Downloaded from PDB,KIBA
P00533,5X26,✅ Downloaded from PDB,KIBA
P00533,5X27,✅ Downloaded from PDB,KIBA
P00533,5X28,✅ Downloaded from PDB,KIBA
P00533,5X2A,✅ Downloaded from PDB,KIBA
P00533,5X2C,✅ Downloaded from PDB,KIBA
P00533,5X2F,✅ Downloaded from PDB,KIBA
P00533,5X2K,✅ Downloaded from PDB,KIBA
P00533,5XDK,✅ Downloaded from PDB,KIBA
P00533,5XDL,✅ Downloaded from PDB,KIBA
P00533,5XGM,✅ Downloaded from PDB,KIBA
P00533,5XGN,✅ Downloaded from PDB,KIBA
P00533,5XWD,✅ Downloaded from PDB,KIBA
P00533,5Y25,✅ Downloaded from PDB,KIBA
P00533,5Y9T,✅ Downloaded from PDB,KIBA
P00533,5YU9,✅ Downloaded from PDB,KIBA
P00533,5ZTO,✅ Downloaded from PDB,KIBA
P00533,5ZWJ,✅ Downloaded from PDB,KIBA
P00533,6ARU,✅ Downloaded from PDB,KIBA
P00533,6B3S,✅ Downloaded from PDB,KIBA
P00533,6D8E,✅ Downloaded from PDB,KIBA
P00533,6DUK,✅ Downloaded from PDB,KIBA
P00533,6JRJ,✅ Downloaded from PDB,KIBA
P00533,6JRK,✅ Downloaded from PDB,KIBA
P00533,6JRX,✅ Downloaded from PDB,KIBA
P00533,6JWL,✅ Downloaded from PDB,KIBA
P00533,6JX0,✅ Downloaded from PDB,KIBA
P00533,6JX4,✅ Downloaded from PDB,KIBA
P00533,6JXT,✅ Downloaded from PDB,KIBA
P00533,6JZ0,✅ Downloaded from PDB,KIBA
P00533,6LUB,✅ Downloaded from PDB,KIBA
P00533,6LUD,✅ Downloaded from PDB,KIBA
P00533,6P1D,✅ Downloaded from PDB,KIBA
P00533,6P1L,✅ Downloaded from PDB,KIBA
P00533,6P8Q,✅ Downloaded from PDB,KIBA
P00533,6S89,✅ Downloaded from PDB,KIBA
P00533,6S8A,✅ Downloaded from PDB,KIBA
P00533,6S9B,✅ Downloaded from PDB,KIBA
P00533,6S9C,✅ Downloaded from PDB,KIBA
P00533,6S9D,✅ Downloaded from PDB,KIBA
P00533,6TFU,✅ Downloaded from PDB,KIBA
P00533,6TFV,✅ Downloaded from PDB,KIBA
P00533,6TFW,✅ Downloaded from PDB,KIBA
P00533,6TFY,✅ Downloaded from PDB,KIBA
P00533,6TFZ,✅ Downloaded from PDB,KIBA
P00533,6TG0,✅ Downloaded from PDB,KIBA
P00533,6TG1,✅ Downloaded from PDB,KIBA
P00533,6V5N,✅ Downloaded from PDB,KIBA
P00533,6V5P,✅ Downloaded from PDB,KIBA
P00533,6V66,✅ Downloaded from PDB,KIBA
P00533,6V6K,✅ Downloaded from PDB,KIBA
P00533,6V6O,✅ Downloaded from PDB,KIBA
P00533,6VH4,✅ Downloaded from PDB,KIBA
P00533,6VHN,✅ Downloaded from PDB,KIBA
P00533,6VHP,✅ Downloaded from PDB,KIBA
P00533,6WA2,✅ Downloaded from PDB,KIBA
P00533,6WAK,✅ Downloaded from PDB,KIBA
P00533,6WXN,✅ Downloaded from PDB,KIBA
P00533,6XL4,✅ Downloaded from PDB,KIBA
P00533,6Z4B,✅ Downloaded from PDB,KIBA
P00533,6Z4D,✅ Downloaded from PDB,KIBA
P00533,7A2A,✅ Downloaded from PDB,KIBA
P00533,7A6I,✅ Downloaded from PDB,KIBA
P00533,7A6J,✅ Downloaded from PDB,KIBA
P00533,7A6K,✅ Downloaded from PDB,KIBA
P00533,7AEI,✅ Downloaded from PDB,KIBA
P00533,7AEM,✅ Downloaded from PDB,KIBA
P00533,7B85,✅ Downloaded from PDB,KIBA
P00533,7ER2,✅ Downloaded from PDB,KIBA
P00533,7JXI,✅ Downloaded from PDB,KIBA
P00533,7JXK,✅ Downloaded from PDB,KIBA
P00533,7JXL,✅ Downloaded from PDB,KIBA
P00533,7JXM,✅ Downloaded from PDB,KIBA
P00533,7JXP,✅ Downloaded from PDB,KIBA
P00533,7JXQ,✅ Downloaded from PDB,KIBA
P00533,7JXW,✅ Downloaded from PDB,KIBA
P00533,7K1H,✅ Downloaded from PDB,KIBA
P00533,7K1I,✅ Downloaded from PDB,KIBA
P00533,7KXZ,✅ Downloaded from PDB,KIBA
P00533,7KY0,✅ Downloaded from PDB,KIBA
P00533,7LEN,✅ Downloaded from PDB,KIBA
P00533,7LFR,✅ Downloaded from PDB,KIBA
P00533,7LFS,✅ Downloaded from PDB,KIBA
P00533,7LG8,✅ Downloaded from PDB,KIBA
P00533,7LGS,✅ Downloaded from PDB,KIBA
P00533,7LTX,✅ Downloaded from PDB,KIBA
P00533,7OM4,✅ Downloaded from PDB,KIBA
P00533,7OXB,✅ Downloaded from PDB,KIBA
P00533,7SI1,✅ Downloaded from PDB,KIBA
P00533,7SYD,✅ Downloaded from PDB,KIBA
P00533,7SYE,✅ Downloaded from PDB,KIBA
P00533,7SZ0,✅ Downloaded from PDB,KIBA
P00533,7SZ1,✅ Downloaded from PDB,KIBA
P00533,7SZ5,✅ Downloaded from PDB,KIBA
P00533,7SZ7,✅ Downloaded from PDB,KIBA
P00533,7T4I,✅ Downloaded from PDB,KIBA
P00533,7T4J,✅ Downloaded from PDB,KIBA
P00533,7TVD,✅ Downloaded from PDB,KIBA
P00533,7U98,✅ Downloaded from PDB,KIBA
P00533,7U99,✅ Downloaded from PDB,KIBA
P00533,7U9A,✅ Downloaded from PDB,KIBA
P00533,7UKV,✅ Downloaded from PDB,KIBA
P00533,7UKW,✅ Downloaded from PDB,KIBA
P00533,7VRA,✅ Downloaded from PDB,KIBA
P00533,7VRE,✅ Downloaded from PDB,KIBA
P00533,7ZYM,✅ Downloaded from PDB,KIBA
P00533,7ZYN,✅ Downloaded from PDB,KIBA
P00533,7ZYP,✅ Downloaded from PDB,KIBA
P00533,7ZYQ,✅ Downloaded from PDB,KIBA
P00533,8A27,✅ Downloaded from PDB,KIBA
P00533,8A2A,✅ Downloaded from PDB,KIBA
P00533,8A2B,✅ Downloaded from PDB,KIBA
P00533,8A2D,✅ Downloaded from PDB,KIBA
P00533,8D73,✅ Downloaded from PDB,KIBA
P00533,8D76,✅ Downloaded from PDB,KIBA
P00533,8DSW,✅ Downloaded from PDB,KIBA
P00533,8EME,✅ Downloaded from PDB,KIBA
P00533,8F1H,✅ Downloaded from PDB,KIBA
P00533,8F1W,✅ Downloaded from PDB,KIBA
P00533,8F1X,✅ Downloaded from PDB,KIBA
P00533,8F1Y,✅ Downloaded from PDB,KIBA
P00533,8F1Z,✅ Downloaded from PDB,KIBA
P00533,8FV3,✅ Downloaded from PDB,KIBA
P00533,8FV4,✅ Downloaded from PDB,KIBA
P00533,8G63,✅ Downloaded from PDB,KIBA
P00533,8GB4,✅ Downloaded from PDB,KIBA
P00533,8GK5,✅ Downloaded from PDB,KIBA
P00533,8H7X,✅ Downloaded from PDB,KIBA
P00533,8HGO,✅ Downloaded from PDB,KIBA
P00533,8HGP,✅ Downloaded from PDB,KIBA
P00533,8HGS,✅ Downloaded from PDB,KIBA
P00533,8HV1,✅ Downloaded from PDB,KIBA
P00533,8HV2,✅ Downloaded from PDB,KIBA
P00533,8HV3,✅ Downloaded from PDB,KIBA
P00533,8HV4,✅ Downloaded from PDB,KIBA
P00533,8HV5,✅ Downloaded from PDB,KIBA
P00533,8HV6,✅ Downloaded from PDB,KIBA
P00533,8HV7,✅ Downloaded from PDB,KIBA
P00533,8HV8,✅ Downloaded from PDB,KIBA
P00533,8HV9,✅ Downloaded from PDB,KIBA
P00533,8HVA,✅ Downloaded from PDB,KIBA
P00533,8HY7,✅ Downloaded from PDB,KIBA
P00533,8KFQ,✅ Downloaded from PDB,KIBA
P00533,8PNZ,✅ Downloaded from PDB,KIBA
P00533,8PO0,✅ Downloaded from PDB,KIBA
P00533,8PO1,✅ Downloaded from PDB,KIBA
P00533,8PO2,✅ Downloaded from PDB,KIBA
P00533,8PO3,✅ Downloaded from PDB,KIBA
P00533,8PO4,✅ Downloaded from PDB,KIBA
P00533,8S1M,✅ Downloaded from PDB,KIBA
P00533,8SC7,✅ Downloaded from PDB,KIBA
P00533,8TJL,✅ Downloaded from PDB,KIBA
P00533,8TO3,✅ Downloaded from PDB,KIBA
P00533,8TO4,✅ Downloaded from PDB,KIBA
P00533,8UKV,✅ Downloaded from PDB,KIBA
P00533,8UKW,✅ Downloaded from PDB,KIBA
P00533,8UKX,✅ Downloaded from PDB,KIBA
P00533,8WD4,✅ Downloaded from PDB,KIBA
P00533,9EWT,❌ PDB Download failed,KIBA
P04049,1C1Y,✅ Downloaded from PDB,KIBA
P04049,1FAQ,✅ Downloaded from PDB,KIBA
P04049,1FAR,✅ Downloaded from PDB,KIBA
P04049,1GUA,✅ Downloaded from PDB,KIBA
P04049,1RFA,✅ Downloaded from PDB,KIBA
P04049,3CU8,✅ Downloaded from PDB,KIBA
P04049,3IQJ,✅ Downloaded from PDB,KIBA
P04049,3IQU,✅ Downloaded from PDB,KIBA
P04049,3IQV,✅ Downloaded from PDB,KIBA
P04049,3KUC,✅ Downloaded from PDB,KIBA
P04049,3KUD,✅ Downloaded from PDB,KIBA
P04049,3NKX,✅ Downloaded from PDB,KIBA
P04049,3O8I,✅ Downloaded from PDB,KIBA
P04049,3OMV,✅ Downloaded from PDB,KIBA
P04049,4FJ3,✅ Downloaded from PDB,KIBA
P04049,4G0N,✅ Downloaded from PDB,KIBA
P04049,4G3X,✅ Downloaded from PDB,KIBA
P04049,4IEA,✅ Downloaded from PDB,KIBA
P04049,4IHL,✅ Downloaded from PDB,KIBA
P04049,6NTC,✅ Downloaded from PDB,KIBA
P04049,6NTD,✅ Downloaded from PDB,KIBA
P04049,6PTS,✅ Downloaded from PDB,KIBA
P04049,6PTW,✅ Downloaded from PDB,KIBA
P04049,6VJJ,✅ Downloaded from PDB,KIBA
P04049,6XGU,✅ Downloaded from PDB,KIBA
P04049,6XGV,✅ Downloaded from PDB,KIBA
P04049,6XHA,✅ Downloaded from PDB,KIBA
P04049,6XHB,✅ Downloaded from PDB,KIBA
P04049,6XI7,✅ Downloaded from PDB,KIBA
P04049,7JHP,✅ Downloaded from PDB,KIBA
P04049,7Z37,❌ PDB Download failed,KIBA
P04049,7Z38,✅ Downloaded from PDB,KIBA
P04049,8A68,✅ Downloaded from PDB,KIBA
P04049,8A6F,✅ Downloaded from PDB,KIBA
P04049,8A6H,✅ Downloaded from PDB,KIBA
P04049,8ATR,✅ Downloaded from PDB,KIBA
P04049,8ATS,✅ Downloaded from PDB,KIBA
P04049,8AV0,✅ Downloaded from PDB,KIBA
P04049,8CHF,✅ Downloaded from PDB,KIBA
P04049,8CPD,✅ Downloaded from PDB,KIBA
P04049,8EPW,✅ Downloaded from PDB,KIBA
P04049,8GAE,✅ Downloaded from PDB,KIBA
P04049,8GFT,✅ Downloaded from PDB,KIBA
P04049,8JOF,✅ Downloaded from PDB,KIBA
P04049,8JOG,✅ Downloaded from PDB,KIBA
P04049,8T74,✅ Downloaded from PDB,KIBA
P04049,8T75,✅ Downloaded from PDB,KIBA
P04049,8U1L,✅ Downloaded from PDB,KIBA
P04049,9AXA,❌ PDB Download failed,KIBA
P04049,9AXC,❌ PDB Download failed,KIBA
P04049,9AY7,❌ PDB Download failed,KIBA
P04049,9AYA,❌ PDB Download failed,KIBA
P04626,1MFG,✅ Downloaded from PDB,KIBA
P04626,1MFL,✅ Downloaded from PDB,KIBA
P04626,1MW4,✅ Downloaded from PDB,KIBA
P04626,1N8Z,✅ Downloaded from PDB,KIBA
P04626,1QR1,✅ Downloaded from PDB,KIBA
P04626,1S78,✅ Downloaded from PDB,KIBA
P04626,2A91,✅ Downloaded from PDB,KIBA
P04626,2JWA,✅ Downloaded from PDB,KIBA
P04626,2KS1,✅ Downloaded from PDB,KIBA
P04626,2L4K,✅ Downloaded from PDB,KIBA
P04626,2N2A,✅ Downloaded from PDB,KIBA
P04626,3BE1,✅ Downloaded from PDB,KIBA
P04626,3H3B,✅ Downloaded from PDB,KIBA
P04626,3MZW,✅ Downloaded from PDB,KIBA
P04626,3N85,✅ Downloaded from PDB,KIBA
P04626,3PP0,✅ Downloaded from PDB,KIBA
P04626,3RCD,✅ Downloaded from PDB,KIBA
P04626,3WLW,✅ Downloaded from PDB,KIBA
P04626,3WSQ,✅ Downloaded from PDB,KIBA
P04626,4GFU,✅ Downloaded from PDB,KIBA
P04626,4HRL,✅ Downloaded from PDB,KIBA
P04626,4HRM,✅ Downloaded from PDB,KIBA
P04626,4HRN,✅ Downloaded from PDB,KIBA
P04626,4NND,✅ Downloaded from PDB,KIBA
P04626,5K33,✅ Downloaded from PDB,KIBA
P04626,5KWG,✅ Downloaded from PDB,KIBA
P04626,5MY6,✅ Downloaded from PDB,KIBA
P04626,5O4G,✅ Downloaded from PDB,KIBA
P04626,5OB4,✅ Downloaded from PDB,KIBA
P04626,5TQS,✅ Downloaded from PDB,KIBA
P04626,6ATT,✅ Downloaded from PDB,KIBA
P04626,6BGT,✅ Downloaded from PDB,KIBA
P04626,6J71,✅ Downloaded from PDB,KIBA
P04626,6LBX,✅ Downloaded from PDB,KIBA
P04626,6OGE,✅ Downloaded from PDB,KIBA
P04626,7JXH,✅ Downloaded from PDB,KIBA
P04626,7MN5,✅ Downloaded from PDB,KIBA
P04626,7MN6,✅ Downloaded from PDB,KIBA
P04626,7MN8,✅ Downloaded from PDB,KIBA
P04626,7PCD,✅ Downloaded from PDB,KIBA
P04626,7QVK,❌ PDB Download failed,KIBA
P04626,8FFJ,✅ Downloaded from PDB,KIBA
P04626,8HGO,✅ Downloaded from PDB,KIBA
P04626,8HGP,✅ Downloaded from PDB,KIBA
P04626,8JYQ,✅ Downloaded from PDB,KIBA
P04626,8JYR,✅ Downloaded from PDB,KIBA
P04626,8PWH,✅ Downloaded from PDB,KIBA
P04626,8Q6J,❌ PDB Download failed,KIBA
P04626,8U4K,✅ Downloaded from PDB,KIBA
P04626,8U4L,✅ Downloaded from PDB,KIBA
P04626,8U8X,✅ Downloaded from PDB,KIBA
P04626,8VQD,✅ Downloaded from PDB,KIBA
P04629,1HE7,✅ Downloaded from PDB,KIBA
P04629,1SHC,✅ Downloaded from PDB,KIBA
P04629,1WWA,✅ Downloaded from PDB,KIBA
P04629,1WWW,✅ Downloaded from PDB,KIBA
P04629,2IFG,✅ Downloaded from PDB,KIBA
P04629,2N90,✅ Downloaded from PDB,KIBA
P04629,4AOJ,✅ Downloaded from PDB,KIBA
P04629,4CRP,✅ Downloaded from PDB,KIBA
P04629,4F0I,✅ Downloaded from PDB,KIBA
P04629,4GT5,✅ Downloaded from PDB,KIBA
P04629,4PMM,✅ Downloaded from PDB,KIBA
P04629,4PMP,✅ Downloaded from PDB,KIBA
P04629,4PMS,✅ Downloaded from PDB,KIBA
P04629,4PMT,✅ Downloaded from PDB,KIBA
P04629,4YNE,✅ Downloaded from PDB,KIBA
P04629,4YPS,✅ Downloaded from PDB,KIBA
P04629,5H3Q,✅ Downloaded from PDB,KIBA
P04629,5I8A,✅ Downloaded from PDB,KIBA
P04629,5JFS,✅ Downloaded from PDB,KIBA
P04629,5JFV,✅ Downloaded from PDB,KIBA
P04629,5JFW,✅ Downloaded from PDB,KIBA
P04629,5JFX,✅ Downloaded from PDB,KIBA
P04629,5KMI,✅ Downloaded from PDB,KIBA
P04629,5KMJ,✅ Downloaded from PDB,KIBA
P04629,5KMK,✅ Downloaded from PDB,KIBA
P04629,5KML,✅ Downloaded from PDB,KIBA
P04629,5KMM,✅ Downloaded from PDB,KIBA
P04629,5KMN,✅ Downloaded from PDB,KIBA
P04629,5KMO,✅ Downloaded from PDB,KIBA
P04629,5KVT,✅ Downloaded from PDB,KIBA
P04629,5WR7,✅ Downloaded from PDB,KIBA
P04629,6D1Y,"⚠️ PDB Exception: HTTPSConnectionPool(host='files.rcsb.org', port=443): Read timed out. (read timeout=10)",KIBA
P04629,6D1Z,✅ Downloaded from PDB,KIBA
P04629,6D20,✅ Downloaded from PDB,KIBA
P04629,6D22,✅ Downloaded from PDB,KIBA
P04629,6DKB,✅ Downloaded from PDB,KIBA
P04629,6DKG,"⚠️ PDB Exception: HTTPSConnectionPool(host='files.rcsb.org', port=443): Max retries exceeded with url: /download/6DKG.pdb (Caused by SSLError(SSLEOFError(8, '[SSL: UNEXPECTED_EOF_WHILE_READING] EOF occurred in violation of protocol (_ssl.c:1006)')))",KIBA
P04629,6DKI,✅ Downloaded from PDB,KIBA
P04629,6DKW,✅ Downloaded from PDB,KIBA
P04629,6IQN,✅ Downloaded from PDB,KIBA
P04629,6J5L,✅ Downloaded from PDB,KIBA
P04629,6NPT,✅ Downloaded from PDB,KIBA
P04629,6NSP,"⚠️ PDB Exception: HTTPSConnectionPool(host='files.rcsb.org', port=443): Read timed out. (read timeout=10)",KIBA
P04629,6NSS,✅ Downloaded from PDB,KIBA
P04629,6PL1,✅ Downloaded from PDB,KIBA
P04629,6PL2,✅ Downloaded from PDB,KIBA
P04629,6PL3,✅ Downloaded from PDB,KIBA
P04629,6PL4,✅ Downloaded from PDB,KIBA
P04629,6PMA,✅ Downloaded from PDB,KIBA
P04629,6PMB,✅ Downloaded from PDB,KIBA
P04629,6PMC,✅ Downloaded from PDB,KIBA
P04629,6PME,✅ Downloaded from PDB,KIBA
P04629,7N3T,✅ Downloaded from PDB,KIBA
P04629,7VKM,✅ Downloaded from PDB,KIBA
P04629,7VKN,✅ Downloaded from PDB,KIBA
P04629,7VKO,✅ Downloaded from PDB,KIBA
P04629,7XAF,✅ Downloaded from PDB,KIBA
P04629,7XBI,✅ Downloaded from PDB,KIBA
P04629,8J5W,✅ Downloaded from PDB,KIBA
P04629,8J5X,✅ Downloaded from PDB,KIBA
P04629,8J61,✅ Downloaded from PDB,KIBA
P04629,8J63,✅ Downloaded from PDB,KIBA
P04629,8YTD,✅ Downloaded from PDB,KIBA
P04629,8YTE,✅ Downloaded from PDB,KIBA
P05129,2E73,"⚠️ PDB Exception: HTTPSConnectionPool(host='files.rcsb.org', port=443): Read timed out. (read timeout=10)",KIBA
P05129,2UZP,✅ Downloaded from PDB,KIBA
P05771,2I0E,✅ Downloaded from PDB,KIBA
P05771,8SG2,✅ Downloaded from PDB,KIBA
P06213,1GAG,✅ Downloaded from PDB,KIBA
P06213,1I44,✅ Downloaded from PDB,KIBA
P06213,1IR3,✅ Downloaded from PDB,KIBA
P06213,1IRK,✅ Downloaded from PDB,KIBA
P06213,1P14,✅ Downloaded from PDB,KIBA
P06213,1RQQ,✅ Downloaded from PDB,KIBA
P06213,2AUH,✅ Downloaded from PDB,KIBA
P06213,2B4S,✅ Downloaded from PDB,KIBA
P06213,2HR7,✅ Downloaded from PDB,KIBA
P06213,2MFR,✅ Downloaded from PDB,KIBA
P06213,2Z8C,✅ Downloaded from PDB,KIBA
P06213,3BU3,✅ Downloaded from PDB,KIBA
P06213,3BU5,✅ Downloaded from PDB,KIBA
P06213,3BU6,✅ Downloaded from PDB,KIBA
P06213,3EKK,✅ Downloaded from PDB,KIBA
P06213,3EKN,✅ Downloaded from PDB,KIBA
P06213,3ETA,✅ Downloaded from PDB,KIBA
P06213,3W11,✅ Downloaded from PDB,KIBA
P06213,3W12,✅ Downloaded from PDB,KIBA
P06213,3W13,✅ Downloaded from PDB,KIBA
P06213,4IBM,✅ Downloaded from PDB,KIBA
P06213,4OGA,✅ Downloaded from PDB,KIBA
P06213,4XLV,✅ Downloaded from PDB,KIBA
P06213,4XSS,✅ Downloaded from PDB,KIBA
P06213,4XST,✅ Downloaded from PDB,KIBA
P06213,4ZXB,✅ Downloaded from PDB,KIBA
P06213,5E1S,✅ Downloaded from PDB,KIBA
P06213,5HHW,✅ Downloaded from PDB,KIBA
P06213,5J3H,✅ Downloaded from PDB,KIBA
P06213,5KQV,✅ Downloaded from PDB,KIBA
P06213,5U1M,✅ Downloaded from PDB,KIBA
P06213,6HN4,✅ Downloaded from PDB,KIBA
P06213,6HN5,✅ Downloaded from PDB,KIBA
P06213,6PXV,✅ Downloaded from PDB,KIBA
P06213,6PXW,✅ Downloaded from PDB,KIBA
P06213,6SOF,✅ Downloaded from PDB,KIBA
P06213,6VEP,✅ Downloaded from PDB,KIBA
P06213,6VEQ,✅ Downloaded from PDB,KIBA
P06213,7BW7,✅ Downloaded from PDB,KIBA
P06213,7BW8,✅ Downloaded from PDB,KIBA
P06213,7BWA,✅ Downloaded from PDB,KIBA
P06213,7KD6,✅ Downloaded from PDB,KIBA
P06213,7MQO,✅ Downloaded from PDB,KIBA
P06213,7MQR,✅ Downloaded from PDB,KIBA
P06213,7MQS,✅ Downloaded from PDB,KIBA
P06213,7PG0,✅ Downloaded from PDB,KIBA
P06213,7PG2,✅ Downloaded from PDB,KIBA
P06213,7PG3,✅ Downloaded from PDB,KIBA
P06213,7PG4,✅ Downloaded from PDB,KIBA
P06213,7PHT,✅ Downloaded from PDB,KIBA
P06213,7QID,✅ Downloaded from PDB,KIBA
P06213,7S0Q,✅ Downloaded from PDB,KIBA
P06213,7S8V,✅ Downloaded from PDB,KIBA
P06213,7U6D,✅ Downloaded from PDB,KIBA
P06213,7U6E,✅ Downloaded from PDB,KIBA
P06213,7YQ3,✅ Downloaded from PDB,KIBA
P06213,7YQ4,✅ Downloaded from PDB,KIBA
P06213,7YQ5,✅ Downloaded from PDB,KIBA
P06213,7YQ6,✅ Downloaded from PDB,KIBA
P06213,8DWN,✅ Downloaded from PDB,KIBA
P06213,8GUY,✅ Downloaded from PDB,KIBA
P06213,8U4B,✅ Downloaded from PDB,KIBA
P06213,8U4C,✅ Downloaded from PDB,KIBA
P06213,8U4E,✅ Downloaded from PDB,KIBA
P06213,8VJB,✅ Downloaded from PDB,KIBA
P06213,8VJC,✅ Downloaded from PDB,KIBA
P06241,1A0N,✅ Downloaded from PDB,KIBA
P06241,1AOT,✅ Downloaded from PDB,KIBA
P06241,1AOU,✅ Downloaded from PDB,KIBA
P06241,1AVZ,✅ Downloaded from PDB,KIBA
P06241,1AZG,✅ Downloaded from PDB,KIBA
P06241,1EFN,✅ Downloaded from PDB,KIBA
P06241,1FYN,✅ Downloaded from PDB,KIBA
P06241,1G83,✅ Downloaded from PDB,KIBA
P06241,1M27,✅ Downloaded from PDB,KIBA
P06241,1NYF,✅ Downloaded from PDB,KIBA
P06241,1NYG,✅ Downloaded from PDB,KIBA
P06241,1SHF,✅ Downloaded from PDB,KIBA
P06241,1ZBJ,✅ Downloaded from PDB,KIBA
P06241,2DQ7,✅ Downloaded from PDB,KIBA
P06241,2MQI,✅ Downloaded from PDB,KIBA
P06241,2MRJ,✅ Downloaded from PDB,KIBA
P06241,2MRK,✅ Downloaded from PDB,KIBA
P06241,3H0F,✅ Downloaded from PDB,KIBA
P06241,3H0H,✅ Downloaded from PDB,KIBA
P06241,3H0I,✅ Downloaded from PDB,KIBA
P06241,3UA6,✅ Downloaded from PDB,KIBA
P06241,3UA7,✅ Downloaded from PDB,KIBA
P06241,4D8D,✅ Downloaded from PDB,KIBA
P06241,4EIK,✅ Downloaded from PDB,KIBA
P06241,4U17,✅ Downloaded from PDB,KIBA
P06241,4U1P,✅ Downloaded from PDB,KIBA
P06241,4ZNX,✅ Downloaded from PDB,KIBA
P06241,5ZAU,"⚠️ PDB Exception: HTTPSConnectionPool(host='files.rcsb.org', port=443): Read timed out. (read timeout=10)",KIBA
P06241,6EDF,✅ Downloaded from PDB,KIBA
P06241,6IPY,✅ Downloaded from PDB,KIBA
P06241,6IPZ,✅ Downloaded from PDB,KIBA
P06241,7A2J,✅ Downloaded from PDB,KIBA
P06241,7A2K,✅ Downloaded from PDB,KIBA
P06241,7A2L,✅ Downloaded from PDB,KIBA
P06241,7A2M,✅ Downloaded from PDB,KIBA
P06241,7A2N,✅ Downloaded from PDB,KIBA
P06241,7A2O,✅ Downloaded from PDB,KIBA
P06241,7A2P,✅ Downloaded from PDB,KIBA
P06241,7A2Q,✅ Downloaded from PDB,KIBA
P06241,7A2R,✅ Downloaded from PDB,KIBA
P06241,7A2S,✅ Downloaded from PDB,KIBA
P06241,7A2T,✅ Downloaded from PDB,KIBA
P06241,7A2U,✅ Downloaded from PDB,KIBA
P06241,7A2V,✅ Downloaded from PDB,KIBA
P06241,7A2W,✅ Downloaded from PDB,KIBA
P06241,7A2X,✅ Downloaded from PDB,KIBA
P06241,7A2Y,✅ Downloaded from PDB,KIBA
P06241,7A2Z,✅ Downloaded from PDB,KIBA
P06241,7UD6,✅ Downloaded from PDB,KIBA
P06241,8KDX,✅ Downloaded from PDB,KIBA
P06493,4Y72,✅ Downloaded from PDB,KIBA
P06493,4YC3,✅ Downloaded from PDB,KIBA
P06493,4YC6,✅ Downloaded from PDB,KIBA
P06493,5HQ0,✅ Downloaded from PDB,KIBA
P06493,5LQF,✅ Downloaded from PDB,KIBA
P06493,6GU2,✅ Downloaded from PDB,KIBA
P06493,6GU3,✅ Downloaded from PDB,KIBA
P06493,6GU4,✅ Downloaded from PDB,KIBA
P06493,6GU6,✅ Downloaded from PDB,KIBA
P06493,6GU7,✅ Downloaded from PDB,KIBA
P06493,6TWN,✅ Downloaded from PDB,KIBA
P06493,7NJ0,✅ Downloaded from PDB,KIBA
P07332,1WQU,✅ Downloaded from PDB,KIBA
P07332,2DCR,✅ Downloaded from PDB,KIBA
P07332,3BKB,✅ Downloaded from PDB,KIBA
P07332,3CBL,✅ Downloaded from PDB,KIBA
P07332,3CD3,✅ Downloaded from PDB,KIBA
P07332,4DYL,✅ Downloaded from PDB,KIBA
P07332,4E93,✅ Downloaded from PDB,KIBA
P07332,6JMF,✅ Downloaded from PDB,KIBA
P07332,7T1K,✅ Downloaded from PDB,KIBA
P07332,7T1L,✅ Downloaded from PDB,KIBA
P07332,8X2T,✅ Downloaded from PDB,KIBA
P07333,2I0V,✅ Downloaded from PDB,KIBA
P07333,2I0Y,✅ Downloaded from PDB,KIBA
P07333,2I1M,✅ Downloaded from PDB,KIBA
P07333,2OGV,✅ Downloaded from PDB,KIBA
P07333,3BEA,✅ Downloaded from PDB,KIBA
P07333,3DPK,✅ Downloaded from PDB,KIBA
P07333,3KRJ,✅ Downloaded from PDB,KIBA
P07333,3KRL,✅ Downloaded from PDB,KIBA
P07333,3LCD,✅ Downloaded from PDB,KIBA
P07333,3LCO,✅ Downloaded from PDB,KIBA
P07333,4DKD,✅ Downloaded from PDB,KIBA
P07333,4HW7,✅ Downloaded from PDB,KIBA
P07333,4LIQ,✅ Downloaded from PDB,KIBA
P07333,4R7H,✅ Downloaded from PDB,KIBA
P07333,4R7I,✅ Downloaded from PDB,KIBA
P07333,4WRL,✅ Downloaded from PDB,KIBA
P07333,4WRM,✅ Downloaded from PDB,KIBA
P07333,6IG8,✅ Downloaded from PDB,KIBA
P07333,6N33,✅ Downloaded from PDB,KIBA
P07333,6T2W,✅ Downloaded from PDB,KIBA
P07333,6WXJ,✅ Downloaded from PDB,KIBA
P07333,7MFC,✅ Downloaded from PDB,KIBA
P07333,8CGC,✅ Downloaded from PDB,KIBA
P07333,8JOT,✅ Downloaded from PDB,KIBA
P07333,8W1L,❌ PDB Download failed,KIBA
P07947,2HDA,✅ Downloaded from PDB,KIBA
P07948,1W1F,✅ Downloaded from PDB,KIBA
P07948,1WA7,✅ Downloaded from PDB,KIBA
P07948,3A4O,✅ Downloaded from PDB,KIBA
P07948,5XY1,✅ Downloaded from PDB,KIBA
P07948,6NMW,✅ Downloaded from PDB,KIBA
P07948,8WFF,✅ Downloaded from PDB,KIBA
P07949,2IVS,✅ Downloaded from PDB,KIBA
P07949,2IVT,✅ Downloaded from PDB,KIBA
P07949,2IVU,✅ Downloaded from PDB,KIBA
P07949,2IVV,✅ Downloaded from PDB,KIBA
P07949,2X2K,✅ Downloaded from PDB,KIBA
P07949,2X2L,✅ Downloaded from PDB,KIBA
P07949,2X2M,✅ Downloaded from PDB,KIBA
P07949,2X2U,✅ Downloaded from PDB,KIBA
P07949,4CKI,✅ Downloaded from PDB,KIBA
P07949,4CKJ,✅ Downloaded from PDB,KIBA
P07949,4UX8,✅ Downloaded from PDB,KIBA
P07949,5AMN,✅ Downloaded from PDB,KIBA
P07949,5FM2,✅ Downloaded from PDB,KIBA
P07949,5FM3,✅ Downloaded from PDB,KIBA
P07949,6FEK,✅ Downloaded from PDB,KIBA
P07949,6GL7,✅ Downloaded from PDB,KIBA
P07949,6I82,✅ Downloaded from PDB,KIBA
P07949,6I83,✅ Downloaded from PDB,KIBA
P07949,6NE7,✅ Downloaded from PDB,KIBA
P07949,6NEC,✅ Downloaded from PDB,KIBA
P07949,6NJA,✅ Downloaded from PDB,KIBA
P07949,6Q2J,✅ Downloaded from PDB,KIBA
P07949,6Q2N,✅ Downloaded from PDB,KIBA
P07949,6Q2O,✅ Downloaded from PDB,KIBA
P07949,6Q2R,✅ Downloaded from PDB,KIBA
P07949,6Q2S,✅ Downloaded from PDB,KIBA
P07949,6VHG,✅ Downloaded from PDB,KIBA
P07949,7DU8,✅ Downloaded from PDB,KIBA
P07949,7DU9,✅ Downloaded from PDB,KIBA
P07949,7DUA,✅ Downloaded from PDB,KIBA
P07949,7JU5,✅ Downloaded from PDB,KIBA
P07949,7JU6,✅ Downloaded from PDB,KIBA
P07949,7NZN,✅ Downloaded from PDB,KIBA
P07949,7RUN,✅ Downloaded from PDB,KIBA
P08069,1IGR,✅ Downloaded from PDB,KIBA
P08069,1JQH,✅ Downloaded from PDB,KIBA
P08069,1K3A,✅ Downloaded from PDB,KIBA
P08069,1M7N,✅ Downloaded from PDB,KIBA
P08069,1P4O,✅ Downloaded from PDB,KIBA
P08069,2OJ9,✅ Downloaded from PDB,KIBA
P08069,2ZM3,✅ Downloaded from PDB,KIBA
P08069,3D94,✅ Downloaded from PDB,KIBA
P08069,3F5P,✅ Downloaded from PDB,KIBA
P08069,3I81,✅ Downloaded from PDB,KIBA
P08069,3LVP,✅ Downloaded from PDB,KIBA
P08069,3LW0,✅ Downloaded from PDB,KIBA
P08069,3NW5,✅ Downloaded from PDB,KIBA
P08069,3NW6,✅ Downloaded from PDB,KIBA
P08069,3NW7,✅ Downloaded from PDB,KIBA
P08069,3O23,✅ Downloaded from PDB,KIBA
P08069,3QQU,✅ Downloaded from PDB,KIBA
P08069,4D2R,✅ Downloaded from PDB,KIBA
P08069,4XSS,✅ Downloaded from PDB,KIBA
P08069,5FXQ,✅ Downloaded from PDB,KIBA
P08069,5FXR,✅ Downloaded from PDB,KIBA
P08069,5FXS,✅ Downloaded from PDB,KIBA
P08069,5HZN,✅ Downloaded from PDB,KIBA
P08069,5U8Q,✅ Downloaded from PDB,KIBA
P08069,5U8R,✅ Downloaded from PDB,KIBA
P08069,6JK8,✅ Downloaded from PDB,KIBA
P08069,6VWG,✅ Downloaded from PDB,KIBA
P08069,6VWH,✅ Downloaded from PDB,KIBA
P08069,6VWI,✅ Downloaded from PDB,KIBA
P08069,6VWJ,✅ Downloaded from PDB,KIBA
P08069,7PH8,✅ Downloaded from PDB,KIBA
P08069,7S0Q,✅ Downloaded from PDB,KIBA
P08069,7S8V,✅ Downloaded from PDB,KIBA
P08069,7U23,✅ Downloaded from PDB,KIBA
P08069,7V3P,✅ Downloaded from PDB,KIBA
P08069,7XGD,✅ Downloaded from PDB,KIBA
P08069,7XLC,✅ Downloaded from PDB,KIBA
P08069,7YRR,✅ Downloaded from PDB,KIBA
P08069,8PYI,❌ PDB Download failed,KIBA
P08069,8PYJ,❌ PDB Download failed,KIBA
P08069,8PYK,❌ PDB Download failed,KIBA
P08069,8PYL,❌ PDB Download failed,KIBA
P08069,8PYM,❌ PDB Download failed,KIBA
P08069,8PYN,❌ PDB Download failed,KIBA
P08069,8TAN,✅ Downloaded from PDB,KIBA
P08581,1FYR,✅ Downloaded from PDB,KIBA
P08581,1R0P,✅ Downloaded from PDB,KIBA
P08581,1R1W,✅ Downloaded from PDB,KIBA
P08581,1SHY,✅ Downloaded from PDB,KIBA
P08581,1SSL,✅ Downloaded from PDB,KIBA
P08581,2G15,✅ Downloaded from PDB,KIBA
P08581,2RFN,✅ Downloaded from PDB,KIBA
P08581,2RFS,✅ Downloaded from PDB,KIBA
P08581,2UZX,✅ Downloaded from PDB,KIBA
P08581,2UZY,✅ Downloaded from PDB,KIBA
P08581,2WD1,✅ Downloaded from PDB,KIBA
P08581,2WGJ,✅ Downloaded from PDB,KIBA
P08581,2WKM,✅ Downloaded from PDB,KIBA
P08581,3A4P,✅ Downloaded from PDB,KIBA
P08581,3BUX,✅ Downloaded from PDB,KIBA
P08581,3C1X,✅ Downloaded from PDB,KIBA
P08581,3CCN,✅ Downloaded from PDB,KIBA
P08581,3CD8,✅ Downloaded from PDB,KIBA
P08581,3CE3,✅ Downloaded from PDB,KIBA
P08581,3CTH,✅ Downloaded from PDB,KIBA
P08581,3CTJ,✅ Downloaded from PDB,KIBA
P08581,3DKC,✅ Downloaded from PDB,KIBA
P08581,3DKF,✅ Downloaded from PDB,KIBA
P08581,3DKG,✅ Downloaded from PDB,KIBA
P08581,3EFJ,✅ Downloaded from PDB,KIBA
P08581,3EFK,✅ Downloaded from PDB,KIBA
P08581,3F66,✅ Downloaded from PDB,KIBA
P08581,3F82,✅ Downloaded from PDB,KIBA
P08581,3I5N,✅ Downloaded from PDB,KIBA
P08581,3L8V,✅ Downloaded from PDB,KIBA
P08581,3LQ8,✅ Downloaded from PDB,KIBA
P08581,3Q6U,✅ Downloaded from PDB,KIBA
P08581,3Q6W,✅ Downloaded from PDB,KIBA
P08581,3QTI,✅ Downloaded from PDB,KIBA
P08581,3R7O,✅ Downloaded from PDB,KIBA
P08581,3RHK,✅ Downloaded from PDB,KIBA
P08581,3U6H,✅ Downloaded from PDB,KIBA
P08581,3U6I,✅ Downloaded from PDB,KIBA
P08581,3VW8,✅ Downloaded from PDB,KIBA
P08581,3ZBX,✅ Downloaded from PDB,KIBA
P08581,3ZC5,✅ Downloaded from PDB,KIBA
P08581,3ZCL,✅ Downloaded from PDB,KIBA
P08581,3ZXZ,✅ Downloaded from PDB,KIBA
P08581,3ZZE,✅ Downloaded from PDB,KIBA
P08581,4AOI,✅ Downloaded from PDB,KIBA
P08581,4AP7,✅ Downloaded from PDB,KIBA
P08581,4DEG,✅ Downloaded from PDB,KIBA
P08581,4DEH,✅ Downloaded from PDB,KIBA
P08581,4DEI,✅ Downloaded from PDB,KIBA
P08581,4EEV,✅ Downloaded from PDB,KIBA
P08581,4GG5,✅ Downloaded from PDB,KIBA
P08581,4GG7,✅ Downloaded from PDB,KIBA
P08581,4IWD,✅ Downloaded from PDB,KIBA
P08581,4K3J,✅ Downloaded from PDB,KIBA
P08581,4KNB,✅ Downloaded from PDB,KIBA
P08581,4MXC,✅ Downloaded from PDB,KIBA
P08581,4O3T,✅ Downloaded from PDB,KIBA
P08581,4O3U,✅ Downloaded from PDB,KIBA
P08581,4R1V,✅ Downloaded from PDB,KIBA
P08581,4R1Y,✅ Downloaded from PDB,KIBA
P08581,4XMO,✅ Downloaded from PDB,KIBA
P08581,4XYF,✅ Downloaded from PDB,KIBA
P08581,5DG5,✅ Downloaded from PDB,KIBA
P08581,5EOB,"⚠️ PDB Exception: HTTPSConnectionPool(host='files.rcsb.org', port=443): Read timed out. (read timeout=10)",KIBA
P08581,5EYC,✅ Downloaded from PDB,KIBA
P08581,5EYD,✅ Downloaded from PDB,KIBA
P08581,5HLW,✅ Downloaded from PDB,KIBA
P08581,5HNI,✅ Downloaded from PDB,KIBA
P08581,5HO6,✅ Downloaded from PDB,KIBA
P08581,5HOA,✅ Downloaded from PDB,KIBA
P08581,5HOR,✅ Downloaded from PDB,KIBA
P08581,5HTI,✅ Downloaded from PDB,KIBA
P08581,5LSP,✅ Downloaded from PDB,KIBA
P08581,5T3Q,✅ Downloaded from PDB,KIBA
P08581,5UAB,✅ Downloaded from PDB,KIBA
P08581,5UAD,✅ Downloaded from PDB,KIBA
P08581,5YA5,✅ Downloaded from PDB,KIBA
P08581,6GCU,✅ Downloaded from PDB,KIBA
P08581,6I04,✅ Downloaded from PDB,KIBA
P08581,6SD9,✅ Downloaded from PDB,KIBA
P08581,6SDC,✅ Downloaded from PDB,KIBA
P08581,6SDD,✅ Downloaded from PDB,KIBA
P08581,6SDE,✅ Downloaded from PDB,KIBA
P08581,6UBW,✅ Downloaded from PDB,KIBA
P08581,6WVZ,✅ Downloaded from PDB,KIBA
P08581,7B3Q,✅ Downloaded from PDB,KIBA
P08581,7B3T,✅ Downloaded from PDB,KIBA
P08581,7B3V,✅ Downloaded from PDB,KIBA
P08581,7B3W,✅ Downloaded from PDB,KIBA
P08581,7B3Z,✅ Downloaded from PDB,KIBA
P08581,7B40,✅ Downloaded from PDB,KIBA
P08581,7B41,✅ Downloaded from PDB,KIBA
P08581,7B42,"⚠️ PDB Exception: HTTPSConnectionPool(host='files.rcsb.org', port=443): Read timed out. (read timeout=10)",KIBA
P08581,7B43,✅ Downloaded from PDB,KIBA
P08581,7B44,✅ Downloaded from PDB,KIBA
P08581,7MO7,✅ Downloaded from PDB,KIBA
P08581,7MO8,✅ Downloaded from PDB,KIBA
P08581,7MO9,✅ Downloaded from PDB,KIBA
P08581,7MOA,✅ Downloaded from PDB,KIBA
P08581,7MOB,✅ Downloaded from PDB,KIBA
P08581,7V3R,✅ Downloaded from PDB,KIBA
P08581,7V3S,✅ Downloaded from PDB,KIBA
P08581,7Y4T,✅ Downloaded from PDB,KIBA
P08581,7Y4U,✅ Downloaded from PDB,KIBA
P08581,8AN8,✅ Downloaded from PDB,KIBA
P08581,8ANS,✅ Downloaded from PDB,KIBA
P08581,8AU3,✅ Downloaded from PDB,KIBA
P08581,8AU5,✅ Downloaded from PDB,KIBA
P08581,8AW1,✅ Downloaded from PDB,KIBA
P08581,8GVJ,✅ Downloaded from PDB,KIBA
P08581,8K78,✅ Downloaded from PDB,KIBA
P08581,8OUU,✅ Downloaded from PDB,KIBA
P08581,8OUV,✅ Downloaded from PDB,KIBA
P08581,8OV7,✅ Downloaded from PDB,KIBA
P08581,8OVZ,✅ Downloaded from PDB,KIBA
P08581,8OW3,✅ Downloaded from PDB,KIBA
P08581,8OWG,✅ Downloaded from PDB,KIBA
P08581,9C1R,❌ PDB Download failed,KIBA
P08631,1AD5,✅ Downloaded from PDB,KIBA
P08631,1BU1,✅ Downloaded from PDB,KIBA
P08631,1QCF,✅ Downloaded from PDB,KIBA
P08631,2C0I,✅ Downloaded from PDB,KIBA
P08631,2C0O,✅ Downloaded from PDB,KIBA
P08631,2C0T,✅ Downloaded from PDB,KIBA
P08631,2HCK,✅ Downloaded from PDB,KIBA
P08631,2HK5,✅ Downloaded from PDB,KIBA
P08631,2OI3,✅ Downloaded from PDB,KIBA
P08631,2OJ2,✅ Downloaded from PDB,KIBA
P08631,3HCK,✅ Downloaded from PDB,KIBA
P08631,3NHN,✅ Downloaded from PDB,KIBA
P08631,3RBB,✅ Downloaded from PDB,KIBA
P08631,3REA,✅ Downloaded from PDB,KIBA
P08631,3REB,✅ Downloaded from PDB,KIBA
P08631,3VRY,✅ Downloaded from PDB,KIBA
P08631,3VRZ,✅ Downloaded from PDB,KIBA
P08631,3VS0,✅ Downloaded from PDB,KIBA
P08631,3VS1,✅ Downloaded from PDB,KIBA
P08631,3VS2,✅ Downloaded from PDB,KIBA
P08631,3VS3,✅ Downloaded from PDB,KIBA
P08631,3VS4,✅ Downloaded from PDB,KIBA
P08631,3VS5,✅ Downloaded from PDB,KIBA
P08631,3VS6,✅ Downloaded from PDB,KIBA
P08631,3VS7,✅ Downloaded from PDB,KIBA
P08631,4HCK,✅ Downloaded from PDB,KIBA
P08631,4LUD,✅ Downloaded from PDB,KIBA
P08631,4LUE,✅ Downloaded from PDB,KIBA
P08631,4ORZ,✅ Downloaded from PDB,KIBA
P08631,4U5W,✅ Downloaded from PDB,KIBA
P08631,5H09,✅ Downloaded from PDB,KIBA
P08631,5H0B,✅ Downloaded from PDB,KIBA
P08631,5H0E,✅ Downloaded from PDB,KIBA
P08631,5H0G,✅ Downloaded from PDB,KIBA
P08631,5H0H,✅ Downloaded from PDB,KIBA
P08631,5HCK,✅ Downloaded from PDB,KIBA
P08631,5NUH,✅ Downloaded from PDB,KIBA
P08631,5ZJ6,✅ Downloaded from PDB,KIBA
P08631,8F2P,✅ Downloaded from PDB,KIBA
P08631,9BYJ,✅ Downloaded from PDB,KIBA
P09619,1GQ5,✅ Downloaded from PDB,KIBA
P09619,1H9O,✅ Downloaded from PDB,KIBA
P09619,1SHA,✅ Downloaded from PDB,KIBA
P09619,2IUI,✅ Downloaded from PDB,KIBA
P09619,2L6W,✅ Downloaded from PDB,KIBA
P09619,2PLD,✅ Downloaded from PDB,KIBA
P09619,2PLE,✅ Downloaded from PDB,KIBA
P09619,3MJG,✅ Downloaded from PDB,KIBA
P09769,7JT9,✅ Downloaded from PDB,KIBA
P09769,7UY0,✅ Downloaded from PDB,KIBA
P09769,7UY3,✅ Downloaded from PDB,KIBA
P10721,1PKG,✅ Downloaded from PDB,KIBA
P10721,1T45,✅ Downloaded from PDB,KIBA
P10721,1T46,✅ Downloaded from PDB,KIBA
P10721,2E9W,✅ Downloaded from PDB,KIBA
P10721,2EC8,✅ Downloaded from PDB,KIBA
P10721,2IUH,✅ Downloaded from PDB,KIBA
P10721,2VIF,✅ Downloaded from PDB,KIBA
P10721,3G0E,✅ Downloaded from PDB,KIBA
P10721,3G0F,✅ Downloaded from PDB,KIBA
P10721,4HVS,✅ Downloaded from PDB,KIBA
P10721,4K94,✅ Downloaded from PDB,KIBA
P10721,4K9E,✅ Downloaded from PDB,KIBA
P10721,4PGZ,✅ Downloaded from PDB,KIBA
P10721,4U0I,✅ Downloaded from PDB,KIBA
P10721,6GQJ,✅ Downloaded from PDB,KIBA
P10721,6GQK,✅ Downloaded from PDB,KIBA
P10721,6GQL,✅ Downloaded from PDB,KIBA
P10721,6GQM,✅ Downloaded from PDB,KIBA
P10721,6HH1,✅ Downloaded from PDB,KIBA
P10721,6ITT,✅ Downloaded from PDB,KIBA
P10721,6ITV,✅ Downloaded from PDB,KIBA
P10721,6KLA,✅ Downloaded from PDB,KIBA
P10721,6MOB,✅ Downloaded from PDB,KIBA
P10721,6XV9,✅ Downloaded from PDB,KIBA
P10721,6XVA,✅ Downloaded from PDB,KIBA
P10721,6XVB,✅ Downloaded from PDB,KIBA
P10721,7KHG,✅ Downloaded from PDB,KIBA
P10721,7KHJ,✅ Downloaded from PDB,KIBA
P10721,7KHK,✅ Downloaded from PDB,KIBA
P10721,7ZW8,✅ Downloaded from PDB,KIBA
P10721,7ZY6,✅ Downloaded from PDB,KIBA
P10721,8DFM,✅ Downloaded from PDB,KIBA
P10721,8DFP,✅ Downloaded from PDB,KIBA
P10721,8DFQ,✅ Downloaded from PDB,KIBA
P10721,8PQ9,✅ Downloaded from PDB,KIBA
P10721,8PQA,✅ Downloaded from PDB,KIBA
P10721,8PQB,✅ Downloaded from PDB,KIBA
P10721,8PQC,✅ Downloaded from PDB,KIBA
P10721,8PQD,✅ Downloaded from PDB,KIBA
P10721,8PQE,✅ Downloaded from PDB,KIBA
P10721,8PQF,✅ Downloaded from PDB,KIBA
P10721,8PQG,✅ Downloaded from PDB,KIBA
P11309,1XQZ,✅ Downloaded from PDB,KIBA
P11309,1XR1,✅ Downloaded from PDB,KIBA
P11309,1XWS,✅ Downloaded from PDB,KIBA
P11309,1YHS,✅ Downloaded from PDB,KIBA
P11309,1YI3,✅ Downloaded from PDB,KIBA
P11309,1YI4,✅ Downloaded from PDB,KIBA
P11309,1YWV,✅ Downloaded from PDB,KIBA
P11309,1YXS,✅ Downloaded from PDB,KIBA
P11309,1YXT,✅ Downloaded from PDB,KIBA
P11309,1YXU,✅ Downloaded from PDB,KIBA
P11309,1YXV,✅ Downloaded from PDB,KIBA
P11309,1YXX,✅ Downloaded from PDB,KIBA
P11309,2BIK,✅ Downloaded from PDB,KIBA
P11309,2BIL,✅ Downloaded from PDB,KIBA
P11309,2BZH,✅ Downloaded from PDB,KIBA
P11309,2BZI,✅ Downloaded from PDB,KIBA
P11309,2BZJ,✅ Downloaded from PDB,KIBA
P11309,2BZK,✅ Downloaded from PDB,KIBA
P11309,2C3I,✅ Downloaded from PDB,KIBA
P11309,2J2I,✅ Downloaded from PDB,KIBA
P11309,2O3P,✅ Downloaded from PDB,KIBA
P11309,2O63,✅ Downloaded from PDB,KIBA
P11309,2O64,✅ Downloaded from PDB,KIBA
P11309,2O65,"⚠️ PDB Exception: HTTPSConnectionPool(host='files.rcsb.org', port=443): Read timed out. (read timeout=10)",KIBA
P11309,2OBJ,✅ Downloaded from PDB,KIBA
P11309,2OI4,✅ Downloaded from PDB,KIBA
P11309,2XIX,✅ Downloaded from PDB,KIBA
P11309,2XIY,✅ Downloaded from PDB,KIBA
P11309,2XIZ,✅ Downloaded from PDB,KIBA
P11309,2XJ0,✅ Downloaded from PDB,KIBA
P11309,2XJ1,✅ Downloaded from PDB,KIBA
P11309,2XJ2,✅ Downloaded from PDB,KIBA
P11309,3A99,✅ Downloaded from PDB,KIBA
P11309,3BGP,✅ Downloaded from PDB,KIBA
P11309,3BGQ,✅ Downloaded from PDB,KIBA
P11309,3BGZ,✅ Downloaded from PDB,KIBA
P11309,3BWF,✅ Downloaded from PDB,KIBA
P11309,3C4E,✅ Downloaded from PDB,KIBA
P11309,3CXW,✅ Downloaded from PDB,KIBA
P11309,3CY2,"⚠️ PDB Exception: HTTPSConnectionPool(host='files.rcsb.org', port=443): Max retries exceeded with url: /download/3CY2.pdb (Caused by SSLError(SSLEOFError(8, '[SSL: UNEXPECTED_EOF_WHILE_READING] EOF occurred in violation of protocol (_ssl.c:1006)')))",KIBA
P11309,3CY3,✅ Downloaded from PDB,KIBA
P11309,3DCV,✅ Downloaded from PDB,KIBA
P11309,3F2A,✅ Downloaded from PDB,KIBA
P11309,3JPV,✅ Downloaded from PDB,KIBA
P11309,3JXW,✅ Downloaded from PDB,KIBA
P11309,3JY0,✅ Downloaded from PDB,KIBA
P11309,3JYA,✅ Downloaded from PDB,KIBA
P11309,3MA3,✅ Downloaded from PDB,KIBA
P11309,3QF9,✅ Downloaded from PDB,KIBA
P11309,3R00,✅ Downloaded from PDB,KIBA
P11309,3R01,✅ Downloaded from PDB,KIBA
P11309,3R02,✅ Downloaded from PDB,KIBA
P11309,3R04,✅ Downloaded from PDB,KIBA
P11309,3T9I,✅ Downloaded from PDB,KIBA
P11309,3UIX,✅ Downloaded from PDB,KIBA
P11309,3UMW,✅ Downloaded from PDB,KIBA
P11309,3UMX,✅ Downloaded from PDB,KIBA
P11309,3VBQ,✅ Downloaded from PDB,KIBA
P11309,3VBT,✅ Downloaded from PDB,KIBA
P11309,3VBV,✅ Downloaded from PDB,KIBA
P11309,3VBW,✅ Downloaded from PDB,KIBA
P11309,3VBX,✅ Downloaded from PDB,KIBA
P11309,3VBY,✅ Downloaded from PDB,KIBA
P11309,3VC4,✅ Downloaded from PDB,KIBA
P11309,3WE8,✅ Downloaded from PDB,KIBA
P11309,4A7C,✅ Downloaded from PDB,KIBA
P11309,4ALU,✅ Downloaded from PDB,KIBA
P11309,4ALV,✅ Downloaded from PDB,KIBA
P11309,4ALW,"⚠️ PDB Exception: HTTPSConnectionPool(host='files.rcsb.org', port=443): Read timed out. (read timeout=10)",KIBA
P11309,4AS0,✅ Downloaded from PDB,KIBA
P11309,4BZN,✅ Downloaded from PDB,KIBA
P11309,4BZO,✅ Downloaded from PDB,KIBA
P11309,4DTK,✅ Downloaded from PDB,KIBA
P11309,4ENX,✅ Downloaded from PDB,KIBA
P11309,4ENY,✅ Downloaded from PDB,KIBA
P11309,4GW8,✅ Downloaded from PDB,KIBA
P11309,4I41,✅ Downloaded from PDB,KIBA
P11309,4IAA,✅ Downloaded from PDB,KIBA
P11309,4JX3,✅ Downloaded from PDB,KIBA
P11309,4JX7,✅ Downloaded from PDB,KIBA
P11309,4K0Y,✅ Downloaded from PDB,KIBA
P11309,4K18,✅ Downloaded from PDB,KIBA
P11309,4K1B,✅ Downloaded from PDB,KIBA
P11309,4LL5,✅ Downloaded from PDB,KIBA
P11309,4LM5,✅ Downloaded from PDB,KIBA
P11309,4LMU,✅ Downloaded from PDB,KIBA
P11309,4MBI,✅ Downloaded from PDB,KIBA
P11309,4MBL,✅ Downloaded from PDB,KIBA
P11309,4MTA,✅ Downloaded from PDB,KIBA
P11309,4N6Y,✅ Downloaded from PDB,KIBA
P11309,4N6Z,✅ Downloaded from PDB,KIBA
P11309,4N70,✅ Downloaded from PDB,KIBA
P11309,4RBL,✅ Downloaded from PDB,KIBA
P11309,4RC2,✅ Downloaded from PDB,KIBA
P11309,4RC3,✅ Downloaded from PDB,KIBA
P11309,4RC4,✅ Downloaded from PDB,KIBA
P11309,4RPV,✅ Downloaded from PDB,KIBA
P11309,4TY1,"⚠️ PDB Exception: HTTPSConnectionPool(host='files.rcsb.org', port=443): Read timed out. (read timeout=10)",KIBA
P11309,4WRS,✅ Downloaded from PDB,KIBA
P11309,4WSY,✅ Downloaded from PDB,KIBA
P11309,4WT6,✅ Downloaded from PDB,KIBA
P11309,4XH6,✅ Downloaded from PDB,KIBA
P11309,4XHK,✅ Downloaded from PDB,KIBA
P11309,5C1Q,✅ Downloaded from PDB,KIBA
P11309,5DGZ,✅ Downloaded from PDB,KIBA
P11309,5DHJ,✅ Downloaded from PDB,KIBA
P11309,5DIA,✅ Downloaded from PDB,KIBA
P11309,5DWR,✅ Downloaded from PDB,KIBA
P11309,5EOL,✅ Downloaded from PDB,KIBA
P11309,5IIS,"⚠️ PDB Exception: HTTPSConnectionPool(host='files.rcsb.org', port=443): Read timed out. (read timeout=10)",KIBA
P11309,5IPJ,✅ Downloaded from PDB,KIBA
P11309,5KCX,✅ Downloaded from PDB,KIBA
P11309,5KGD,✅ Downloaded from PDB,KIBA
P11309,5KGE,✅ Downloaded from PDB,KIBA
P11309,5KGG,✅ Downloaded from PDB,KIBA
P11309,5KGI,✅ Downloaded from PDB,KIBA
P11309,5KGK,✅ Downloaded from PDB,KIBA
P11309,5KZI,✅ Downloaded from PDB,KIBA
P11309,5MZL,✅ Downloaded from PDB,KIBA
P11309,5N4N,✅ Downloaded from PDB,KIBA
P11309,5N4O,✅ Downloaded from PDB,KIBA
P11309,5N4R,✅ Downloaded from PDB,KIBA
P11309,5N4U,✅ Downloaded from PDB,KIBA
P11309,5N4V,✅ Downloaded from PDB,KIBA
P11309,5N4X,✅ Downloaded from PDB,KIBA
P11309,5N4Y,✅ Downloaded from PDB,KIBA
P11309,5N4Z,✅ Downloaded from PDB,KIBA
P11309,5N50,✅ Downloaded from PDB,KIBA
P11309,5N51,✅ Downloaded from PDB,KIBA
P11309,5N52,✅ Downloaded from PDB,KIBA
P11309,5N5L,✅ Downloaded from PDB,KIBA
P11309,5N5M,✅ Downloaded from PDB,KIBA
P11309,5NDT,✅ Downloaded from PDB,KIBA
P11309,5O11,✅ Downloaded from PDB,KIBA
P11309,5O12,✅ Downloaded from PDB,KIBA
P11309,5O13,✅ Downloaded from PDB,KIBA
P11309,5TEL,✅ Downloaded from PDB,KIBA
P11309,5TEX,"⚠️ PDB Exception: HTTPSConnectionPool(host='files.rcsb.org', port=443): Read timed out. (read timeout=10)",KIBA
P11309,5TOE,✅ Downloaded from PDB,KIBA
P11309,5TUR,✅ Downloaded from PDB,KIBA
P11309,5V80,✅ Downloaded from PDB,KIBA
P11309,5V82,✅ Downloaded from PDB,KIBA
P11309,5VUA,✅ Downloaded from PDB,KIBA
P11309,5VUB,✅ Downloaded from PDB,KIBA
P11309,5VUC,✅ Downloaded from PDB,KIBA
P11309,6AYD,✅ Downloaded from PDB,KIBA
P11309,6BSK,✅ Downloaded from PDB,KIBA
P11309,6KZI,✅ Downloaded from PDB,KIBA
P11309,6L11,✅ Downloaded from PDB,KIBA
P11309,6L12,✅ Downloaded from PDB,KIBA
P11309,6L13,✅ Downloaded from PDB,KIBA
P11309,6L14,✅ Downloaded from PDB,KIBA
P11309,6L15,✅ Downloaded from PDB,KIBA
P11309,6L16,✅ Downloaded from PDB,KIBA
P11309,6L17,✅ Downloaded from PDB,KIBA
P11309,6MT0,✅ Downloaded from PDB,KIBA
P11309,6NO8,"⚠️ PDB Exception: HTTPSConnectionPool(host='files.rcsb.org', port=443): Read timed out. (read timeout=10)",KIBA
P11309,6NO9,✅ Downloaded from PDB,KIBA
P11309,6PCW,✅ Downloaded from PDB,KIBA
P11309,6PDI,✅ Downloaded from PDB,KIBA
P11309,6PDN,✅ Downloaded from PDB,KIBA
P11309,6PDO,✅ Downloaded from PDB,KIBA
P11309,6PDP,✅ Downloaded from PDB,KIBA
P11309,6QXK,✅ Downloaded from PDB,KIBA
P11309,6VRU,✅ Downloaded from PDB,KIBA
P11309,6VRV,✅ Downloaded from PDB,KIBA
P11309,6YKD,✅ Downloaded from PDB,KIBA
P11309,7OOV,✅ Downloaded from PDB,KIBA
P11309,7OOW,✅ Downloaded from PDB,KIBA
P11309,7OOX,✅ Downloaded from PDB,KIBA
P11309,7QB2,✅ Downloaded from PDB,KIBA
P11309,7QFM,✅ Downloaded from PDB,KIBA
P11309,7VSY,✅ Downloaded from PDB,KIBA
P11309,7XSV,✅ Downloaded from PDB,KIBA
P11309,7Z6U,✅ Downloaded from PDB,KIBA
P11309,7ZUN,✅ Downloaded from PDB,KIBA
P11309,8AFR,✅ Downloaded from PDB,KIBA
P11309,8R10,✅ Downloaded from PDB,KIBA
P11309,8R18,✅ Downloaded from PDB,KIBA
P11309,8R1N,✅ Downloaded from PDB,KIBA
P11309,8R1P,✅ Downloaded from PDB,KIBA
P11309,8R1T,✅ Downloaded from PDB,KIBA
P15056,1UWH,✅ Downloaded from PDB,KIBA
P15056,1UWJ,✅ Downloaded from PDB,KIBA
P15056,2FB8,✅ Downloaded from PDB,KIBA
P15056,2L05,✅ Downloaded from PDB,KIBA
P15056,3C4C,✅ Downloaded from PDB,KIBA
P15056,3D4Q,✅ Downloaded from PDB,KIBA
P15056,3IDP,✅ Downloaded from PDB,KIBA
P15056,3II5,✅ Downloaded from PDB,KIBA
P15056,3NY5,✅ Downloaded from PDB,KIBA
P15056,3OG7,✅ Downloaded from PDB,KIBA
P15056,3PPJ,✅ Downloaded from PDB,KIBA
P15056,3PPK,✅ Downloaded from PDB,KIBA
P15056,3PRF,✅ Downloaded from PDB,KIBA
P15056,3PRI,✅ Downloaded from PDB,KIBA
P15056,3PSB,✅ Downloaded from PDB,KIBA
P15056,3PSD,✅ Downloaded from PDB,KIBA
P15056,3Q4C,✅ Downloaded from PDB,KIBA
P15056,3Q96,✅ Downloaded from PDB,KIBA
P15056,3SKC,✅ Downloaded from PDB,KIBA
P15056,3TV4,✅ Downloaded from PDB,KIBA
P15056,3TV6,✅ Downloaded from PDB,KIBA
P15056,4CQE,✅ Downloaded from PDB,KIBA
P15056,4DBN,✅ Downloaded from PDB,KIBA
P15056,4E26,✅ Downloaded from PDB,KIBA
P15056,4E4X,✅ Downloaded from PDB,KIBA
P15056,4EHE,✅ Downloaded from PDB,KIBA
P15056,4EHG,✅ Downloaded from PDB,KIBA
P15056,4FC0,✅ Downloaded from PDB,KIBA
P15056,4FK3,✅ Downloaded from PDB,KIBA
P15056,4G9C,✅ Downloaded from PDB,KIBA
P15056,4G9R,✅ Downloaded from PDB,KIBA
P15056,4H58,✅ Downloaded from PDB,KIBA
P15056,4JVG,✅ Downloaded from PDB,KIBA
P15056,4KSP,✅ Downloaded from PDB,KIBA
P15056,4KSQ,✅ Downloaded from PDB,KIBA
P15056,4MBJ,✅ Downloaded from PDB,KIBA
P15056,4MNE,✅ Downloaded from PDB,KIBA
P15056,4MNF,✅ Downloaded from PDB,KIBA
P15056,4PP7,✅ Downloaded from PDB,KIBA
P15056,4R5Y,✅ Downloaded from PDB,KIBA
P15056,4RZV,✅ Downloaded from PDB,KIBA
P15056,4RZW,✅ Downloaded from PDB,KIBA
P15056,4WO5,✅ Downloaded from PDB,KIBA
P15056,4XV1,✅ Downloaded from PDB,KIBA
P15056,4XV2,✅ Downloaded from PDB,KIBA
P15056,4XV3,✅ Downloaded from PDB,KIBA
P15056,4XV9,✅ Downloaded from PDB,KIBA
P15056,4YHT,✅ Downloaded from PDB,KIBA
P15056,5C9C,✅ Downloaded from PDB,KIBA
P15056,5CSW,✅ Downloaded from PDB,KIBA
P15056,5CSX,✅ Downloaded from PDB,KIBA
P15056,5CT7,✅ Downloaded from PDB,KIBA
P15056,5FD2,✅ Downloaded from PDB,KIBA
P15056,5HI2,✅ Downloaded from PDB,KIBA
P15056,5HID,✅ Downloaded from PDB,KIBA
P15056,5HIE,✅ Downloaded from PDB,KIBA
P15056,5ITA,✅ Downloaded from PDB,KIBA
P15056,5J17,✅ Downloaded from PDB,KIBA
P15056,5J18,✅ Downloaded from PDB,KIBA
P15056,5J2R,✅ Downloaded from PDB,KIBA
P15056,5JRQ,✅ Downloaded from PDB,KIBA
P15056,5JSM,✅ Downloaded from PDB,KIBA
P15056,5JT2,✅ Downloaded from PDB,KIBA
P15056,5VAL,✅ Downloaded from PDB,KIBA
P15056,5VAM,✅ Downloaded from PDB,KIBA
P15056,5VR3,✅ Downloaded from PDB,KIBA
P15056,5VYK,✅ Downloaded from PDB,KIBA
P15056,6B8U,✅ Downloaded from PDB,KIBA
P15056,6CAD,✅ Downloaded from PDB,KIBA
P15056,6N0P,✅ Downloaded from PDB,KIBA
P15056,6N0Q,✅ Downloaded from PDB,KIBA
P15056,6NSQ,✅ Downloaded from PDB,KIBA
P15056,6NYB,✅ Downloaded from PDB,KIBA
P15056,6P3D,✅ Downloaded from PDB,KIBA
P15056,6P7G,✅ Downloaded from PDB,KIBA
P15056,6PP9,✅ Downloaded from PDB,KIBA
P15056,6Q0J,✅ Downloaded from PDB,KIBA
P15056,6Q0K,✅ Downloaded from PDB,KIBA
P15056,6Q0T,✅ Downloaded from PDB,KIBA
P15056,6U2G,✅ Downloaded from PDB,KIBA
P15056,6U2H,"⚠️ PDB Exception: HTTPSConnectionPool(host='files.rcsb.org', port=443): Read timed out. (read timeout=10)",KIBA
P15056,6UAN,✅ Downloaded from PDB,KIBA
P15056,6UUO,✅ Downloaded from PDB,KIBA
P15056,6V2U,✅ Downloaded from PDB,KIBA
P15056,6V2W,✅ Downloaded from PDB,KIBA
P15056,6V34,✅ Downloaded from PDB,KIBA
P15056,6XAG,✅ Downloaded from PDB,KIBA
P15056,6XFP,"⚠️ PDB Exception: HTTPSConnectionPool(host='files.rcsb.org', port=443): Read timed out. (read timeout=10)",KIBA
P15056,6XLO,✅ Downloaded from PDB,KIBA
P15056,7K0V,✅ Downloaded from PDB,KIBA
P15056,7M0T,✅ Downloaded from PDB,KIBA
P15056,7M0U,✅ Downloaded from PDB,KIBA
P15056,7M0V,✅ Downloaded from PDB,KIBA
P15056,7M0W,✅ Downloaded from PDB,KIBA
P15056,7M0X,✅ Downloaded from PDB,KIBA
P15056,7M0Y,✅ Downloaded from PDB,KIBA
P15056,7M0Z,"⚠️ PDB Exception: HTTPSConnectionPool(host='files.rcsb.org', port=443): Read timed out.",KIBA
P15056,7MFD,✅ Downloaded from PDB,KIBA
P15056,7MFE,✅ Downloaded from PDB,KIBA
P15056,7MFF,✅ Downloaded from PDB,KIBA
P15056,7P3V,✅ Downloaded from PDB,KIBA
P15056,7SHV,✅ Downloaded from PDB,KIBA
P15056,7ZR0,✅ Downloaded from PDB,KIBA
P15056,7ZR5,✅ Downloaded from PDB,KIBA
P15056,7ZR6,✅ Downloaded from PDB,KIBA
P15056,8C7X,✅ Downloaded from PDB,KIBA
P15056,8C7Y,✅ Downloaded from PDB,KIBA
P15056,8DGS,✅ Downloaded from PDB,KIBA
P15056,8DGT,✅ Downloaded from PDB,KIBA
P15056,8F7O,✅ Downloaded from PDB,KIBA
P15056,8F7P,✅ Downloaded from PDB,KIBA
P15056,8QQG,✅ Downloaded from PDB,KIBA
P15056,9AXX,❌ PDB Download failed,KIBA
P15056,9AXY,❌ PDB Download failed,KIBA
P15056,9BFB,❌ PDB Download failed,KIBA
P15735,2Y7J,✅ Downloaded from PDB,KIBA
P16234,1GQ5,✅ Downloaded from PDB,KIBA
P16234,5GRN,✅ Downloaded from PDB,KIBA
P16234,5K5X,✅ Downloaded from PDB,KIBA
P16234,6A32,✅ Downloaded from PDB,KIBA
P16234,6JOI,✅ Downloaded from PDB,KIBA
P16234,6JOJ,✅ Downloaded from PDB,KIBA
P16234,6JOK,✅ Downloaded from PDB,KIBA
P16234,6JOL,✅ Downloaded from PDB,KIBA
P16234,7LBF,✅ Downloaded from PDB,KIBA
P16234,7RAM,✅ Downloaded from PDB,KIBA
P16234,8PQH,✅ Downloaded from PDB,KIBA
P16234,8PQI,✅ Downloaded from PDB,KIBA
P16234,8PQJ,✅ Downloaded from PDB,KIBA
P16234,8PQK,✅ Downloaded from PDB,KIBA
P16591,2KK6,"⚠️ PDB Exception: HTTPSConnectionPool(host='files.rcsb.org', port=443): Read timed out. (read timeout=10)",KIBA
P16591,6KC4,✅ Downloaded from PDB,KIBA
P17252,2ELI,✅ Downloaded from PDB,KIBA
P17252,3IW4,"⚠️ PDB Exception: HTTPSConnectionPool(host='files.rcsb.org', port=443): Read timed out. (read timeout=10)",KIBA
P17252,4DNL,✅ Downloaded from PDB,KIBA
P17252,4RA4,✅ Downloaded from PDB,KIBA
P17252,8U37,✅ Downloaded from PDB,KIBA
P17252,8UAK,"⚠️ PDB Exception: HTTPSConnectionPool(host='files.rcsb.org', port=443): Read timed out. (read timeout=10)",KIBA
P17612,2GU8,✅ Downloaded from PDB,KIBA
P17612,3AGL,✅ Downloaded from PDB,KIBA
P17612,3AGM,✅ Downloaded from PDB,KIBA
P17612,3AMA,✅ Downloaded from PDB,KIBA
P17612,3AMB,✅ Downloaded from PDB,KIBA
P17612,3L9L,✅ Downloaded from PDB,KIBA
P17612,3L9M,"⚠️ PDB Exception: HTTPSConnectionPool(host='files.rcsb.org', port=443): Max retries exceeded with url: /download/3L9M.pdb (Caused by SSLError(SSLEOFError(8, '[SSL: UNEXPECTED_EOF_WHILE_READING] EOF occurred in violation of protocol (_ssl.c:1006)')))",KIBA
P17612,3L9N,✅ Downloaded from PDB,KIBA
P17612,3MVJ,✅ Downloaded from PDB,KIBA
P17612,3NX8,✅ Downloaded from PDB,KIBA
P17612,3OOG,✅ Downloaded from PDB,KIBA
P17612,3OVV,✅ Downloaded from PDB,KIBA
P17612,3OWP,✅ Downloaded from PDB,KIBA
P17612,3OXT,✅ Downloaded from PDB,KIBA
P17612,3P0M,✅ Downloaded from PDB,KIBA
P17612,3POO,✅ Downloaded from PDB,KIBA
P17612,3VQH,✅ Downloaded from PDB,KIBA
P17612,4AE6,✅ Downloaded from PDB,KIBA
P17612,4AE9,✅ Downloaded from PDB,KIBA
P17612,4UJ1,✅ Downloaded from PDB,KIBA
P17612,4UJ2,✅ Downloaded from PDB,KIBA
P17612,4UJ9,✅ Downloaded from PDB,KIBA
P17612,4UJA,✅ Downloaded from PDB,KIBA
P17612,4UJB,✅ Downloaded from PDB,KIBA
P17612,4WB5,✅ Downloaded from PDB,KIBA
P17612,4WB6,✅ Downloaded from PDB,KIBA
P17612,4WB7,✅ Downloaded from PDB,KIBA
P17612,4WB8,✅ Downloaded from PDB,KIBA
P17612,5BX6,✅ Downloaded from PDB,KIBA
P17612,5BX7,✅ Downloaded from PDB,KIBA
P17612,5IZF,✅ Downloaded from PDB,KIBA
P17612,5IZJ,✅ Downloaded from PDB,KIBA
P17612,5J5X,✅ Downloaded from PDB,KIBA
P17612,5N23,"⚠️ PDB Exception: HTTPSConnectionPool(host='files.rcsb.org', port=443): Read timed out. (read timeout=10)",KIBA
P17612,5UZK,✅ Downloaded from PDB,KIBA
P17612,6BYR,✅ Downloaded from PDB,KIBA
P17612,6BYS,✅ Downloaded from PDB,KIBA
P17612,6C0U,✅ Downloaded from PDB,KIBA
P17612,6FRX,✅ Downloaded from PDB,KIBA
P17612,6NO7,✅ Downloaded from PDB,KIBA
P17612,6QJ7,✅ Downloaded from PDB,KIBA
P17612,6WJF,✅ Downloaded from PDB,KIBA
P17612,6WJG,✅ Downloaded from PDB,KIBA
P17612,7Y1G,✅ Downloaded from PDB,KIBA
P17612,8FE2,✅ Downloaded from PDB,KIBA
P17612,8FE5,✅ Downloaded from PDB,KIBA
P17612,8FEC,✅ Downloaded from PDB,KIBA
P17612,8X5L,✅ Downloaded from PDB,KIBA
P17948,1FLT,✅ Downloaded from PDB,KIBA
P17948,1QSV,✅ Downloaded from PDB,KIBA
P17948,1QSZ,"⚠️ PDB Exception: HTTPSConnectionPool(host='files.rcsb.org', port=443): Read timed out. (read timeout=10)",KIBA
P17948,1QTY,✅ Downloaded from PDB,KIBA
P17948,1RV6,✅ Downloaded from PDB,KIBA
P17948,2XAC,✅ Downloaded from PDB,KIBA
P17948,3HNG,✅ Downloaded from PDB,KIBA
P17948,4CKV,✅ Downloaded from PDB,KIBA
P17948,4CL7,✅ Downloaded from PDB,KIBA
P17948,5ABD,✅ Downloaded from PDB,KIBA
P17948,5EX3,✅ Downloaded from PDB,KIBA
P17948,5T89,✅ Downloaded from PDB,KIBA
P19784,3E3B,✅ Downloaded from PDB,KIBA
P19784,3OFM,✅ Downloaded from PDB,KIBA
P19784,3U87,✅ Downloaded from PDB,KIBA
P19784,5M4U,✅ Downloaded from PDB,KIBA
P19784,5M56,✅ Downloaded from PDB,KIBA
P19784,5OOI,✅ Downloaded from PDB,KIBA
P19784,5Y9M,✅ Downloaded from PDB,KIBA
P19784,5YF9,✅ Downloaded from PDB,KIBA
P19784,5YWM,✅ Downloaded from PDB,KIBA
P19784,6HMB,✅ Downloaded from PDB,KIBA
P19784,6HMC,✅ Downloaded from PDB,KIBA
P19784,6HMD,✅ Downloaded from PDB,KIBA
P19784,6HMQ,✅ Downloaded from PDB,KIBA
P19784,6L20,✅ Downloaded from PDB,KIBA
P19784,6QY8,"⚠️ PDB Exception: HTTPSConnectionPool(host='files.rcsb.org', port=443): Read timed out. (read timeout=10)",KIBA
P19784,6QY9,✅ Downloaded from PDB,KIBA
P19784,6TE2,✅ Downloaded from PDB,KIBA
P19784,6TEW,✅ Downloaded from PDB,KIBA
P19784,6TGU,✅ Downloaded from PDB,KIBA
P19784,7A1B,✅ Downloaded from PDB,KIBA
P19784,7A1Z,✅ Downloaded from PDB,KIBA
P19784,7A22,✅ Downloaded from PDB,KIBA
P19784,7A2H,✅ Downloaded from PDB,KIBA
P19784,7AT9,✅ Downloaded from PDB,KIBA
P19784,7ATV,✅ Downloaded from PDB,KIBA
P19784,7XYH,✅ Downloaded from PDB,KIBA
P19784,8Q77,✅ Downloaded from PDB,KIBA
P19784,8Q9S,✅ Downloaded from PDB,KIBA
P19784,8QBU,✅ Downloaded from PDB,KIBA
P19784,8QCD,✅ Downloaded from PDB,KIBA
P19784,8QCG,✅ Downloaded from PDB,KIBA
P19784,8QF1,✅ Downloaded from PDB,KIBA
P21802,1DJS,✅ Downloaded from PDB,KIBA
P21802,1E0O,✅ Downloaded from PDB,KIBA
P21802,1EV2,✅ Downloaded from PDB,KIBA
P21802,1GJO,✅ Downloaded from PDB,KIBA
P21802,1II4,✅ Downloaded from PDB,KIBA
P21802,1IIL,✅ Downloaded from PDB,KIBA
P21802,1NUN,✅ Downloaded from PDB,KIBA
P21802,1OEC,✅ Downloaded from PDB,KIBA
P21802,1WVZ,✅ Downloaded from PDB,KIBA
P21802,2FDB,✅ Downloaded from PDB,KIBA
P21802,2PSQ,✅ Downloaded from PDB,KIBA
P21802,2PVF,✅ Downloaded from PDB,KIBA
P21802,2PVY,✅ Downloaded from PDB,KIBA
P21802,2PWL,✅ Downloaded from PDB,KIBA
P21802,2PY3,✅ Downloaded from PDB,KIBA
P21802,2PZ5,✅ Downloaded from PDB,KIBA
P21802,2PZP,✅ Downloaded from PDB,KIBA
P21802,2PZR,✅ Downloaded from PDB,KIBA
P21802,2Q0B,✅ Downloaded from PDB,KIBA
P21802,3B2T,✅ Downloaded from PDB,KIBA
P21802,3CAF,✅ Downloaded from PDB,KIBA
P21802,3CLY,✅ Downloaded from PDB,KIBA
P21802,3CU1,✅ Downloaded from PDB,KIBA
P21802,3DAR,✅ Downloaded from PDB,KIBA
P21802,3EUU,✅ Downloaded from PDB,KIBA
P21802,3OJ2,✅ Downloaded from PDB,KIBA
P21802,3OJM,✅ Downloaded from PDB,KIBA
P21802,3RI1,✅ Downloaded from PDB,KIBA
P21802,4J23,✅ Downloaded from PDB,KIBA
P21802,4J95,✅ Downloaded from PDB,KIBA
P21802,4J96,✅ Downloaded from PDB,KIBA
P21802,4J97,✅ Downloaded from PDB,KIBA
P21802,4J98,✅ Downloaded from PDB,KIBA
P21802,4J99,✅ Downloaded from PDB,KIBA
P21802,4WV1,✅ Downloaded from PDB,KIBA
P21802,5EG3,✅ Downloaded from PDB,KIBA
P21802,5UGL,✅ Downloaded from PDB,KIBA
P21802,5UGX,✅ Downloaded from PDB,KIBA
P21802,5UHN,✅ Downloaded from PDB,KIBA
P21802,5UI0,✅ Downloaded from PDB,KIBA
P21802,6AGX,✅ Downloaded from PDB,KIBA
P21802,6LVK,✅ Downloaded from PDB,KIBA
P21802,6LVL,✅ Downloaded from PDB,KIBA
P21802,6V6Q,✅ Downloaded from PDB,KIBA
P21802,7KIA,✅ Downloaded from PDB,KIBA
P21802,7KIE,✅ Downloaded from PDB,KIBA
P21802,7OZY,❌ PDB Download failed,KIBA
P21802,8E1X,✅ Downloaded from PDB,KIBA
P21802,8H75,✅ Downloaded from PDB,KIBA
P21802,8STG,✅ Downloaded from PDB,KIBA
P21802,8SWE,✅ Downloaded from PDB,KIBA
P21802,8U1F,✅ Downloaded from PDB,KIBA
P22455,4QQ5,✅ Downloaded from PDB,KIBA
P22455,4QQC,✅ Downloaded from PDB,KIBA
P22455,4QQJ,✅ Downloaded from PDB,KIBA
P22455,4QQT,✅ Downloaded from PDB,KIBA
P22455,4QRC,✅ Downloaded from PDB,KIBA
P22455,4R6V,✅ Downloaded from PDB,KIBA
P22455,4TYE,✅ Downloaded from PDB,KIBA
P22455,4TYG,✅ Downloaded from PDB,KIBA
P22455,4TYI,✅ Downloaded from PDB,KIBA
P22455,4TYJ,✅ Downloaded from PDB,KIBA
P22455,4UXQ,✅ Downloaded from PDB,KIBA
P22455,4XCU,✅ Downloaded from PDB,KIBA
P22455,5JKG,✅ Downloaded from PDB,KIBA
P22455,5NUD,✅ Downloaded from PDB,KIBA
P22455,5NWZ,✅ Downloaded from PDB,KIBA
P22455,5XFF,✅ Downloaded from PDB,KIBA
P22455,5XFJ,✅ Downloaded from PDB,KIBA
P22455,6IUO,✅ Downloaded from PDB,KIBA
P22455,6IUP,✅ Downloaded from PDB,KIBA
P22455,6J6Y,✅ Downloaded from PDB,KIBA
P22455,6JPE,✅ Downloaded from PDB,KIBA
P22455,6JPJ,✅ Downloaded from PDB,KIBA
P22455,6NVG,✅ Downloaded from PDB,KIBA
P22455,6NVH,✅ Downloaded from PDB,KIBA
P22455,6NVI,✅ Downloaded from PDB,KIBA
P22455,6NVJ,✅ Downloaded from PDB,KIBA
P22455,6NVK,✅ Downloaded from PDB,KIBA
P22455,6V9C,✅ Downloaded from PDB,KIBA
P22455,6YI8,✅ Downloaded from PDB,KIBA
P22455,7DTZ,✅ Downloaded from PDB,KIBA
P22455,7F3M,✅ Downloaded from PDB,KIBA
P22455,7N1J,✅ Downloaded from PDB,KIBA
P22455,7TYD,✅ Downloaded from PDB,KIBA
P22455,7V29,✅ Downloaded from PDB,KIBA
P22455,7VJL,✅ Downloaded from PDB,KIBA
P22455,7WCT,✅ Downloaded from PDB,KIBA
P22455,7WCW,✅ Downloaded from PDB,KIBA
P22455,7WCX,✅ Downloaded from PDB,KIBA
P22455,7YBO,✅ Downloaded from PDB,KIBA
P22455,7YBP,✅ Downloaded from PDB,KIBA
P22455,7YBX,✅ Downloaded from PDB,KIBA
P22455,7YC1,✅ Downloaded from PDB,KIBA
P22455,7YC3,✅ Downloaded from PDB,KIBA
P22455,7YSW,✅ Downloaded from PDB,KIBA
P22455,8KH6,✅ Downloaded from PDB,KIBA
P22455,8KH7,✅ Downloaded from PDB,KIBA
P22455,8KH8,✅ Downloaded from PDB,KIBA
P22455,8KH9,✅ Downloaded from PDB,KIBA
P22455,8W5C,✅ Downloaded from PDB,KIBA
P22455,8XLQ,❌ PDB Download failed,KIBA
P22607,1RY7,✅ Downloaded from PDB,KIBA
P22607,2LZL,✅ Downloaded from PDB,KIBA
P22607,4K33,✅ Downloaded from PDB,KIBA
P22607,6LVM,✅ Downloaded from PDB,KIBA
P22607,6PNX,✅ Downloaded from PDB,KIBA
P22607,7DHL,✅ Downloaded from PDB,KIBA
P22607,7YSU,✅ Downloaded from PDB,KIBA
P22607,8UDT,✅ Downloaded from PDB,KIBA
P22607,8UDU,✅ Downloaded from PDB,KIBA
P22607,8UDV,✅ Downloaded from PDB,KIBA
P22607,9CD7,❌ PDB Download failed,KIBA
P22612,AF-P22612-F1,✅ Downloaded from AlphaFold,KIBA
P22694,AF-P22694-F1,✅ Downloaded from AlphaFold,KIBA
P23443,3A60,✅ Downloaded from PDB,KIBA
P23443,3A61,✅ Downloaded from PDB,KIBA
P23443,3A62,✅ Downloaded from PDB,KIBA
P23443,3WE4,✅ Downloaded from PDB,KIBA
P23443,3WF5,✅ Downloaded from PDB,KIBA
P23443,3WF6,✅ Downloaded from PDB,KIBA
P23443,3WF7,✅ Downloaded from PDB,KIBA
P23443,3WF8,✅ Downloaded from PDB,KIBA
P23443,3WF9,✅ Downloaded from PDB,KIBA
P23443,4L3J,✅ Downloaded from PDB,KIBA
P23443,4L3L,✅ Downloaded from PDB,KIBA
P23443,4L42,✅ Downloaded from PDB,KIBA
P23443,4L43,✅ Downloaded from PDB,KIBA
P23443,4L44,✅ Downloaded from PDB,KIBA
P23443,4L45,✅ Downloaded from PDB,KIBA
P23443,4L46,"⚠️ PDB Exception: HTTPSConnectionPool(host='files.rcsb.org', port=443): Read timed out. (read timeout=10)",KIBA
P23443,4RLO,✅ Downloaded from PDB,KIBA
P23443,4RLP,✅ Downloaded from PDB,KIBA
P23443,5WBH,✅ Downloaded from PDB,KIBA
P23443,5WBK,✅ Downloaded from PDB,KIBA
P23443,7N91,✅ Downloaded from PDB,KIBA
P23443,7N93,✅ Downloaded from PDB,KIBA
P23458,3EYG,✅ Downloaded from PDB,KIBA
P23458,3EYH,✅ Downloaded from PDB,KIBA
P23458,4E4L,✅ Downloaded from PDB,KIBA
P23458,4E4N,✅ Downloaded from PDB,KIBA
P23458,4E5W,✅ Downloaded from PDB,KIBA
P23458,4EHZ,✅ Downloaded from PDB,KIBA
P23458,4EI4,✅ Downloaded from PDB,KIBA
P23458,4FK6,✅ Downloaded from PDB,KIBA
P23458,4GS0,✅ Downloaded from PDB,KIBA
P23458,4I5C,✅ Downloaded from PDB,KIBA
P23458,4IVB,✅ Downloaded from PDB,KIBA
P23458,4IVC,✅ Downloaded from PDB,KIBA
P23458,4IVD,✅ Downloaded from PDB,KIBA
P23458,4K6Z,✅ Downloaded from PDB,KIBA
P23458,4K77,✅ Downloaded from PDB,KIBA
P23458,4L00,✅ Downloaded from PDB,KIBA
P23458,4L01,✅ Downloaded from PDB,KIBA
P23458,5E1E,"⚠️ PDB Exception: HTTPSConnectionPool(host='files.rcsb.org', port=443): Read timed out. (read timeout=10)",KIBA
P23458,5HX8,✅ Downloaded from PDB,KIBA
P23458,5IXD,✅ Downloaded from PDB,KIBA
P23458,5IXI,✅ Downloaded from PDB,KIBA
P23458,5KHW,✅ Downloaded from PDB,KIBA
P23458,5KHX,✅ Downloaded from PDB,KIBA
P23458,5L04,✅ Downloaded from PDB,KIBA
P23458,5WO4,✅ Downloaded from PDB,KIBA
P23458,6AAH,✅ Downloaded from PDB,KIBA
P23458,6BBU,✅ Downloaded from PDB,KIBA
P23458,6C7Y,✅ Downloaded from PDB,KIBA
P23458,6DBN,✅ Downloaded from PDB,KIBA
P23458,6ELR,✅ Downloaded from PDB,KIBA
P23458,6GGH,✅ Downloaded from PDB,KIBA
P23458,6HZU,✅ Downloaded from PDB,KIBA
P23458,6N77,✅ Downloaded from PDB,KIBA
P23458,6N78,✅ Downloaded from PDB,KIBA
P23458,6N79,✅ Downloaded from PDB,KIBA
P23458,6N7A,✅ Downloaded from PDB,KIBA
P23458,6N7B,✅ Downloaded from PDB,KIBA
P23458,6N7C,✅ Downloaded from PDB,KIBA
P23458,6N7D,✅ Downloaded from PDB,KIBA
P23458,6RSB,✅ Downloaded from PDB,KIBA
P23458,6RSC,✅ Downloaded from PDB,KIBA
P23458,6RSD,✅ Downloaded from PDB,KIBA
P23458,6RSE,✅ Downloaded from PDB,KIBA
P23458,6RSH,✅ Downloaded from PDB,KIBA
P23458,6SM8,✅ Downloaded from PDB,KIBA
P23458,6SMB,✅ Downloaded from PDB,KIBA
P23458,6TPE,✅ Downloaded from PDB,KIBA
P23458,6TPF,✅ Downloaded from PDB,KIBA
P23458,6W8L,✅ Downloaded from PDB,KIBA
P23458,8EXJ,✅ Downloaded from PDB,KIBA
P24723,2FK9,✅ Downloaded from PDB,KIBA
P24723,3TXO,✅ Downloaded from PDB,KIBA
P24723,8FP1,✅ Downloaded from PDB,KIBA
P24723,8FP3,✅ Downloaded from PDB,KIBA
P24941,1AQ1,✅ Downloaded from PDB,KIBA
P24941,1B38,✅ Downloaded from PDB,KIBA
P24941,1B39,✅ Downloaded from PDB,KIBA
P24941,1BUH,✅ Downloaded from PDB,KIBA
P24941,1CKP,✅ Downloaded from PDB,KIBA
P24941,1DI8,✅ Downloaded from PDB,KIBA
P24941,1DM2,✅ Downloaded from PDB,KIBA
P24941,1E1V,✅ Downloaded from PDB,KIBA
P24941,1E1X,✅ Downloaded from PDB,KIBA
P24941,1E9H,✅ Downloaded from PDB,KIBA
P24941,1F5Q,✅ Downloaded from PDB,KIBA
P24941,1FIN,✅ Downloaded from PDB,KIBA
P24941,1FQ1,✅ Downloaded from PDB,KIBA
P24941,1FVT,✅ Downloaded from PDB,KIBA
P24941,1FVV,✅ Downloaded from PDB,KIBA
P24941,1G5S,✅ Downloaded from PDB,KIBA
P24941,1GIH,✅ Downloaded from PDB,KIBA
P24941,1GII,✅ Downloaded from PDB,KIBA
P24941,1GIJ,✅ Downloaded from PDB,KIBA
P24941,1GY3,✅ Downloaded from PDB,KIBA
P24941,1GZ8,✅ Downloaded from PDB,KIBA
P24941,1H00,✅ Downloaded from PDB,KIBA
P24941,1H01,✅ Downloaded from PDB,KIBA
P24941,1H07,✅ Downloaded from PDB,KIBA
P24941,1H08,✅ Downloaded from PDB,KIBA
P24941,1H0V,✅ Downloaded from PDB,KIBA
P24941,1H0W,✅ Downloaded from PDB,KIBA
P24941,1H1P,✅ Downloaded from PDB,KIBA
P24941,1H1Q,✅ Downloaded from PDB,KIBA
P24941,1H1R,✅ Downloaded from PDB,KIBA
P24941,1H1S,✅ Downloaded from PDB,KIBA
P24941,1H24,✅ Downloaded from PDB,KIBA
P24941,1H25,✅ Downloaded from PDB,KIBA
P24941,1H26,✅ Downloaded from PDB,KIBA
P24941,1H27,✅ Downloaded from PDB,KIBA
P24941,1H28,✅ Downloaded from PDB,KIBA
P24941,1HCK,✅ Downloaded from PDB,KIBA
P24941,1HCL,✅ Downloaded from PDB,KIBA
P24941,1JST,✅ Downloaded from PDB,KIBA
P24941,1JSU,✅ Downloaded from PDB,KIBA
P24941,1JSV,✅ Downloaded from PDB,KIBA
P24941,1JVP,✅ Downloaded from PDB,KIBA
P24941,1KE5,✅ Downloaded from PDB,KIBA
P24941,1KE6,✅ Downloaded from PDB,KIBA
P24941,1KE7,✅ Downloaded from PDB,KIBA
P24941,1KE8,✅ Downloaded from PDB,KIBA
P24941,1KE9,✅ Downloaded from PDB,KIBA
P24941,1OGU,✅ Downloaded from PDB,KIBA
P24941,1OI9,✅ Downloaded from PDB,KIBA
P24941,1OIQ,✅ Downloaded from PDB,KIBA
P24941,1OIR,✅ Downloaded from PDB,KIBA
P24941,1OIT,✅ Downloaded from PDB,KIBA
P24941,1OIU,✅ Downloaded from PDB,KIBA
P24941,1OIY,✅ Downloaded from PDB,KIBA
P24941,1OKV,✅ Downloaded from PDB,KIBA
P24941,1OKW,✅ Downloaded from PDB,KIBA
P24941,1OL1,✅ Downloaded from PDB,KIBA
P24941,1OL2,✅ Downloaded from PDB,KIBA
P24941,1P2A,✅ Downloaded from PDB,KIBA
P24941,1P5E,✅ Downloaded from PDB,KIBA
P24941,1PF8,✅ Downloaded from PDB,KIBA
P24941,1PKD,✅ Downloaded from PDB,KIBA
P24941,1PW2,✅ Downloaded from PDB,KIBA
P24941,1PXI,✅ Downloaded from PDB,KIBA
P24941,1PXJ,✅ Downloaded from PDB,KIBA
P24941,1PXK,✅ Downloaded from PDB,KIBA
P24941,1PXL,✅ Downloaded from PDB,KIBA
P24941,1PXM,✅ Downloaded from PDB,KIBA
P24941,1PXN,✅ Downloaded from PDB,KIBA
P24941,1PXO,✅ Downloaded from PDB,KIBA
P24941,1PXP,✅ Downloaded from PDB,KIBA
P24941,1PYE,✅ Downloaded from PDB,KIBA
P24941,1QMZ,✅ Downloaded from PDB,KIBA
P24941,1R78,✅ Downloaded from PDB,KIBA
P24941,1URC,✅ Downloaded from PDB,KIBA
P24941,1URW,✅ Downloaded from PDB,KIBA
P24941,1V1K,✅ Downloaded from PDB,KIBA
P24941,1VYW,✅ Downloaded from PDB,KIBA
P24941,1VYZ,✅ Downloaded from PDB,KIBA
P24941,1W0X,✅ Downloaded from PDB,KIBA
P24941,1W8C,✅ Downloaded from PDB,KIBA
P24941,1W98,✅ Downloaded from PDB,KIBA
P24941,1WCC,✅ Downloaded from PDB,KIBA
P24941,1Y8Y,✅ Downloaded from PDB,KIBA
P24941,1Y91,✅ Downloaded from PDB,KIBA
P24941,1YKR,✅ Downloaded from PDB,KIBA
P24941,2A0C,✅ Downloaded from PDB,KIBA
P24941,2A4L,✅ Downloaded from PDB,KIBA
P24941,2B52,✅ Downloaded from PDB,KIBA
P24941,2B53,✅ Downloaded from PDB,KIBA
P24941,2B54,✅ Downloaded from PDB,KIBA
P24941,2B55,✅ Downloaded from PDB,KIBA
P24941,2BHE,✅ Downloaded from PDB,KIBA
P24941,2BHH,✅ Downloaded from PDB,KIBA
P24941,2BKZ,✅ Downloaded from PDB,KIBA
P24941,2BPM,✅ Downloaded from PDB,KIBA
P24941,2BTR,✅ Downloaded from PDB,KIBA
P24941,2BTS,✅ Downloaded from PDB,KIBA
P24941,2C4G,✅ Downloaded from PDB,KIBA
P24941,2C5N,✅ Downloaded from PDB,KIBA
P24941,2C5O,✅ Downloaded from PDB,KIBA
P24941,2C5V,✅ Downloaded from PDB,KIBA
P24941,2C5X,"⚠️ PDB Exception: HTTPSConnectionPool(host='files.rcsb.org', port=443): Read timed out. (read timeout=10)",KIBA
P24941,2C5Y,✅ Downloaded from PDB,KIBA
P24941,2C68,✅ Downloaded from PDB,KIBA
P24941,2C69,✅ Downloaded from PDB,KIBA
P24941,2C6I,✅ Downloaded from PDB,KIBA
P24941,2C6K,✅ Downloaded from PDB,KIBA
P24941,2C6L,✅ Downloaded from PDB,KIBA
P24941,2C6M,✅ Downloaded from PDB,KIBA
P24941,2C6O,✅ Downloaded from PDB,KIBA
P24941,2C6T,✅ Downloaded from PDB,KIBA
P24941,2CCH,✅ Downloaded from PDB,KIBA
P24941,2CCI,✅ Downloaded from PDB,KIBA
P24941,2CJM,✅ Downloaded from PDB,KIBA
P24941,2CLX,✅ Downloaded from PDB,KIBA
P24941,2DS1,"⚠️ PDB Exception: HTTPSConnectionPool(host='files.rcsb.org', port=443): Read timed out. (read timeout=10)",KIBA
P24941,2DUV,✅ Downloaded from PDB,KIBA
P24941,2EXM,✅ Downloaded from PDB,KIBA
P24941,2FVD,✅ Downloaded from PDB,KIBA
P24941,2G9X,✅ Downloaded from PDB,KIBA
P24941,2I40,✅ Downloaded from PDB,KIBA
P24941,2IW6,✅ Downloaded from PDB,KIBA
P24941,2IW8,✅ Downloaded from PDB,KIBA
P24941,2IW9,✅ Downloaded from PDB,KIBA
P24941,2J9M,✅ Downloaded from PDB,KIBA
P24941,2JGZ,✅ Downloaded from PDB,KIBA
P24941,2R3F,✅ Downloaded from PDB,KIBA
P24941,2R3G,✅ Downloaded from PDB,KIBA
P24941,2R3H,✅ Downloaded from PDB,KIBA
P24941,2R3I,✅ Downloaded from PDB,KIBA
P24941,2R3J,✅ Downloaded from PDB,KIBA
P24941,2R3K,✅ Downloaded from PDB,KIBA
P24941,2R3L,✅ Downloaded from PDB,KIBA
P24941,2R3M,✅ Downloaded from PDB,KIBA
P24941,2R3N,✅ Downloaded from PDB,KIBA
P24941,2R3O,"⚠️ PDB Exception: HTTPSConnectionPool(host='files.rcsb.org', port=443): Read timed out. (read timeout=10)",KIBA
P24941,2R3P,✅ Downloaded from PDB,KIBA
P24941,2R3Q,✅ Downloaded from PDB,KIBA
P24941,2R3R,✅ Downloaded from PDB,KIBA
P24941,2R64,✅ Downloaded from PDB,KIBA
P24941,2UUE,✅ Downloaded from PDB,KIBA
P24941,2UZB,✅ Downloaded from PDB,KIBA
P24941,2UZD,✅ Downloaded from PDB,KIBA
P24941,2UZE,✅ Downloaded from PDB,KIBA
P24941,2UZL,✅ Downloaded from PDB,KIBA
P24941,2UZN,✅ Downloaded from PDB,KIBA
P24941,2UZO,✅ Downloaded from PDB,KIBA
P24941,2V0D,✅ Downloaded from PDB,KIBA
P24941,2V22,✅ Downloaded from PDB,KIBA
P24941,2VTA,✅ Downloaded from PDB,KIBA
P24941,2VTH,✅ Downloaded from PDB,KIBA
P24941,2VTI,✅ Downloaded from PDB,KIBA
P24941,2VTJ,✅ Downloaded from PDB,KIBA
P24941,2VTL,✅ Downloaded from PDB,KIBA
P24941,2VTM,✅ Downloaded from PDB,KIBA
P24941,2VTN,✅ Downloaded from PDB,KIBA
P24941,2VTO,✅ Downloaded from PDB,KIBA
P24941,2VTP,✅ Downloaded from PDB,KIBA
P24941,2VTQ,✅ Downloaded from PDB,KIBA
P24941,2VTR,✅ Downloaded from PDB,KIBA
P24941,2VTS,✅ Downloaded from PDB,KIBA
P24941,2VTT,✅ Downloaded from PDB,KIBA
P24941,2VU3,✅ Downloaded from PDB,KIBA
P24941,2VV9,✅ Downloaded from PDB,KIBA
P24941,2W05,✅ Downloaded from PDB,KIBA
P24941,2W06,✅ Downloaded from PDB,KIBA
P24941,2W17,✅ Downloaded from PDB,KIBA
P24941,2W1H,✅ Downloaded from PDB,KIBA
P24941,2WEV,✅ Downloaded from PDB,KIBA
P24941,2WFY,✅ Downloaded from PDB,KIBA
P24941,2WHB,✅ Downloaded from PDB,KIBA
P24941,2WIH,✅ Downloaded from PDB,KIBA
P24941,2WIP,✅ Downloaded from PDB,KIBA
P24941,2WMA,✅ Downloaded from PDB,KIBA
P24941,2WMB,✅ Downloaded from PDB,KIBA
P24941,2WPA,✅ Downloaded from PDB,KIBA
P24941,2WXV,✅ Downloaded from PDB,KIBA
P24941,2X1N,✅ Downloaded from PDB,KIBA
P24941,2XMY,✅ Downloaded from PDB,KIBA
P24941,2XNB,✅ Downloaded from PDB,KIBA
P24941,3BHT,✅ Downloaded from PDB,KIBA
P24941,3BHU,✅ Downloaded from PDB,KIBA
P24941,3BHV,✅ Downloaded from PDB,KIBA
P24941,3DDP,✅ Downloaded from PDB,KIBA
P24941,3DDQ,✅ Downloaded from PDB,KIBA
P24941,3DOG,✅ Downloaded from PDB,KIBA
P24941,3EID,✅ Downloaded from PDB,KIBA
P24941,3EJ1,✅ Downloaded from PDB,KIBA
P24941,3EOC,✅ Downloaded from PDB,KIBA
P24941,3EZR,✅ Downloaded from PDB,KIBA
P24941,3EZV,✅ Downloaded from PDB,KIBA
P24941,3F5X,✅ Downloaded from PDB,KIBA
P24941,3FZ1,✅ Downloaded from PDB,KIBA
P24941,3IG7,✅ Downloaded from PDB,KIBA
P24941,3IGG,✅ Downloaded from PDB,KIBA
P24941,3LE6,✅ Downloaded from PDB,KIBA
P24941,3LFN,✅ Downloaded from PDB,KIBA
P24941,3LFQ,✅ Downloaded from PDB,KIBA
P24941,3LFS,✅ Downloaded from PDB,KIBA
P24941,3MY5,✅ Downloaded from PDB,KIBA
P24941,3NS9,✅ Downloaded from PDB,KIBA
P24941,3PJ8,✅ Downloaded from PDB,KIBA
P24941,3PXF,✅ Downloaded from PDB,KIBA
P24941,3PXQ,✅ Downloaded from PDB,KIBA
P24941,3PXR,✅ Downloaded from PDB,KIBA
P24941,3PXY,✅ Downloaded from PDB,KIBA
P24941,3PXZ,✅ Downloaded from PDB,KIBA
P24941,3PY0,✅ Downloaded from PDB,KIBA
P24941,3PY1,✅ Downloaded from PDB,KIBA
P24941,3QHR,✅ Downloaded from PDB,KIBA
P24941,3QHW,✅ Downloaded from PDB,KIBA
P24941,3QL8,✅ Downloaded from PDB,KIBA
P24941,3QQF,✅ Downloaded from PDB,KIBA
P24941,3QQG,✅ Downloaded from PDB,KIBA
P24941,3QQH,✅ Downloaded from PDB,KIBA
P24941,3QQJ,✅ Downloaded from PDB,KIBA
P24941,3QQK,✅ Downloaded from PDB,KIBA
P24941,3QQL,✅ Downloaded from PDB,KIBA
P24941,3QRT,✅ Downloaded from PDB,KIBA
P24941,3QRU,✅ Downloaded from PDB,KIBA
P24941,3QTQ,✅ Downloaded from PDB,KIBA
P24941,3QTR,✅ Downloaded from PDB,KIBA
P24941,3QTS,✅ Downloaded from PDB,KIBA
P24941,3QTU,✅ Downloaded from PDB,KIBA
P24941,3QTW,✅ Downloaded from PDB,KIBA
P24941,3QTX,✅ Downloaded from PDB,KIBA
P24941,3QTZ,✅ Downloaded from PDB,KIBA
P24941,3QU0,✅ Downloaded from PDB,KIBA
P24941,3QWJ,✅ Downloaded from PDB,KIBA
P24941,3QWK,✅ Downloaded from PDB,KIBA
P24941,3QX2,✅ Downloaded from PDB,KIBA
P24941,3QX4,✅ Downloaded from PDB,KIBA
P24941,3QXO,✅ Downloaded from PDB,KIBA
P24941,3QXP,✅ Downloaded from PDB,KIBA
P24941,3QZF,✅ Downloaded from PDB,KIBA
P24941,3QZG,✅ Downloaded from PDB,KIBA
P24941,3QZH,✅ Downloaded from PDB,KIBA
P24941,3QZI,✅ Downloaded from PDB,KIBA
P24941,3R1Q,✅ Downloaded from PDB,KIBA
P24941,3R1S,✅ Downloaded from PDB,KIBA
P24941,3R1Y,✅ Downloaded from PDB,KIBA
P24941,3R28,✅ Downloaded from PDB,KIBA
P24941,3R6X,✅ Downloaded from PDB,KIBA
P24941,3R71,✅ Downloaded from PDB,KIBA
P24941,3R73,✅ Downloaded from PDB,KIBA
P24941,3R7E,✅ Downloaded from PDB,KIBA
P24941,3R7I,✅ Downloaded from PDB,KIBA
P24941,3R7U,✅ Downloaded from PDB,KIBA
P24941,3R7V,✅ Downloaded from PDB,KIBA
P24941,3R7Y,✅ Downloaded from PDB,KIBA
P24941,3R83,✅ Downloaded from PDB,KIBA
P24941,3R8L,✅ Downloaded from PDB,KIBA
P24941,3R8M,✅ Downloaded from PDB,KIBA
P24941,3R8P,✅ Downloaded from PDB,KIBA
P24941,3R8U,✅ Downloaded from PDB,KIBA
P24941,3R8V,✅ Downloaded from PDB,KIBA
P24941,3R8Z,✅ Downloaded from PDB,KIBA
P24941,3R9D,✅ Downloaded from PDB,KIBA
P24941,3R9H,✅ Downloaded from PDB,KIBA
P24941,3R9N,✅ Downloaded from PDB,KIBA
P24941,3R9O,✅ Downloaded from PDB,KIBA
P24941,3RAH,✅ Downloaded from PDB,KIBA
P24941,3RAI,✅ Downloaded from PDB,KIBA
P24941,3RAK,✅ Downloaded from PDB,KIBA
P24941,3RAL,✅ Downloaded from PDB,KIBA
P24941,3RJC,✅ Downloaded from PDB,KIBA
P24941,3RK5,✅ Downloaded from PDB,KIBA
P24941,3RK7,✅ Downloaded from PDB,KIBA
P24941,3RK9,✅ Downloaded from PDB,KIBA
P24941,3RKB,✅ Downloaded from PDB,KIBA
P24941,3RM6,✅ Downloaded from PDB,KIBA
P24941,3RM7,✅ Downloaded from PDB,KIBA
P24941,3RMF,✅ Downloaded from PDB,KIBA
P24941,3RNI,✅ Downloaded from PDB,KIBA
P24941,3ROY,✅ Downloaded from PDB,KIBA
P24941,3RPO,✅ Downloaded from PDB,KIBA
P24941,3RPR,✅ Downloaded from PDB,KIBA
P24941,3RPV,✅ Downloaded from PDB,KIBA
P24941,3RPY,✅ Downloaded from PDB,KIBA
P24941,3RZB,✅ Downloaded from PDB,KIBA
P24941,3S00,✅ Downloaded from PDB,KIBA
P24941,3S0O,✅ Downloaded from PDB,KIBA
P24941,3S1H,✅ Downloaded from PDB,KIBA
P24941,3S2P,✅ Downloaded from PDB,KIBA
P24941,3SQQ,✅ Downloaded from PDB,KIBA
P24941,3SW4,✅ Downloaded from PDB,KIBA
P24941,3SW7,✅ Downloaded from PDB,KIBA
P24941,3TI1,✅ Downloaded from PDB,KIBA
P24941,3TIY,✅ Downloaded from PDB,KIBA
P24941,3TIZ,✅ Downloaded from PDB,KIBA
P24941,3TNW,✅ Downloaded from PDB,KIBA
P24941,3ULI,✅ Downloaded from PDB,KIBA
P24941,3UNJ,✅ Downloaded from PDB,KIBA
P24941,3UNK,✅ Downloaded from PDB,KIBA
P24941,3WBL,✅ Downloaded from PDB,KIBA
P24941,4ACM,✅ Downloaded from PDB,KIBA
P24941,4BCK,✅ Downloaded from PDB,KIBA
P24941,4BCM,✅ Downloaded from PDB,KIBA
P24941,4BCN,✅ Downloaded from PDB,KIBA
P24941,4BCO,✅ Downloaded from PDB,KIBA
P24941,4BCP,✅ Downloaded from PDB,KIBA
P24941,4BCQ,✅ Downloaded from PDB,KIBA
P24941,4BGH,✅ Downloaded from PDB,KIBA
P24941,4BZD,✅ Downloaded from PDB,KIBA
P24941,4CFM,✅ Downloaded from PDB,KIBA
P24941,4CFN,✅ Downloaded from PDB,KIBA
P24941,4CFU,✅ Downloaded from PDB,KIBA
P24941,4CFV,✅ Downloaded from PDB,KIBA
P24941,4CFW,✅ Downloaded from PDB,KIBA
P24941,4CFX,✅ Downloaded from PDB,KIBA
P24941,4D1X,✅ Downloaded from PDB,KIBA
P24941,4D1Z,✅ Downloaded from PDB,KIBA
P24941,4EK3,✅ Downloaded from PDB,KIBA
P24941,4EK4,✅ Downloaded from PDB,KIBA
P24941,4EK5,✅ Downloaded from PDB,KIBA
P24941,4EK6,✅ Downloaded from PDB,KIBA
P24941,4EK8,✅ Downloaded from PDB,KIBA
P24941,4EOI,✅ Downloaded from PDB,KIBA
P24941,4EOJ,✅ Downloaded from PDB,KIBA
P24941,4EOK,✅ Downloaded from PDB,KIBA
P24941,4EOL,✅ Downloaded from PDB,KIBA
P24941,4EOM,✅ Downloaded from PDB,KIBA
P24941,4EON,✅ Downloaded from PDB,KIBA
P24941,4EOO,✅ Downloaded from PDB,KIBA
P24941,4EOP,✅ Downloaded from PDB,KIBA
P24941,4EOQ,✅ Downloaded from PDB,KIBA
P24941,4EOR,✅ Downloaded from PDB,KIBA
P24941,4EOS,✅ Downloaded from PDB,KIBA
P24941,4ERW,✅ Downloaded from PDB,KIBA
P24941,4EZ3,✅ Downloaded from PDB,KIBA
P24941,4EZ7,✅ Downloaded from PDB,KIBA
P24941,4FKG,✅ Downloaded from PDB,KIBA
P24941,4FKI,✅ Downloaded from PDB,KIBA
P24941,4FKJ,✅ Downloaded from PDB,KIBA
P24941,4FKL,✅ Downloaded from PDB,KIBA
P24941,4FKO,✅ Downloaded from PDB,KIBA
P24941,4FKP,"⚠️ PDB Exception: HTTPSConnectionPool(host='files.rcsb.org', port=443): Read timed out. (read timeout=10)",KIBA
P24941,4FKQ,✅ Downloaded from PDB,KIBA
P24941,4FKR,✅ Downloaded from PDB,KIBA
P24941,4FKS,"⚠️ PDB Exception: HTTPSConnectionPool(host='files.rcsb.org', port=443): Read timed out. (read timeout=10)",KIBA
P24941,4FKT,✅ Downloaded from PDB,KIBA
P24941,4FKU,✅ Downloaded from PDB,KIBA
P24941,4FKV,✅ Downloaded from PDB,KIBA
P24941,4FKW,✅ Downloaded from PDB,KIBA
P24941,4FX3,"⚠️ PDB Exception: HTTPSConnectionPool(host='files.rcsb.org', port=443): Read timed out. (read timeout=10)",KIBA
P24941,4GCJ,✅ Downloaded from PDB,KIBA
P24941,4I3Z,✅ Downloaded from PDB,KIBA
P24941,4II5,✅ Downloaded from PDB,KIBA
P24941,4KD1,✅ Downloaded from PDB,KIBA
P24941,4LYN,✅ Downloaded from PDB,KIBA
P24941,4NJ3,✅ Downloaded from PDB,KIBA
P24941,4RJ3,✅ Downloaded from PDB,KIBA
P24941,5A14,✅ Downloaded from PDB,KIBA
P24941,5AND,✅ Downloaded from PDB,KIBA
P24941,5ANE,✅ Downloaded from PDB,KIBA
P24941,5ANG,✅ Downloaded from PDB,KIBA
P24941,5ANI,✅ Downloaded from PDB,KIBA
P24941,5ANJ,✅ Downloaded from PDB,KIBA
P24941,5ANK,✅ Downloaded from PDB,KIBA
P24941,5ANO,✅ Downloaded from PDB,KIBA
P24941,5CYI,✅ Downloaded from PDB,KIBA
P24941,5D1J,✅ Downloaded from PDB,KIBA
P24941,5FP5,✅ Downloaded from PDB,KIBA
P24941,5FP6,✅ Downloaded from PDB,KIBA
P24941,5IEV,✅ Downloaded from PDB,KIBA
P24941,5IEX,✅ Downloaded from PDB,KIBA
P24941,5IEY,✅ Downloaded from PDB,KIBA
P24941,5IF1,✅ Downloaded from PDB,KIBA
P24941,5JQ5,✅ Downloaded from PDB,KIBA
P24941,5JQ8,✅ Downloaded from PDB,KIBA
P24941,5K4J,✅ Downloaded from PDB,KIBA
P24941,5L2W,✅ Downloaded from PDB,KIBA
P24941,5LMK,"⚠️ PDB Exception: HTTPSConnectionPool(host='files.rcsb.org', port=443): Read timed out. (read timeout=10)",KIBA
P24941,5MHQ,"⚠️ PDB Exception: HTTPSConnectionPool(host='files.rcsb.org', port=443): Read timed out. (read timeout=10)",KIBA
P24941,5NEV,✅ Downloaded from PDB,KIBA
P24941,5OO0,✅ Downloaded from PDB,KIBA
P24941,5OO1,✅ Downloaded from PDB,KIBA
P24941,5OO3,✅ Downloaded from PDB,KIBA
P24941,5OSJ,✅ Downloaded from PDB,KIBA
P24941,5OSM,✅ Downloaded from PDB,KIBA
P24941,5UQ1,✅ Downloaded from PDB,KIBA
P24941,5UQ2,✅ Downloaded from PDB,KIBA
P24941,5UQ3,✅ Downloaded from PDB,KIBA
P24941,6ATH,✅ Downloaded from PDB,KIBA
P24941,6GUB,✅ Downloaded from PDB,KIBA
P24941,6GUC,✅ Downloaded from PDB,KIBA
P24941,6GUE,"⚠️ PDB Exception: HTTPSConnectionPool(host='files.rcsb.org', port=443): Read timed out. (read timeout=10)",KIBA
P24941,6GUF,✅ Downloaded from PDB,KIBA
P24941,6GUH,✅ Downloaded from PDB,KIBA
P24941,6GUK,✅ Downloaded from PDB,KIBA
P24941,6GVA,✅ Downloaded from PDB,KIBA
P24941,6INL,✅ Downloaded from PDB,KIBA
P24941,6JGM,✅ Downloaded from PDB,KIBA
P24941,6OQI,✅ Downloaded from PDB,KIBA
P24941,6P3W,✅ Downloaded from PDB,KIBA
P24941,6Q3B,✅ Downloaded from PDB,KIBA
P24941,6Q3C,✅ Downloaded from PDB,KIBA
P24941,6Q3F,✅ Downloaded from PDB,KIBA
P24941,6Q48,✅ Downloaded from PDB,KIBA
P24941,6Q49,✅ Downloaded from PDB,KIBA
P24941,6Q4A,✅ Downloaded from PDB,KIBA
P24941,6Q4B,✅ Downloaded from PDB,KIBA
P24941,6Q4C,✅ Downloaded from PDB,KIBA
P24941,6Q4D,✅ Downloaded from PDB,KIBA
P24941,6Q4E,✅ Downloaded from PDB,KIBA
P24941,6Q4F,✅ Downloaded from PDB,KIBA
P24941,6Q4G,✅ Downloaded from PDB,KIBA
P24941,6Q4H,✅ Downloaded from PDB,KIBA
P24941,6Q4I,✅ Downloaded from PDB,KIBA
P24941,6Q4J,✅ Downloaded from PDB,KIBA
P24941,6Q4K,✅ Downloaded from PDB,KIBA
P24941,6RIJ,✅ Downloaded from PDB,KIBA
P24941,6SG4,✅ Downloaded from PDB,KIBA
P24941,6YL1,✅ Downloaded from PDB,KIBA
P24941,6YL6,✅ Downloaded from PDB,KIBA
P24941,6YLK,✅ Downloaded from PDB,KIBA
P24941,7ACK,✅ Downloaded from PDB,KIBA
P24941,7B5L,✅ Downloaded from PDB,KIBA
P24941,7B5R,✅ Downloaded from PDB,KIBA
P24941,7B7S,✅ Downloaded from PDB,KIBA
P24941,7E34,✅ Downloaded from PDB,KIBA
P24941,7KJS,"⚠️ PDB Exception: HTTPSConnectionPool(host='files.rcsb.org', port=443): Read timed out. (read timeout=10)",KIBA
P24941,7M2F,"⚠️ PDB Exception: HTTPSConnectionPool(host='files.rcsb.org', port=443): Read timed out. (read timeout=10)",KIBA
P24941,7MKX,✅ Downloaded from PDB,KIBA
P24941,7NVQ,✅ Downloaded from PDB,KIBA
P24941,7QHL,✅ Downloaded from PDB,KIBA
P24941,7RA5,✅ Downloaded from PDB,KIBA
P24941,7RWE,✅ Downloaded from PDB,KIBA
P24941,7RWF,"⚠️ PDB Exception: HTTPSConnectionPool(host='files.rcsb.org', port=443): Read timed out. (read timeout=10)",KIBA
P24941,7RXO,✅ Downloaded from PDB,KIBA
P24941,7S4T,✅ Downloaded from PDB,KIBA
P24941,7S7A,"⚠️ PDB Exception: HTTPSConnectionPool(host='files.rcsb.org', port=443): Read timed out. (read timeout=10)",KIBA
P24941,7S84,✅ Downloaded from PDB,KIBA
P24941,7S85,✅ Downloaded from PDB,KIBA
P24941,7S9X,✅ Downloaded from PDB,KIBA
P24941,7SA0,✅ Downloaded from PDB,KIBA
P24941,7UG1,✅ Downloaded from PDB,KIBA
P24941,7UXI,✅ Downloaded from PDB,KIBA
P24941,7UXK,✅ Downloaded from PDB,KIBA
P24941,7VDU,✅ Downloaded from PDB,KIBA
P24941,7ZPC,✅ Downloaded from PDB,KIBA
P24941,8B54,✅ Downloaded from PDB,KIBA
P24941,8BYA,✅ Downloaded from PDB,KIBA
P24941,8BZO,✅ Downloaded from PDB,KIBA
P24941,8CUR,✅ Downloaded from PDB,KIBA
P24941,8ERD,"⚠️ PDB Exception: HTTPSConnectionPool(host='files.rcsb.org', port=443): Read timed out. (read timeout=10)",KIBA
P24941,8ERN,✅ Downloaded from PDB,KIBA
P24941,8FOW,✅ Downloaded from PDB,KIBA
P24941,8FP0,✅ Downloaded from PDB,KIBA
P24941,8FP5,✅ Downloaded from PDB,KIBA
P24941,8H6P,✅ Downloaded from PDB,KIBA
P24941,8H6T,✅ Downloaded from PDB,KIBA
P24941,8OR0,"⚠️ PDB Exception: HTTPSConnectionPool(host='files.rcsb.org', port=443): Read timed out. (read timeout=10)",KIBA
P24941,8OR4,✅ Downloaded from PDB,KIBA
P24941,8OY2,✅ Downloaded from PDB,KIBA
P24941,8ROZ,✅ Downloaded from PDB,KIBA
P24941,8RU8,✅ Downloaded from PDB,KIBA
P24941,8UV0,✅ Downloaded from PDB,KIBA
P24941,8VQ3,❌ PDB Download failed,KIBA
P24941,8VQ4,❌ PDB Download failed,KIBA
P24941,9FR2,❌ PDB Download failed,KIBA
P27361,2ZOQ,✅ Downloaded from PDB,KIBA
P27361,4QTB,✅ Downloaded from PDB,KIBA
P27361,6GES,✅ Downloaded from PDB,KIBA
P27448,2QNJ,✅ Downloaded from PDB,KIBA
P27448,3FE3,✅ Downloaded from PDB,KIBA
P27448,7P1L,✅ Downloaded from PDB,KIBA
P27448,8UOH,✅ Downloaded from PDB,KIBA
P27448,8UOI,✅ Downloaded from PDB,KIBA
P27448,8UOK,✅ Downloaded from PDB,KIBA
P27448,8UOL,✅ Downloaded from PDB,KIBA
P28482,1PME,✅ Downloaded from PDB,KIBA
P28482,1TVO,✅ Downloaded from PDB,KIBA
P28482,1WZY,✅ Downloaded from PDB,KIBA
P28482,2OJG,"⚠️ PDB Exception: HTTPSConnectionPool(host='files.rcsb.org', port=443): Read timed out. (read timeout=10)",KIBA
P28482,2OJI,✅ Downloaded from PDB,KIBA
P28482,2OJJ,✅ Downloaded from PDB,KIBA
P28482,2Y9Q,"⚠️ PDB Exception: HTTPSConnectionPool(host='files.rcsb.org', port=443): Read timed out. (read timeout=10)",KIBA
P28482,3D42,"⚠️ PDB Exception: HTTPSConnectionPool(host='files.rcsb.org', port=443): Read timed out. (read timeout=10)",KIBA
P28482,3D44,✅ Downloaded from PDB,KIBA
P28482,3I5Z,"⚠️ PDB Exception: HTTPSConnectionPool(host='files.rcsb.org', port=443): Max retries exceeded with url: /download/3I5Z.pdb (Caused by SSLError(SSLEOFError(8, '[SSL: UNEXPECTED_EOF_WHILE_READING] EOF occurred in violation of protocol (_ssl.c:1006)')))",KIBA
P28482,3I60,"⚠️ PDB Exception: HTTPSConnectionPool(host='files.rcsb.org', port=443): Max retries exceeded with url: /download/3I60.pdb (Caused by SSLError(SSLEOFError(8, '[SSL: UNEXPECTED_EOF_WHILE_READING] EOF occurred in violation of protocol (_ssl.c:1006)')))",KIBA
P28482,3SA0,"⚠️ PDB Exception: HTTPSConnectionPool(host='files.rcsb.org', port=443): Read timed out. (read timeout=10)",KIBA
P28482,3TEI,✅ Downloaded from PDB,KIBA
P28482,3W55,✅ Downloaded from PDB,KIBA
P28482,4FMQ,✅ Downloaded from PDB,KIBA
P28482,4FUX,✅ Downloaded from PDB,KIBA
P28482,4FUY,✅ Downloaded from PDB,KIBA
P28482,4FV0,✅ Downloaded from PDB,KIBA
P28482,4FV1,✅ Downloaded from PDB,KIBA
P28482,4FV2,✅ Downloaded from PDB,KIBA
P28482,4FV3,✅ Downloaded from PDB,KIBA
P28482,4FV4,✅ Downloaded from PDB,KIBA
P28482,4FV5,"⚠️ PDB Exception: HTTPSConnectionPool(host='files.rcsb.org', port=443): Read timed out. (read timeout=10)",KIBA
P28482,4FV6,✅ Downloaded from PDB,KIBA
P28482,4FV7,✅ Downloaded from PDB,KIBA
P28482,4FV8,✅ Downloaded from PDB,KIBA
P28482,4FV9,✅ Downloaded from PDB,KIBA
P28482,4G6N,✅ Downloaded from PDB,KIBA
P28482,4G6O,✅ Downloaded from PDB,KIBA
P28482,4H3P,✅ Downloaded from PDB,KIBA
P28482,4H3Q,✅ Downloaded from PDB,KIBA
P28482,4IZ5,✅ Downloaded from PDB,KIBA
P28482,4IZ7,✅ Downloaded from PDB,KIBA
P28482,4IZA,✅ Downloaded from PDB,KIBA
P28482,4N0S,✅ Downloaded from PDB,KIBA
P28482,4NIF,✅ Downloaded from PDB,KIBA
P28482,4O6E,✅ Downloaded from PDB,KIBA
P28482,4QP1,✅ Downloaded from PDB,KIBA
P28482,4QP2,✅ Downloaded from PDB,KIBA
P28482,4QP3,✅ Downloaded from PDB,KIBA
P28482,4QP4,✅ Downloaded from PDB,KIBA
P28482,4QP6,✅ Downloaded from PDB,KIBA
P28482,4QP7,✅ Downloaded from PDB,KIBA
P28482,4QP8,✅ Downloaded from PDB,KIBA
P28482,4QP9,✅ Downloaded from PDB,KIBA
P28482,4QPA,✅ Downloaded from PDB,KIBA
P28482,4QTA,✅ Downloaded from PDB,KIBA
P28482,4QTE,✅ Downloaded from PDB,KIBA
P28482,4XJ0,✅ Downloaded from PDB,KIBA
P28482,4ZXT,✅ Downloaded from PDB,KIBA
P28482,4ZZM,✅ Downloaded from PDB,KIBA
P28482,4ZZN,✅ Downloaded from PDB,KIBA
P28482,4ZZO,✅ Downloaded from PDB,KIBA
P28482,5AX3,✅ Downloaded from PDB,KIBA
P28482,5BUE,✅ Downloaded from PDB,KIBA
P28482,5BUI,✅ Downloaded from PDB,KIBA
P28482,5BUJ,✅ Downloaded from PDB,KIBA
P28482,5BVD,✅ Downloaded from PDB,KIBA
P28482,5BVE,✅ Downloaded from PDB,KIBA
P28482,5BVF,✅ Downloaded from PDB,KIBA
P28482,5K4I,✅ Downloaded from PDB,KIBA
P28482,5LCJ,✅ Downloaded from PDB,KIBA
P28482,5LCK,✅ Downloaded from PDB,KIBA
P28482,5NGU,✅ Downloaded from PDB,KIBA
P28482,5NHF,✅ Downloaded from PDB,KIBA
P28482,5NHH,✅ Downloaded from PDB,KIBA
P28482,5NHJ,✅ Downloaded from PDB,KIBA
P28482,5NHL,✅ Downloaded from PDB,KIBA
P28482,5NHO,✅ Downloaded from PDB,KIBA
P28482,5NHP,✅ Downloaded from PDB,KIBA
P28482,5NHV,✅ Downloaded from PDB,KIBA
P28482,5V60,✅ Downloaded from PDB,KIBA
P28482,5V61,✅ Downloaded from PDB,KIBA
P28482,5V62,✅ Downloaded from PDB,KIBA
P28482,5WP1,✅ Downloaded from PDB,KIBA
P28482,6D5Y,✅ Downloaded from PDB,KIBA
P28482,6DMG,✅ Downloaded from PDB,KIBA
P28482,6G54,✅ Downloaded from PDB,KIBA
P28482,6G8X,✅ Downloaded from PDB,KIBA
P28482,6G91,✅ Downloaded from PDB,KIBA
P28482,6G92,✅ Downloaded from PDB,KIBA
P28482,6G93,✅ Downloaded from PDB,KIBA
P28482,6G97,✅ Downloaded from PDB,KIBA
P28482,6G9A,✅ Downloaded from PDB,KIBA
P28482,6G9D,✅ Downloaded from PDB,KIBA
P28482,6G9H,✅ Downloaded from PDB,KIBA
P28482,6G9J,✅ Downloaded from PDB,KIBA
P28482,6G9K,✅ Downloaded from PDB,KIBA
P28482,6G9M,✅ Downloaded from PDB,KIBA
P28482,6G9N,✅ Downloaded from PDB,KIBA
P28482,6GDM,✅ Downloaded from PDB,KIBA
P28482,6GDQ,✅ Downloaded from PDB,KIBA
P28482,6GE0,✅ Downloaded from PDB,KIBA
P28482,6GJB,✅ Downloaded from PDB,KIBA
P28482,6GJD,✅ Downloaded from PDB,KIBA
P28482,6NBS,✅ Downloaded from PDB,KIBA
P28482,6OPG,✅ Downloaded from PDB,KIBA
P28482,6OPH,✅ Downloaded from PDB,KIBA
P28482,6OPI,✅ Downloaded from PDB,KIBA
P28482,6Q7K,✅ Downloaded from PDB,KIBA
P28482,6Q7S,✅ Downloaded from PDB,KIBA
P28482,6Q7T,✅ Downloaded from PDB,KIBA
P28482,6QA1,✅ Downloaded from PDB,KIBA
P28482,6QA3,✅ Downloaded from PDB,KIBA
P28482,6QA4,✅ Downloaded from PDB,KIBA
P28482,6QAG,✅ Downloaded from PDB,KIBA
P28482,6QAH,✅ Downloaded from PDB,KIBA
P28482,6QAL,✅ Downloaded from PDB,KIBA
P28482,6QAQ,✅ Downloaded from PDB,KIBA
P28482,6QAW,✅ Downloaded from PDB,KIBA
P28482,6RQ4,✅ Downloaded from PDB,KIBA
P28482,6SLG,✅ Downloaded from PDB,KIBA
P28482,7AUV,✅ Downloaded from PDB,KIBA
P28482,7E73,✅ Downloaded from PDB,KIBA
P28482,7E75,✅ Downloaded from PDB,KIBA
P28482,7NQQ,✅ Downloaded from PDB,KIBA
P28482,7NQW,✅ Downloaded from PDB,KIBA
P28482,7NR3,✅ Downloaded from PDB,KIBA
P28482,7NR5,✅ Downloaded from PDB,KIBA
P28482,7NR8,✅ Downloaded from PDB,KIBA
P28482,7NR9,✅ Downloaded from PDB,KIBA
P28482,7OPM,✅ Downloaded from PDB,KIBA
P28482,7W5O,✅ Downloaded from PDB,KIBA
P28482,7X4U,✅ Downloaded from PDB,KIBA
P28482,7XC1,✅ Downloaded from PDB,KIBA
P28482,8AO2,✅ Downloaded from PDB,KIBA
P28482,8AO3,✅ Downloaded from PDB,KIBA
P28482,8AO4,✅ Downloaded from PDB,KIBA
P28482,8AO5,✅ Downloaded from PDB,KIBA
P28482,8AO6,✅ Downloaded from PDB,KIBA
P28482,8AO7,✅ Downloaded from PDB,KIBA
P28482,8AO8,✅ Downloaded from PDB,KIBA
P28482,8AO9,✅ Downloaded from PDB,KIBA
P28482,8AOA,✅ Downloaded from PDB,KIBA
P28482,8AOB,✅ Downloaded from PDB,KIBA
P28482,8AOC,✅ Downloaded from PDB,KIBA
P28482,8AOD,✅ Downloaded from PDB,KIBA
P28482,8AOE,"⚠️ PDB Exception: HTTPSConnectionPool(host='files.rcsb.org', port=443): Read timed out. (read timeout=10)",KIBA
P28482,8AOF,✅ Downloaded from PDB,KIBA
P28482,8AOG,✅ Downloaded from PDB,KIBA
P28482,8AOH,"⚠️ PDB Exception: HTTPSConnectionPool(host='files.rcsb.org', port=443): Read timed out. (read timeout=10)",KIBA
P28482,8AOI,✅ Downloaded from PDB,KIBA
P28482,8AOJ,✅ Downloaded from PDB,KIBA
P28482,8PSR,✅ Downloaded from PDB,KIBA
P28482,8PST,✅ Downloaded from PDB,KIBA
P28482,8PSW,✅ Downloaded from PDB,KIBA
P28482,8PSY,✅ Downloaded from PDB,KIBA
P28482,8PT0,✅ Downloaded from PDB,KIBA
P28482,8PT1,✅ Downloaded from PDB,KIBA
P28482,8PT3,✅ Downloaded from PDB,KIBA
P28482,8PT5,✅ Downloaded from PDB,KIBA
P28482,8U8J,"⚠️ PDB Exception: HTTPSConnectionPool(host='files.rcsb.org', port=443): Max retries exceeded with url: /download/8U8J.pdb (Caused by SSLError(SSLEOFError(8, '[SSL: UNEXPECTED_EOF_WHILE_READING] EOF occurred in violation of protocol (_ssl.c:1006)')))",KIBA
P28482,8U8K,✅ Downloaded from PDB,KIBA
P28482,8ZJV,✅ Downloaded from PDB,KIBA
P29317,1MQB,✅ Downloaded from PDB,KIBA
P29317,2E8N,✅ Downloaded from PDB,KIBA
P29317,2K9Y,✅ Downloaded from PDB,KIBA
P29317,2KSO,✅ Downloaded from PDB,KIBA
P29317,2X10,✅ Downloaded from PDB,KIBA
P29317,2X11,✅ Downloaded from PDB,KIBA
P29317,3C8X,"⚠️ PDB Exception: HTTPSConnectionPool(host='files.rcsb.org', port=443): Read timed out. (read timeout=10)",KIBA
P29317,3CZU,✅ Downloaded from PDB,KIBA
P29317,3FL7,✅ Downloaded from PDB,KIBA
P29317,3HEI,✅ Downloaded from PDB,KIBA
P29317,3HPN,✅ Downloaded from PDB,KIBA
P29317,3KKA,✅ Downloaded from PDB,KIBA
P29317,3MBW,✅ Downloaded from PDB,KIBA
P29317,3MX0,✅ Downloaded from PDB,KIBA
P29317,3SKJ,✅ Downloaded from PDB,KIBA
P29317,4P2K,✅ Downloaded from PDB,KIBA
P29317,4PDO,"⚠️ PDB Exception: HTTPSConnectionPool(host='files.rcsb.org', port=443): Read timed out. (read timeout=10)",KIBA
P29317,4TRL,✅ Downloaded from PDB,KIBA
P29317,5EK7,✅ Downloaded from PDB,KIBA
P29317,5I9U,✅ Downloaded from PDB,KIBA
P29317,5I9V,✅ Downloaded from PDB,KIBA
P29317,5I9W,✅ Downloaded from PDB,KIBA
P29317,5I9X,✅ Downloaded from PDB,KIBA
P29317,5I9Y,✅ Downloaded from PDB,KIBA
P29317,5I9Z,"⚠️ PDB Exception: HTTPSConnectionPool(host='files.rcsb.org', port=443): Read timed out. (read timeout=10)",KIBA
P29317,5IA0,✅ Downloaded from PDB,KIBA
P29317,5IA1,✅ Downloaded from PDB,KIBA
P29317,5IA2,✅ Downloaded from PDB,KIBA
P29317,5IA3,✅ Downloaded from PDB,KIBA
P29317,5IA4,✅ Downloaded from PDB,KIBA
P29317,5IA5,✅ Downloaded from PDB,KIBA
P29317,5NJZ,"⚠️ PDB Exception: HTTPSConnectionPool(host='files.rcsb.org', port=443): Read timed out. (read timeout=10)",KIBA
P29317,5NK0,✅ Downloaded from PDB,KIBA
P29317,5NK1,✅ Downloaded from PDB,KIBA
P29317,5NK2,✅ Downloaded from PDB,KIBA
P29317,5NK3,✅ Downloaded from PDB,KIBA
P29317,5NK4,✅ Downloaded from PDB,KIBA
P29317,5NK5,✅ Downloaded from PDB,KIBA
P29317,5NK6,✅ Downloaded from PDB,KIBA
P29317,5NK7,✅ Downloaded from PDB,KIBA
P29317,5NK8,✅ Downloaded from PDB,KIBA
P29317,5NK9,✅ Downloaded from PDB,KIBA
P29317,5NKA,✅ Downloaded from PDB,KIBA
P29317,5NKB,✅ Downloaded from PDB,KIBA
P29317,5NKC,✅ Downloaded from PDB,KIBA
P29317,5NKD,✅ Downloaded from PDB,KIBA
P29317,5NKE,✅ Downloaded from PDB,KIBA
P29317,5NKF,✅ Downloaded from PDB,KIBA
P29317,5NKG,✅ Downloaded from PDB,KIBA
P29317,5NKH,✅ Downloaded from PDB,KIBA
P29317,5NKI,✅ Downloaded from PDB,KIBA
P29317,5NZ9,✅ Downloaded from PDB,KIBA
P29317,6B9L,✅ Downloaded from PDB,KIBA
P29317,6F7M,✅ Downloaded from PDB,KIBA
P29317,6F7N,✅ Downloaded from PDB,KIBA
P29317,6FNF,✅ Downloaded from PDB,KIBA
P29317,6FNG,✅ Downloaded from PDB,KIBA
P29317,6FNH,✅ Downloaded from PDB,KIBA
P29317,6HES,✅ Downloaded from PDB,KIBA
P29317,6HET,✅ Downloaded from PDB,KIBA
P29317,6HEU,✅ Downloaded from PDB,KIBA
P29317,6HEV,✅ Downloaded from PDB,KIBA
P29317,6HEW,✅ Downloaded from PDB,KIBA
P29317,6HEX,✅ Downloaded from PDB,KIBA
P29317,6HEY,✅ Downloaded from PDB,KIBA
P29317,6NJZ,✅ Downloaded from PDB,KIBA
P29317,6NK0,✅ Downloaded from PDB,KIBA
P29317,6NK1,✅ Downloaded from PDB,KIBA
P29317,6NK2,✅ Downloaded from PDB,KIBA
P29317,6NKP,✅ Downloaded from PDB,KIBA
P29317,6Q7B,✅ Downloaded from PDB,KIBA
P29317,6Q7C,✅ Downloaded from PDB,KIBA
P29317,6Q7D,✅ Downloaded from PDB,KIBA
P29317,6Q7E,✅ Downloaded from PDB,KIBA
P29317,6Q7F,✅ Downloaded from PDB,KIBA
P29317,6Q7G,✅ Downloaded from PDB,KIBA
P29317,6RW2,✅ Downloaded from PDB,KIBA
P29317,7B7N,✅ Downloaded from PDB,KIBA
P29317,7CZE,✅ Downloaded from PDB,KIBA
P29317,7CZF,✅ Downloaded from PDB,KIBA
P29317,7KJA,✅ Downloaded from PDB,KIBA
P29317,7KJB,✅ Downloaded from PDB,KIBA
P29317,7KJC,✅ Downloaded from PDB,KIBA
P29317,8BIN,✅ Downloaded from PDB,KIBA
P29317,8BIO,✅ Downloaded from PDB,KIBA
P29317,8BK0,✅ Downloaded from PDB,KIBA
P29317,8BM8,✅ Downloaded from PDB,KIBA
P29317,8BOC,✅ Downloaded from PDB,KIBA
P29317,8BOD,✅ Downloaded from PDB,KIBA
P29317,8BOF,✅ Downloaded from PDB,KIBA
P29317,8BOG,✅ Downloaded from PDB,KIBA
P29317,8BOH,✅ Downloaded from PDB,KIBA
P29317,8BOI,✅ Downloaded from PDB,KIBA
P29317,8BOK,✅ Downloaded from PDB,KIBA
P29317,8BOM,✅ Downloaded from PDB,KIBA
P29317,8QQY,✅ Downloaded from PDB,KIBA
P29317,8T9B,✅ Downloaded from PDB,KIBA
P29317,8TRS,✅ Downloaded from PDB,KIBA
P29317,8TRT,✅ Downloaded from PDB,KIBA
P29317,8TRV,✅ Downloaded from PDB,KIBA
P29317,8TV1,✅ Downloaded from PDB,KIBA
P29317,8TV5,❌ PDB Download failed,KIBA
P29317,8XPV,✅ Downloaded from PDB,KIBA
P29323,1B4F,✅ Downloaded from PDB,KIBA
P29323,1F0M,✅ Downloaded from PDB,KIBA
P29323,2QBX,✅ Downloaded from PDB,KIBA
P29323,3ZFM,✅ Downloaded from PDB,KIBA
P29323,8EBL,✅ Downloaded from PDB,KIBA
P29376,7NX0,✅ Downloaded from PDB,KIBA
P29376,7NX1,✅ Downloaded from PDB,KIBA
P29597,3LXN,✅ Downloaded from PDB,KIBA
P29597,3LXP,✅ Downloaded from PDB,KIBA
P29597,3NYX,✅ Downloaded from PDB,KIBA
P29597,3NZ0,✅ Downloaded from PDB,KIBA
P29597,3ZON,✅ Downloaded from PDB,KIBA
P29597,4GFO,✅ Downloaded from PDB,KIBA
P29597,4GIH,✅ Downloaded from PDB,KIBA
P29597,4GII,✅ Downloaded from PDB,KIBA
P29597,4GJ2,✅ Downloaded from PDB,KIBA
P29597,4GJ3,✅ Downloaded from PDB,KIBA
P29597,4GVJ,✅ Downloaded from PDB,KIBA
P29597,4OLI,✅ Downloaded from PDB,KIBA
P29597,4PO6,✅ Downloaded from PDB,KIBA
P29597,4PY1,✅ Downloaded from PDB,KIBA
P29597,4WOV,✅ Downloaded from PDB,KIBA
P29597,5C01,✅ Downloaded from PDB,KIBA
P29597,5C03,✅ Downloaded from PDB,KIBA
P29597,5F1Z,✅ Downloaded from PDB,KIBA
P29597,5F20,✅ Downloaded from PDB,KIBA
P29597,5TKD,✅ Downloaded from PDB,KIBA
P29597,5WAL,✅ Downloaded from PDB,KIBA
P29597,6AAM,✅ Downloaded from PDB,KIBA
P29597,6DBK,✅ Downloaded from PDB,KIBA
P29597,6DBM,✅ Downloaded from PDB,KIBA
P29597,6NSL,✅ Downloaded from PDB,KIBA
P29597,6NZE,✅ Downloaded from PDB,KIBA
P29597,6NZF,✅ Downloaded from PDB,KIBA
P29597,6NZH,✅ Downloaded from PDB,KIBA
P29597,6NZP,✅ Downloaded from PDB,KIBA
P29597,6NZQ,✅ Downloaded from PDB,KIBA
P29597,6NZR,✅ Downloaded from PDB,KIBA
P29597,6OVA,✅ Downloaded from PDB,KIBA
P29597,6VNS,✅ Downloaded from PDB,KIBA
P29597,6VNV,✅ Downloaded from PDB,KIBA
P29597,6VNX,✅ Downloaded from PDB,KIBA
P29597,6VNY,✅ Downloaded from PDB,KIBA
P29597,6X8F,✅ Downloaded from PDB,KIBA
P29597,6X8G,✅ Downloaded from PDB,KIBA
P29597,7AX4,✅ Downloaded from PDB,KIBA
P29597,7K7O,✅ Downloaded from PDB,KIBA
P29597,7K7Q,✅ Downloaded from PDB,KIBA
P29597,7UYR,✅ Downloaded from PDB,KIBA
P29597,7UYS,✅ Downloaded from PDB,KIBA
P29597,7UYT,✅ Downloaded from PDB,KIBA
P29597,7UYU,✅ Downloaded from PDB,KIBA
P29597,8EXN,✅ Downloaded from PDB,KIBA
P29597,8EYC,✅ Downloaded from PDB,KIBA
P29597,8S98,✅ Downloaded from PDB,KIBA
P29597,8S99,✅ Downloaded from PDB,KIBA
P29597,8S9A,✅ Downloaded from PDB,KIBA
P29597,8TB5,✅ Downloaded from PDB,KIBA
P29597,8TB6,✅ Downloaded from PDB,KIBA
P30291,1X8B,✅ Downloaded from PDB,KIBA
P30291,2IN6,✅ Downloaded from PDB,KIBA
P30291,2IO6,✅ Downloaded from PDB,KIBA
P30291,2Z2W,✅ Downloaded from PDB,KIBA
P30291,3BI6,✅ Downloaded from PDB,KIBA
P30291,3BIZ,✅ Downloaded from PDB,KIBA
P30291,3CQE,✅ Downloaded from PDB,KIBA
P30291,3CR0,✅ Downloaded from PDB,KIBA
P30291,5V5Y,✅ Downloaded from PDB,KIBA
P30291,5VC3,✅ Downloaded from PDB,KIBA
P30291,5VC4,✅ Downloaded from PDB,KIBA
P30291,5VC5,✅ Downloaded from PDB,KIBA
P30291,5VC6,✅ Downloaded from PDB,KIBA
P30291,5VD2,✅ Downloaded from PDB,KIBA
P30291,5VD4,✅ Downloaded from PDB,KIBA
P30291,5VD5,✅ Downloaded from PDB,KIBA
P30291,5VD7,✅ Downloaded from PDB,KIBA
P30291,5VD8,✅ Downloaded from PDB,KIBA
P30291,5VD9,✅ Downloaded from PDB,KIBA
P30291,5VDA,✅ Downloaded from PDB,KIBA
P30291,7N3U,✅ Downloaded from PDB,KIBA
P30291,8BJU,✅ Downloaded from PDB,KIBA
P30291,8WDK,✅ Downloaded from PDB,KIBA
P30530,2C5D,✅ Downloaded from PDB,KIBA
P30530,4RA0,✅ Downloaded from PDB,KIBA
P30530,5U6B,✅ Downloaded from PDB,KIBA
P30530,5VXZ,✅ Downloaded from PDB,KIBA
P31749,1H10,✅ Downloaded from PDB,KIBA
P31749,1UNP,✅ Downloaded from PDB,KIBA
P31749,1UNQ,✅ Downloaded from PDB,KIBA
P31749,1UNR,✅ Downloaded from PDB,KIBA
P31749,2UVM,✅ Downloaded from PDB,KIBA
P31749,2UZR,✅ Downloaded from PDB,KIBA
P31749,2UZS,✅ Downloaded from PDB,KIBA
P31749,3CQU,✅ Downloaded from PDB,KIBA
P31749,3CQW,✅ Downloaded from PDB,KIBA
P31749,3MV5,✅ Downloaded from PDB,KIBA
P31749,3MVH,✅ Downloaded from PDB,KIBA
P31749,3O96,✅ Downloaded from PDB,KIBA
P31749,3OCB,✅ Downloaded from PDB,KIBA
P31749,3OW4,✅ Downloaded from PDB,KIBA
P31749,3QKK,✅ Downloaded from PDB,KIBA
P31749,3QKL,✅ Downloaded from PDB,KIBA
P31749,3QKM,✅ Downloaded from PDB,KIBA
P31749,4EJN,✅ Downloaded from PDB,KIBA
P31749,4EKK,✅ Downloaded from PDB,KIBA
P31749,4EKL,✅ Downloaded from PDB,KIBA
P31749,4GV1,✅ Downloaded from PDB,KIBA
P31749,5KCV,✅ Downloaded from PDB,KIBA
P31749,6BUU,✅ Downloaded from PDB,KIBA
P31749,6CCY,✅ Downloaded from PDB,KIBA
P31749,6HHF,✅ Downloaded from PDB,KIBA
P31749,6HHG,✅ Downloaded from PDB,KIBA
P31749,6HHH,✅ Downloaded from PDB,KIBA
P31749,6HHI,✅ Downloaded from PDB,KIBA
P31749,6HHJ,✅ Downloaded from PDB,KIBA
P31749,6NPZ,✅ Downloaded from PDB,KIBA
P31749,6S9W,✅ Downloaded from PDB,KIBA
P31749,6S9X,✅ Downloaded from PDB,KIBA
P31749,7APJ,✅ Downloaded from PDB,KIBA
P31749,7MYX,✅ Downloaded from PDB,KIBA
P31749,7NH4,✅ Downloaded from PDB,KIBA
P31749,7NH5,✅ Downloaded from PDB,KIBA
P31749,8JOW,✅ Downloaded from PDB,KIBA
P31749,8UVY,✅ Downloaded from PDB,KIBA
P31749,8UW2,✅ Downloaded from PDB,KIBA
P31749,8UW7,✅ Downloaded from PDB,KIBA
P31749,8UW9,✅ Downloaded from PDB,KIBA
P31751,1GZK,✅ Downloaded from PDB,KIBA
P31751,1GZN,✅ Downloaded from PDB,KIBA
P31751,1GZO,✅ Downloaded from PDB,KIBA
P31751,1MRV,✅ Downloaded from PDB,KIBA
P31751,1MRY,✅ Downloaded from PDB,KIBA
P31751,1O6K,✅ Downloaded from PDB,KIBA
P31751,1O6L,✅ Downloaded from PDB,KIBA
P31751,1P6S,✅ Downloaded from PDB,KIBA
P31751,2JDO,✅ Downloaded from PDB,KIBA
P31751,2JDR,✅ Downloaded from PDB,KIBA
P31751,2UW9,✅ Downloaded from PDB,KIBA
P31751,2X39,✅ Downloaded from PDB,KIBA
P31751,2XH5,✅ Downloaded from PDB,KIBA
P31751,3D0E,✅ Downloaded from PDB,KIBA
P31751,3E87,✅ Downloaded from PDB,KIBA
P31751,3E88,✅ Downloaded from PDB,KIBA
P31751,3E8D,✅ Downloaded from PDB,KIBA
P31751,8Q61,✅ Downloaded from PDB,KIBA
P31751,9C1W,✅ Downloaded from PDB,KIBA
P34947,4TNB,"⚠️ PDB Exception: HTTPSConnectionPool(host='files.rcsb.org', port=443): Read timed out. (read timeout=10)",KIBA
P34947,4TND,✅ Downloaded from PDB,KIBA
P34947,6PJX,✅ Downloaded from PDB,KIBA
P34947,8UAP,"⚠️ PDB Exception: HTTPSConnectionPool(host='files.rcsb.org', port=443): Read timed out. (read timeout=10)",KIBA
P34947,8UAQ,"⚠️ PDB Exception: HTTPSConnectionPool(host='files.rcsb.org', port=443): Read timed out. (read timeout=10)",KIBA
P35916,4BSJ,✅ Downloaded from PDB,KIBA
P35916,4BSK,✅ Downloaded from PDB,KIBA
P35968,1VR2,"⚠️ PDB Exception: HTTPSConnectionPool(host='files.rcsb.org', port=443): Read timed out. (read timeout=10)",KIBA
P35968,1Y6A,✅ Downloaded from PDB,KIBA
P35968,1Y6B,✅ Downloaded from PDB,KIBA
P35968,1YWN,✅ Downloaded from PDB,KIBA
P35968,2M59,✅ Downloaded from PDB,KIBA
P35968,2MET,✅ Downloaded from PDB,KIBA
P35968,2MEU,✅ Downloaded from PDB,KIBA
P35968,2OH4,✅ Downloaded from PDB,KIBA
P35968,2P2H,"⚠️ PDB Exception: HTTPSConnectionPool(host='files.rcsb.org', port=443): Read timed out. (read timeout=10)",KIBA
P35968,2P2I,✅ Downloaded from PDB,KIBA
P35968,2QU5,✅ Downloaded from PDB,KIBA
P35968,2QU6,✅ Downloaded from PDB,KIBA
P35968,2RL5,✅ Downloaded from PDB,KIBA
P35968,2X1W,✅ Downloaded from PDB,KIBA
P35968,2X1X,✅ Downloaded from PDB,KIBA
P35968,2XIR,✅ Downloaded from PDB,KIBA
P35968,3B8Q,✅ Downloaded from PDB,KIBA
P35968,3B8R,✅ Downloaded from PDB,KIBA
P35968,3BE2,✅ Downloaded from PDB,KIBA
P35968,3C7Q,"⚠️ PDB Exception: HTTPSConnectionPool(host='files.rcsb.org', port=443): Read timed out. (read timeout=10)",KIBA
P35968,3CJF,✅ Downloaded from PDB,KIBA
P35968,3CJG,✅ Downloaded from PDB,KIBA
P35968,3CP9,✅ Downloaded from PDB,KIBA
P35968,3CPB,✅ Downloaded from PDB,KIBA
P35968,3CPC,✅ Downloaded from PDB,KIBA
P35968,3DTW,✅ Downloaded from PDB,KIBA
P35968,3EFL,✅ Downloaded from PDB,KIBA
P35968,3EWH,✅ Downloaded from PDB,KIBA
P35968,3KVQ,✅ Downloaded from PDB,KIBA
P35968,3S35,✅ Downloaded from PDB,KIBA
P35968,3S36,✅ Downloaded from PDB,KIBA
P35968,3S37,✅ Downloaded from PDB,KIBA
P35968,3U6J,✅ Downloaded from PDB,KIBA
P35968,3V2A,✅ Downloaded from PDB,KIBA
P35968,3V6B,✅ Downloaded from PDB,KIBA
P35968,3VHE,✅ Downloaded from PDB,KIBA
P35968,3VHK,✅ Downloaded from PDB,KIBA
P35968,3VID,✅ Downloaded from PDB,KIBA
P35968,3VNT,✅ Downloaded from PDB,KIBA
P35968,3VO3,✅ Downloaded from PDB,KIBA
P35968,3WZD,✅ Downloaded from PDB,KIBA
P35968,3WZE,✅ Downloaded from PDB,KIBA
P35968,4AG8,✅ Downloaded from PDB,KIBA
P35968,4AGC,✅ Downloaded from PDB,KIBA
P35968,4AGD,✅ Downloaded from PDB,KIBA
P35968,4ASD,✅ Downloaded from PDB,KIBA
P35968,4ASE,✅ Downloaded from PDB,KIBA
P35968,5EW3,✅ Downloaded from PDB,KIBA
P35968,5OYJ,✅ Downloaded from PDB,KIBA
P35968,6GQO,✅ Downloaded from PDB,KIBA
P35968,6GQP,✅ Downloaded from PDB,KIBA
P35968,6GQQ,✅ Downloaded from PDB,KIBA
P35968,6XVJ,✅ Downloaded from PDB,KIBA
P35968,6XVK,✅ Downloaded from PDB,KIBA
P36507,1S9I,✅ Downloaded from PDB,KIBA
P36507,4H3Q,✅ Downloaded from PDB,KIBA
P36888,1RJB,✅ Downloaded from PDB,KIBA
P36888,3QS7,✅ Downloaded from PDB,KIBA
P36888,3QS9,✅ Downloaded from PDB,KIBA
P36888,4RT7,✅ Downloaded from PDB,KIBA
P36888,4XUF,✅ Downloaded from PDB,KIBA
P36888,5X02,✅ Downloaded from PDB,KIBA
P36888,6IL3,✅ Downloaded from PDB,KIBA
P36888,6JQR,✅ Downloaded from PDB,KIBA
P36888,7QDP,✅ Downloaded from PDB,KIBA
P36888,7ZV9,✅ Downloaded from PDB,KIBA
P41240,1BYG,✅ Downloaded from PDB,KIBA
P41240,1CSK,✅ Downloaded from PDB,KIBA
P41240,3D7T,✅ Downloaded from PDB,KIBA
P41240,3D7U,✅ Downloaded from PDB,KIBA
P41240,3EAC,✅ Downloaded from PDB,KIBA
P41240,3EAZ,✅ Downloaded from PDB,KIBA
P41279,4Y83,✅ Downloaded from PDB,KIBA
P41279,4Y85,✅ Downloaded from PDB,KIBA
P41279,5IU2,✅ Downloaded from PDB,KIBA
P41743,1VD2,✅ Downloaded from PDB,KIBA
P41743,1WMH,✅ Downloaded from PDB,KIBA
P41743,1ZRZ,✅ Downloaded from PDB,KIBA
P41743,3A8W,✅ Downloaded from PDB,KIBA
P41743,3A8X,✅ Downloaded from PDB,KIBA
P41743,3ZH8,✅ Downloaded from PDB,KIBA
P41743,5LI1,✅ Downloaded from PDB,KIBA
P41743,5LI9,✅ Downloaded from PDB,KIBA
P41743,5LIH,✅ Downloaded from PDB,KIBA
P41743,6ILZ,✅ Downloaded from PDB,KIBA
P42336,2ENQ,✅ Downloaded from PDB,KIBA
P42336,2RD0,✅ Downloaded from PDB,KIBA
P42336,3HHM,✅ Downloaded from PDB,KIBA
P42336,3HIZ,✅ Downloaded from PDB,KIBA
P42336,3ZIM,✅ Downloaded from PDB,KIBA
P42336,4JPS,✅ Downloaded from PDB,KIBA
P42336,4L1B,✅ Downloaded from PDB,KIBA
P42336,4L23,✅ Downloaded from PDB,KIBA
P42336,4L2Y,✅ Downloaded from PDB,KIBA
P42336,4OVU,✅ Downloaded from PDB,KIBA
P42336,4OVV,✅ Downloaded from PDB,KIBA
P42336,4TUU,✅ Downloaded from PDB,KIBA
P42336,4TV3,✅ Downloaded from PDB,KIBA
P42336,4WAF,✅ Downloaded from PDB,KIBA
P42336,4YKN,✅ Downloaded from PDB,KIBA
P42336,4ZOP,✅ Downloaded from PDB,KIBA
P42336,5DXH,✅ Downloaded from PDB,KIBA
P42336,5DXT,✅ Downloaded from PDB,KIBA
P42336,5FI4,✅ Downloaded from PDB,KIBA
P42336,5ITD,✅ Downloaded from PDB,KIBA
P42336,5SW8,✅ Downloaded from PDB,KIBA
P42336,5SWG,✅ Downloaded from PDB,KIBA
P42336,5SWO,"⚠️ PDB Exception: HTTPSConnectionPool(host='files.rcsb.org', port=443): Read timed out. (read timeout=10)",KIBA
P42336,5SWP,✅ Downloaded from PDB,KIBA
P42336,5SWR,✅ Downloaded from PDB,KIBA
P42336,5SWT,✅ Downloaded from PDB,KIBA
P42336,5SX8,✅ Downloaded from PDB,KIBA
P42336,5SX9,✅ Downloaded from PDB,KIBA
P42336,5SXA,✅ Downloaded from PDB,KIBA
P42336,5SXB,✅ Downloaded from PDB,KIBA
P42336,5SXC,✅ Downloaded from PDB,KIBA
P42336,5SXD,✅ Downloaded from PDB,KIBA
P42336,5SXE,✅ Downloaded from PDB,KIBA
P42336,5SXF,✅ Downloaded from PDB,KIBA
P42336,5SXI,✅ Downloaded from PDB,KIBA
P42336,5SXJ,✅ Downloaded from PDB,KIBA
P42336,5SXK,✅ Downloaded from PDB,KIBA
P42336,5UBR,✅ Downloaded from PDB,KIBA
P42336,5UK8,✅ Downloaded from PDB,KIBA
P42336,5UKJ,✅ Downloaded from PDB,KIBA
P42336,5UL1,✅ Downloaded from PDB,KIBA
P42336,5XGH,✅ Downloaded from PDB,KIBA
P42336,5XGI,✅ Downloaded from PDB,KIBA
P42336,5XGJ,✅ Downloaded from PDB,KIBA
P42336,6GVF,✅ Downloaded from PDB,KIBA
P42336,6GVG,✅ Downloaded from PDB,KIBA
P42336,6GVH,✅ Downloaded from PDB,KIBA
P42336,6GVI,✅ Downloaded from PDB,KIBA
P42336,6NCT,✅ Downloaded from PDB,KIBA
P42336,6OAC,✅ Downloaded from PDB,KIBA
P42336,6PYS,✅ Downloaded from PDB,KIBA
P42336,6VO7,✅ Downloaded from PDB,KIBA
P42336,7JIU,✅ Downloaded from PDB,KIBA
P42336,7K6M,✅ Downloaded from PDB,KIBA
P42336,7K6N,✅ Downloaded from PDB,KIBA
P42336,7K6O,✅ Downloaded from PDB,KIBA
P42336,7K71,✅ Downloaded from PDB,KIBA
P42336,7L1B,✅ Downloaded from PDB,KIBA
P42336,7L1C,✅ Downloaded from PDB,KIBA
P42336,7L1D,✅ Downloaded from PDB,KIBA
P42336,7MLK,✅ Downloaded from PDB,KIBA
P42336,7MYN,✅ Downloaded from PDB,KIBA
P42336,7MYO,✅ Downloaded from PDB,KIBA
P42336,7PG5,✅ Downloaded from PDB,KIBA
P42336,7PG6,✅ Downloaded from PDB,KIBA
P42336,7R9V,✅ Downloaded from PDB,KIBA
P42336,7R9Y,✅ Downloaded from PDB,KIBA
P42336,7RRG,✅ Downloaded from PDB,KIBA
P42336,7TZ7,✅ Downloaded from PDB,KIBA
P42336,8AM0,✅ Downloaded from PDB,KIBA
P42336,8BFU,✅ Downloaded from PDB,KIBA
P42336,8DCP,✅ Downloaded from PDB,KIBA
P42336,8DCX,✅ Downloaded from PDB,KIBA
P42336,8DD4,✅ Downloaded from PDB,KIBA
P42336,8DD8,✅ Downloaded from PDB,KIBA
P42336,8EXL,✅ Downloaded from PDB,KIBA
P42336,8EXO,✅ Downloaded from PDB,KIBA
P42336,8EXU,✅ Downloaded from PDB,KIBA
P42336,8EXV,✅ Downloaded from PDB,KIBA
P42336,8GUA,✅ Downloaded from PDB,KIBA
P42336,8GUB,✅ Downloaded from PDB,KIBA
P42336,8GUD,✅ Downloaded from PDB,KIBA
P42336,8ILR,✅ Downloaded from PDB,KIBA
P42336,8ILS,✅ Downloaded from PDB,KIBA
P42336,8ILV,✅ Downloaded from PDB,KIBA
P42336,8OW2,✅ Downloaded from PDB,KIBA
P42336,8SBC,✅ Downloaded from PDB,KIBA
P42336,8SBJ,✅ Downloaded from PDB,KIBA
P42336,8TDU,✅ Downloaded from PDB,KIBA
P42336,8TGD,✅ Downloaded from PDB,KIBA
P42336,8TS7,✅ Downloaded from PDB,KIBA
P42336,8TS8,✅ Downloaded from PDB,KIBA
P42336,8TS9,✅ Downloaded from PDB,KIBA
P42336,8TSA,✅ Downloaded from PDB,KIBA
P42336,8TSB,✅ Downloaded from PDB,KIBA
P42336,8TSC,✅ Downloaded from PDB,KIBA
P42336,8TSD,✅ Downloaded from PDB,KIBA
P42336,8TU6,✅ Downloaded from PDB,KIBA
P42336,8TWY,✅ Downloaded from PDB,KIBA
P42336,8V8H,✅ Downloaded from PDB,KIBA
P42336,8V8I,✅ Downloaded from PDB,KIBA
P42336,8V8J,✅ Downloaded from PDB,KIBA
P42336,8V8U,✅ Downloaded from PDB,KIBA
P42336,8V8V,✅ Downloaded from PDB,KIBA
P42336,8W9A,✅ Downloaded from PDB,KIBA
P42336,8W9B,✅ Downloaded from PDB,KIBA
P42338,AF-P42338-F1,✅ Downloaded from AlphaFold,KIBA
P42679,1JWO,✅ Downloaded from PDB,KIBA
P42679,1X6G,✅ Downloaded from PDB,KIBA
P42679,3US4,✅ Downloaded from PDB,KIBA
P42684,2ECD,✅ Downloaded from PDB,KIBA
P42684,2KK1,✅ Downloaded from PDB,KIBA
P42684,2XYN,✅ Downloaded from PDB,KIBA
P42684,3GVU,✅ Downloaded from PDB,KIBA
P42684,3HMI,✅ Downloaded from PDB,KIBA
P42684,3ULR,✅ Downloaded from PDB,KIBA
P42684,4EIH,✅ Downloaded from PDB,KIBA
P42684,5NP3,✅ Downloaded from PDB,KIBA
P42684,5NP5,✅ Downloaded from PDB,KIBA
P42685,AF-P42685-F1,✅ Downloaded from AlphaFold,KIBA
P43403,1FBV,✅ Downloaded from PDB,KIBA
P43403,1M61,✅ Downloaded from PDB,KIBA
P43403,1U59,✅ Downloaded from PDB,KIBA
P43403,2CBL,✅ Downloaded from PDB,KIBA
P43403,2OQ1,✅ Downloaded from PDB,KIBA
P43403,2OZO,✅ Downloaded from PDB,KIBA
P43403,2Y1N,✅ Downloaded from PDB,KIBA
P43403,3ZNI,✅ Downloaded from PDB,KIBA
P43403,4A4B,✅ Downloaded from PDB,KIBA
P43403,4A4C,✅ Downloaded from PDB,KIBA
P43403,4K2R,✅ Downloaded from PDB,KIBA
P43403,4XZ0,✅ Downloaded from PDB,KIBA
P43403,4XZ1,✅ Downloaded from PDB,KIBA
P43403,5O76,✅ Downloaded from PDB,KIBA
P43403,7SIY,✅ Downloaded from PDB,KIBA
P43405,1A81,✅ Downloaded from PDB,KIBA
P43405,1CSY,✅ Downloaded from PDB,KIBA
P43405,1CSZ,✅ Downloaded from PDB,KIBA
P43405,1XBA,✅ Downloaded from PDB,KIBA
P43405,1XBB,✅ Downloaded from PDB,KIBA
P43405,1XBC,✅ Downloaded from PDB,KIBA
P43405,3BUW,✅ Downloaded from PDB,KIBA
P43405,3EMG,✅ Downloaded from PDB,KIBA
P43405,3FQE,✅ Downloaded from PDB,KIBA
P43405,3FQH,✅ Downloaded from PDB,KIBA
P43405,3FQS,✅ Downloaded from PDB,KIBA
P43405,3SRV,✅ Downloaded from PDB,KIBA
P43405,3TUB,✅ Downloaded from PDB,KIBA
P43405,3TUC,✅ Downloaded from PDB,KIBA
P43405,3TUD,✅ Downloaded from PDB,KIBA
P43405,3VF8,✅ Downloaded from PDB,KIBA
P43405,3VF9,✅ Downloaded from PDB,KIBA
P43405,4DFL,✅ Downloaded from PDB,KIBA
P43405,4DFN,✅ Downloaded from PDB,KIBA
P43405,4F4P,✅ Downloaded from PDB,KIBA
P43405,4FL1,✅ Downloaded from PDB,KIBA
P43405,4FL2,✅ Downloaded from PDB,KIBA
P43405,4FL3,"⚠️ PDB Exception: HTTPSConnectionPool(host='files.rcsb.org', port=443): Read timed out. (read timeout=10)",KIBA
P43405,4FYN,✅ Downloaded from PDB,KIBA
P43405,4FYO,✅ Downloaded from PDB,KIBA
P43405,4FZ6,✅ Downloaded from PDB,KIBA
P43405,4FZ7,✅ Downloaded from PDB,KIBA
P43405,4GFG,"⚠️ PDB Exception: HTTPSConnectionPool(host='files.rcsb.org', port=443): Read timed out. (read timeout=10)",KIBA
P43405,4I0R,✅ Downloaded from PDB,KIBA
P43405,4I0S,✅ Downloaded from PDB,KIBA
P43405,4I0T,✅ Downloaded from PDB,KIBA
P43405,4PUZ,✅ Downloaded from PDB,KIBA
P43405,4PV0,✅ Downloaded from PDB,KIBA
P43405,4PX6,✅ Downloaded from PDB,KIBA
P43405,4RSS,✅ Downloaded from PDB,KIBA
P43405,4RX7,✅ Downloaded from PDB,KIBA
P43405,4RX8,✅ Downloaded from PDB,KIBA
P43405,4RX9,✅ Downloaded from PDB,KIBA
P43405,4WNM,✅ Downloaded from PDB,KIBA
P43405,4XG2,✅ Downloaded from PDB,KIBA
P43405,4XG3,✅ Downloaded from PDB,KIBA
P43405,4XG4,✅ Downloaded from PDB,KIBA
P43405,4XG6,✅ Downloaded from PDB,KIBA
P43405,4XG7,✅ Downloaded from PDB,KIBA
P43405,4XG8,✅ Downloaded from PDB,KIBA
P43405,4XG9,✅ Downloaded from PDB,KIBA
P43405,4YJO,✅ Downloaded from PDB,KIBA
P43405,4YJP,✅ Downloaded from PDB,KIBA
P43405,4YJQ,✅ Downloaded from PDB,KIBA
P43405,4YJR,✅ Downloaded from PDB,KIBA
P43405,4YJS,"⚠️ PDB Exception: HTTPSConnectionPool(host='files.rcsb.org', port=443): Read timed out. (read timeout=10)",KIBA
P43405,4YJT,✅ Downloaded from PDB,KIBA
P43405,4YJU,✅ Downloaded from PDB,KIBA
P43405,4YJV,✅ Downloaded from PDB,KIBA
P43405,5C26,✅ Downloaded from PDB,KIBA
P43405,5C27,✅ Downloaded from PDB,KIBA
P43405,5CXH,✅ Downloaded from PDB,KIBA
P43405,5CXZ,✅ Downloaded from PDB,KIBA
P43405,5CY3,✅ Downloaded from PDB,KIBA
P43405,5GHV,✅ Downloaded from PDB,KIBA
P43405,5LMA,✅ Downloaded from PDB,KIBA
P43405,5LMB,✅ Downloaded from PDB,KIBA
P43405,5T68,✅ Downloaded from PDB,KIBA
P43405,5TIU,✅ Downloaded from PDB,KIBA
P43405,5TR6,✅ Downloaded from PDB,KIBA
P43405,5TT7,✅ Downloaded from PDB,KIBA
P43405,5Y5T,✅ Downloaded from PDB,KIBA
P43405,5Y5U,✅ Downloaded from PDB,KIBA
P43405,6HM6,✅ Downloaded from PDB,KIBA
P43405,6HM7,✅ Downloaded from PDB,KIBA
P43405,6SSB,✅ Downloaded from PDB,KIBA
P43405,6VOV,✅ Downloaded from PDB,KIBA
P43405,6ZC0,✅ Downloaded from PDB,KIBA
P43405,6ZCP,✅ Downloaded from PDB,KIBA
P43405,6ZCQ,✅ Downloaded from PDB,KIBA
P43405,6ZCR,✅ Downloaded from PDB,KIBA
P43405,6ZCS,✅ Downloaded from PDB,KIBA
P43405,6ZCU,✅ Downloaded from PDB,KIBA
P43405,6ZCX,✅ Downloaded from PDB,KIBA
P43405,6ZCY,✅ Downloaded from PDB,KIBA
P43405,7Q5T,❌ PDB Download failed,KIBA
P43405,7Q5U,❌ PDB Download failed,KIBA
P43405,7Q5W,❌ PDB Download failed,KIBA
P43405,7Q63,❌ PDB Download failed,KIBA
P43405,7SA7,✅ Downloaded from PDB,KIBA
P43405,8BI2,✅ Downloaded from PDB,KIBA
P43405,8RRQ,❌ PDB Download failed,KIBA
P43405,8RRZ,❌ PDB Download failed,KIBA
P43405,8X5K,✅ Downloaded from PDB,KIBA
P45983,1UKH,✅ Downloaded from PDB,KIBA
P45983,1UKI,✅ Downloaded from PDB,KIBA
P45983,2G01,✅ Downloaded from PDB,KIBA
P45983,2GMX,✅ Downloaded from PDB,KIBA
P45983,2H96,✅ Downloaded from PDB,KIBA
P45983,2NO3,✅ Downloaded from PDB,KIBA
P45983,2XRW,✅ Downloaded from PDB,KIBA
P45983,2XS0,✅ Downloaded from PDB,KIBA
P45983,3ELJ,✅ Downloaded from PDB,KIBA
P45983,3O17,✅ Downloaded from PDB,KIBA
P45983,3O2M,✅ Downloaded from PDB,KIBA
P45983,3PZE,✅ Downloaded from PDB,KIBA
P45983,3V3V,✅ Downloaded from PDB,KIBA
P45983,3VUD,✅ Downloaded from PDB,KIBA
P45983,3VUG,✅ Downloaded from PDB,KIBA
P45983,3VUH,✅ Downloaded from PDB,KIBA
P45983,3VUI,✅ Downloaded from PDB,KIBA
P45983,3VUK,✅ Downloaded from PDB,KIBA
P45983,3VUL,✅ Downloaded from PDB,KIBA
P45983,3VUM,✅ Downloaded from PDB,KIBA
P45983,4AWI,✅ Downloaded from PDB,KIBA
P45983,4E73,✅ Downloaded from PDB,KIBA
P45983,4G1W,✅ Downloaded from PDB,KIBA
P45983,4HYS,✅ Downloaded from PDB,KIBA
P45983,4HYU,✅ Downloaded from PDB,KIBA
P45983,4IZY,✅ Downloaded from PDB,KIBA
P45983,4L7F,✅ Downloaded from PDB,KIBA
P45983,4QTD,✅ Downloaded from PDB,KIBA
P45983,4UX9,✅ Downloaded from PDB,KIBA
P45983,4YR8,✅ Downloaded from PDB,KIBA
P45983,5LW1,✅ Downloaded from PDB,KIBA
P45983,6F5E,✅ Downloaded from PDB,KIBA
P45983,6ZR5,✅ Downloaded from PDB,KIBA
P45983,8PT8,✅ Downloaded from PDB,KIBA
P45983,8PT9,✅ Downloaded from PDB,KIBA
P45983,8PTA,✅ Downloaded from PDB,KIBA
P45983,8X5M,✅ Downloaded from PDB,KIBA
P45984,3E7O,✅ Downloaded from PDB,KIBA
P45984,3NPC,✅ Downloaded from PDB,KIBA
P45984,7CML,✅ Downloaded from PDB,KIBA
P45984,7N8T,✅ Downloaded from PDB,KIBA
P45984,8ELC,✅ Downloaded from PDB,KIBA
P48729,5FQD,✅ Downloaded from PDB,KIBA
P48729,6GZD,"⚠️ PDB Exception: HTTPSConnectionPool(host='files.rcsb.org', port=443): Max retries exceeded with url: /download/6GZD.pdb (Caused by SSLError(SSLEOFError(8, '[SSL: UNEXPECTED_EOF_WHILE_READING] EOF occurred in violation of protocol (_ssl.c:1006)')))",KIBA
P48729,7WTT,✅ Downloaded from PDB,KIBA
P48729,8G66,✅ Downloaded from PDB,KIBA
P48730,3UYS,✅ Downloaded from PDB,KIBA
P48730,3UYT,✅ Downloaded from PDB,KIBA
P48730,3UZP,✅ Downloaded from PDB,KIBA
P48730,4HGT,✅ Downloaded from PDB,KIBA
P48730,4HNF,✅ Downloaded from PDB,KIBA
P48730,4KB8,✅ Downloaded from PDB,KIBA
P48730,4KBA,✅ Downloaded from PDB,KIBA
P48730,4KBC,"⚠️ PDB Exception: HTTPSConnectionPool(host='files.rcsb.org', port=443): Read timed out. (read timeout=10)",KIBA
P48730,4KBK,✅ Downloaded from PDB,KIBA
P48730,4TN6,✅ Downloaded from PDB,KIBA
P48730,4TW9,✅ Downloaded from PDB,KIBA
P48730,4TWC,✅ Downloaded from PDB,KIBA
P48730,5IH4,✅ Downloaded from PDB,KIBA
P48730,5IH5,✅ Downloaded from PDB,KIBA
P48730,5IH6,✅ Downloaded from PDB,KIBA
P48730,5MQV,✅ Downloaded from PDB,KIBA
P48730,5OKT,✅ Downloaded from PDB,KIBA
P48730,5W4W,✅ Downloaded from PDB,KIBA
P48730,6F1W,✅ Downloaded from PDB,KIBA
P48730,6F26,✅ Downloaded from PDB,KIBA
P48730,6GZM,✅ Downloaded from PDB,KIBA
P48730,6HMP,✅ Downloaded from PDB,KIBA
P48730,6HMR,"⚠️ PDB Exception: HTTPSConnectionPool(host='files.rcsb.org', port=443): Read timed out. (read timeout=10)",KIBA
P48730,6PXN,✅ Downloaded from PDB,KIBA
P48730,6PXO,✅ Downloaded from PDB,KIBA
P48730,6PXP,✅ Downloaded from PDB,KIBA
P48730,6RCG,✅ Downloaded from PDB,KIBA
P48730,6RCH,✅ Downloaded from PDB,KIBA
P48730,6RU6,✅ Downloaded from PDB,KIBA
P48730,6RU7,✅ Downloaded from PDB,KIBA
P48730,6RU8,✅ Downloaded from PDB,KIBA
P48730,7NZY,✅ Downloaded from PDB,KIBA
P48730,7P7F,✅ Downloaded from PDB,KIBA
P48730,7P7G,✅ Downloaded from PDB,KIBA
P48730,7P7H,✅ Downloaded from PDB,KIBA
P48730,7QR9,✅ Downloaded from PDB,KIBA
P48730,7QRA,✅ Downloaded from PDB,KIBA
P48730,7QRB,✅ Downloaded from PDB,KIBA
P48730,8D7M,✅ Downloaded from PDB,KIBA
P48730,8D7N,✅ Downloaded from PDB,KIBA
P48730,8D7O,✅ Downloaded from PDB,KIBA
P48730,8D7P,✅ Downloaded from PDB,KIBA
P48730,8IZC,✅ Downloaded from PDB,KIBA
P48730,8VXD,❌ PDB Download failed,KIBA
P48730,8VXF,❌ PDB Download failed,KIBA
P48730,9B3S,✅ Downloaded from PDB,KIBA
P48736,1E8Y,✅ Downloaded from PDB,KIBA
P48736,1E8Z,✅ Downloaded from PDB,KIBA
P48736,1HE8,✅ Downloaded from PDB,KIBA
P48736,2A4Z,✅ Downloaded from PDB,KIBA
P48736,2A5U,✅ Downloaded from PDB,KIBA
P48736,2CHW,✅ Downloaded from PDB,KIBA
P48736,2CHX,✅ Downloaded from PDB,KIBA
P48736,2CHZ,✅ Downloaded from PDB,KIBA
P48736,2V4L,✅ Downloaded from PDB,KIBA
P48736,3APC,✅ Downloaded from PDB,KIBA
P48736,3APD,✅ Downloaded from PDB,KIBA
P48736,3APF,✅ Downloaded from PDB,KIBA
P48736,3CSF,✅ Downloaded from PDB,KIBA
P48736,3CST,✅ Downloaded from PDB,KIBA
P48736,3DBS,✅ Downloaded from PDB,KIBA
P48736,3DPD,✅ Downloaded from PDB,KIBA
P48736,3ENE,✅ Downloaded from PDB,KIBA
P48736,3IBE,✅ Downloaded from PDB,KIBA
P48736,3L08,✅ Downloaded from PDB,KIBA
P48736,3L13,✅ Downloaded from PDB,KIBA
P48736,3L16,✅ Downloaded from PDB,KIBA
P48736,3L17,✅ Downloaded from PDB,KIBA
P48736,3L54,✅ Downloaded from PDB,KIBA
P48736,3LJ3,✅ Downloaded from PDB,KIBA
P48736,3MJW,✅ Downloaded from PDB,KIBA
P48736,3ML8,✅ Downloaded from PDB,KIBA
P48736,3ML9,✅ Downloaded from PDB,KIBA
P48736,3NZS,✅ Downloaded from PDB,KIBA
P48736,3NZU,✅ Downloaded from PDB,KIBA
P48736,3OAW,✅ Downloaded from PDB,KIBA
P48736,3P2B,✅ Downloaded from PDB,KIBA
P48736,3PRE,✅ Downloaded from PDB,KIBA
P48736,3PRZ,✅ Downloaded from PDB,KIBA
P48736,3PS6,✅ Downloaded from PDB,KIBA
P48736,3QAQ,✅ Downloaded from PDB,KIBA
P48736,3QAR,✅ Downloaded from PDB,KIBA
P48736,3QJZ,✅ Downloaded from PDB,KIBA
P48736,3QK0,✅ Downloaded from PDB,KIBA
P48736,3R7Q,✅ Downloaded from PDB,KIBA
P48736,3R7R,✅ Downloaded from PDB,KIBA
P48736,3S2A,✅ Downloaded from PDB,KIBA
P48736,3SD5,✅ Downloaded from PDB,KIBA
P48736,3T8M,✅ Downloaded from PDB,KIBA
P48736,3TJP,✅ Downloaded from PDB,KIBA
P48736,3TL5,✅ Downloaded from PDB,KIBA
P48736,3ZVV,✅ Downloaded from PDB,KIBA
P48736,3ZW3,✅ Downloaded from PDB,KIBA
P48736,4ANU,✅ Downloaded from PDB,KIBA
P48736,4ANV,✅ Downloaded from PDB,KIBA
P48736,4ANW,✅ Downloaded from PDB,KIBA
P48736,4ANX,✅ Downloaded from PDB,KIBA
P48736,4AOF,✅ Downloaded from PDB,KIBA
P48736,4DK5,✅ Downloaded from PDB,KIBA
P48736,4EZJ,✅ Downloaded from PDB,KIBA
P48736,4EZK,✅ Downloaded from PDB,KIBA
P48736,4EZL,✅ Downloaded from PDB,KIBA
P48736,4F1S,✅ Downloaded from PDB,KIBA
P48736,4FA6,✅ Downloaded from PDB,KIBA
P48736,4FAD,✅ Downloaded from PDB,KIBA
P48736,4FHJ,✅ Downloaded from PDB,KIBA
P48736,4FHK,✅ Downloaded from PDB,KIBA
P48736,4FJY,✅ Downloaded from PDB,KIBA
P48736,4FJZ,✅ Downloaded from PDB,KIBA
P48736,4FLH,✅ Downloaded from PDB,KIBA
P48736,4FUL,✅ Downloaded from PDB,KIBA
P48736,4G11,✅ Downloaded from PDB,KIBA
P48736,4GB9,✅ Downloaded from PDB,KIBA
P48736,4HLE,✅ Downloaded from PDB,KIBA
P48736,4HVB,✅ Downloaded from PDB,KIBA
P48736,4J6I,✅ Downloaded from PDB,KIBA
P48736,4KZ0,✅ Downloaded from PDB,KIBA
P48736,4KZC,✅ Downloaded from PDB,KIBA
P48736,4PS3,✅ Downloaded from PDB,KIBA
P48736,4PS7,✅ Downloaded from PDB,KIBA
P48736,4PS8,✅ Downloaded from PDB,KIBA
P48736,4URK,✅ Downloaded from PDB,KIBA
P48736,4WWN,✅ Downloaded from PDB,KIBA
P48736,4WWO,✅ Downloaded from PDB,KIBA
P48736,4WWP,✅ Downloaded from PDB,KIBA
P48736,4XX5,✅ Downloaded from PDB,KIBA
P48736,4XZ4,✅ Downloaded from PDB,KIBA
P48736,5EDS,✅ Downloaded from PDB,KIBA
P48736,5G2N,✅ Downloaded from PDB,KIBA
P48736,5G55,✅ Downloaded from PDB,KIBA
P48736,5JHA,✅ Downloaded from PDB,KIBA
P48736,5JHB,✅ Downloaded from PDB,KIBA
P48736,5KAE,✅ Downloaded from PDB,KIBA
P48736,5OQ4,✅ Downloaded from PDB,KIBA
P48736,5T23,✅ Downloaded from PDB,KIBA
P48736,6AUD,✅ Downloaded from PDB,KIBA
P48736,6C1S,✅ Downloaded from PDB,KIBA
P48736,6FH5,✅ Downloaded from PDB,KIBA
P48736,6GQ7,"⚠️ PDB Exception: HTTPSConnectionPool(host='files.rcsb.org', port=443): Max retries exceeded with url: /download/6GQ7.pdb (Caused by SSLError(SSLEOFError(8, '[SSL: UNEXPECTED_EOF_WHILE_READING] EOF occurred in violation of protocol (_ssl.c:1006)')))",KIBA
P48736,6T3B,✅ Downloaded from PDB,KIBA
P48736,6T3C,✅ Downloaded from PDB,KIBA
P48736,6XRL,✅ Downloaded from PDB,KIBA
P48736,6XRM,✅ Downloaded from PDB,KIBA
P48736,6XRN,✅ Downloaded from PDB,KIBA
P48736,7JWE,✅ Downloaded from PDB,KIBA
P48736,7JWZ,✅ Downloaded from PDB,KIBA
P48736,7JX0,✅ Downloaded from PDB,KIBA
P48736,7KKE,✅ Downloaded from PDB,KIBA
P48736,7MEZ,✅ Downloaded from PDB,KIBA
P48736,7Z61,✅ Downloaded from PDB,KIBA
P48736,8DP0,✅ Downloaded from PDB,KIBA
P48736,8SC8,✅ Downloaded from PDB,KIBA
P49137,1KWP,✅ Downloaded from PDB,KIBA
P49137,1NXK,✅ Downloaded from PDB,KIBA
P49137,1NY3,✅ Downloaded from PDB,KIBA
P49137,2JBO,✅ Downloaded from PDB,KIBA
P49137,2JBP,✅ Downloaded from PDB,KIBA
P49137,2OKR,✅ Downloaded from PDB,KIBA
P49137,2ONL,✅ Downloaded from PDB,KIBA
P49137,2OZA,✅ Downloaded from PDB,KIBA
P49137,2P3G,✅ Downloaded from PDB,KIBA
P49137,2PZY,✅ Downloaded from PDB,KIBA
P49137,3A2C,✅ Downloaded from PDB,KIBA
P49137,3FPM,✅ Downloaded from PDB,KIBA
P49137,3FYJ,✅ Downloaded from PDB,KIBA
P49137,3FYK,✅ Downloaded from PDB,KIBA
P49137,3GOK,✅ Downloaded from PDB,KIBA
P49137,3KA0,✅ Downloaded from PDB,KIBA
P49137,3KC3,✅ Downloaded from PDB,KIBA
P49137,3KGA,✅ Downloaded from PDB,KIBA
P49137,3M2W,✅ Downloaded from PDB,KIBA
P49137,3M42,✅ Downloaded from PDB,KIBA
P49137,3R2B,✅ Downloaded from PDB,KIBA
P49137,3R2Y,✅ Downloaded from PDB,KIBA
P49137,3R30,✅ Downloaded from PDB,KIBA
P49137,3WI6,✅ Downloaded from PDB,KIBA
P49137,4TYH,✅ Downloaded from PDB,KIBA
P49137,6T8X,✅ Downloaded from PDB,KIBA
P49137,6TCA,✅ Downloaded from PDB,KIBA
P49137,7NRY,✅ Downloaded from PDB,KIBA
P49137,8XU4,✅ Downloaded from PDB,KIBA
P49137,8XX1,✅ Downloaded from PDB,KIBA
P49336,3RGF,✅ Downloaded from PDB,KIBA
P49336,4CRL,✅ Downloaded from PDB,KIBA
P49336,4F6S,✅ Downloaded from PDB,KIBA
P49336,4F6U,✅ Downloaded from PDB,KIBA
P49336,4F6W,✅ Downloaded from PDB,KIBA
P49336,4F70,✅ Downloaded from PDB,KIBA
P49336,4F7J,✅ Downloaded from PDB,KIBA
P49336,4F7L,✅ Downloaded from PDB,KIBA
P49336,4F7N,✅ Downloaded from PDB,KIBA
P49336,4F7S,✅ Downloaded from PDB,KIBA
P49336,4G6L,✅ Downloaded from PDB,KIBA
P49336,5BNJ,✅ Downloaded from PDB,KIBA
P49336,5CEI,✅ Downloaded from PDB,KIBA
P49336,5FGK,✅ Downloaded from PDB,KIBA
P49336,5HBE,✅ Downloaded from PDB,KIBA
P49336,5HBH,✅ Downloaded from PDB,KIBA
P49336,5HBJ,✅ Downloaded from PDB,KIBA
P49336,5HNB,✅ Downloaded from PDB,KIBA
P49336,5HVY,✅ Downloaded from PDB,KIBA
P49336,5I5Z,✅ Downloaded from PDB,KIBA
P49336,5ICP,✅ Downloaded from PDB,KIBA
P49336,5IDN,✅ Downloaded from PDB,KIBA
P49336,5IDP,"⚠️ PDB Exception: HTTPSConnectionPool(host='files.rcsb.org', port=443): Read timed out. (read timeout=10)",KIBA
P49336,5XQX,✅ Downloaded from PDB,KIBA
P49336,5XS2,✅ Downloaded from PDB,KIBA
P49336,6QTG,✅ Downloaded from PDB,KIBA
P49336,6QTJ,✅ Downloaded from PDB,KIBA
P49336,6R3S,✅ Downloaded from PDB,KIBA
P49336,6T41,✅ Downloaded from PDB,KIBA
P49336,6TPA,✅ Downloaded from PDB,KIBA
P49336,6Y0A,✅ Downloaded from PDB,KIBA
P49336,8TQ2,✅ Downloaded from PDB,KIBA
P49336,8TQC,✅ Downloaded from PDB,KIBA
P49336,8TQW,✅ Downloaded from PDB,KIBA
P49674,4HNI,✅ Downloaded from PDB,KIBA
P49674,4HOK,✅ Downloaded from PDB,KIBA
P49840,7SXF,✅ Downloaded from PDB,KIBA
P49840,7SXG,✅ Downloaded from PDB,KIBA
P49841,1GNG,"⚠️ PDB Exception: HTTPSConnectionPool(host='files.rcsb.org', port=443): Read timed out. (read timeout=10)",KIBA
P49841,1H8F,✅ Downloaded from PDB,KIBA
P49841,1I09,✅ Downloaded from PDB,KIBA
P49841,1J1B,✅ Downloaded from PDB,KIBA
P49841,1J1C,✅ Downloaded from PDB,KIBA
P49841,1O6K,✅ Downloaded from PDB,KIBA
P49841,1O6L,✅ Downloaded from PDB,KIBA
P49841,1O9U,✅ Downloaded from PDB,KIBA
P49841,1PYX,✅ Downloaded from PDB,KIBA
P49841,1Q3D,✅ Downloaded from PDB,KIBA
P49841,1Q3W,✅ Downloaded from PDB,KIBA
P49841,1Q41,✅ Downloaded from PDB,KIBA
P49841,1Q4L,✅ Downloaded from PDB,KIBA
P49841,1Q5K,✅ Downloaded from PDB,KIBA
P49841,1R0E,✅ Downloaded from PDB,KIBA
P49841,1UV5,✅ Downloaded from PDB,KIBA
P49841,2JDO,✅ Downloaded from PDB,KIBA
P49841,2JDR,✅ Downloaded from PDB,KIBA
P49841,2JLD,✅ Downloaded from PDB,KIBA
P49841,2O5K,✅ Downloaded from PDB,KIBA
P49841,2OW3,✅ Downloaded from PDB,KIBA
P49841,2UW9,✅ Downloaded from PDB,KIBA
P49841,2X39,✅ Downloaded from PDB,KIBA
P49841,2XH5,✅ Downloaded from PDB,KIBA
P49841,3CQU,✅ Downloaded from PDB,KIBA
P49841,3CQW,✅ Downloaded from PDB,KIBA
P49841,3DU8,✅ Downloaded from PDB,KIBA
P49841,3E87,✅ Downloaded from PDB,KIBA
P49841,3E88,✅ Downloaded from PDB,KIBA
P49841,3E8D,✅ Downloaded from PDB,KIBA
P49841,3F7Z,✅ Downloaded from PDB,KIBA
P49841,3F88,✅ Downloaded from PDB,KIBA
P49841,3GB2,✅ Downloaded from PDB,KIBA
P49841,3I4B,✅ Downloaded from PDB,KIBA
P49841,3L1S,✅ Downloaded from PDB,KIBA
P49841,3M1S,✅ Downloaded from PDB,KIBA
P49841,3MV5,✅ Downloaded from PDB,KIBA
P49841,3OW4,✅ Downloaded from PDB,KIBA
P49841,3PUP,✅ Downloaded from PDB,KIBA
P49841,3Q3B,✅ Downloaded from PDB,KIBA
P49841,3QKK,✅ Downloaded from PDB,KIBA
P49841,3SAY,✅ Downloaded from PDB,KIBA
P49841,3SD0,✅ Downloaded from PDB,KIBA
P49841,3ZDI,✅ Downloaded from PDB,KIBA
P49841,3ZRK,✅ Downloaded from PDB,KIBA
P49841,3ZRL,✅ Downloaded from PDB,KIBA
P49841,3ZRM,✅ Downloaded from PDB,KIBA
P49841,4ACC,✅ Downloaded from PDB,KIBA
P49841,4ACD,✅ Downloaded from PDB,KIBA
P49841,4ACG,✅ Downloaded from PDB,KIBA
P49841,4ACH,✅ Downloaded from PDB,KIBA
P49841,4AFJ,✅ Downloaded from PDB,KIBA
P49841,4B7T,✅ Downloaded from PDB,KIBA
P49841,4DIT,✅ Downloaded from PDB,KIBA
P49841,4EKK,✅ Downloaded from PDB,KIBA
P49841,4IQ6,✅ Downloaded from PDB,KIBA
P49841,4J1R,✅ Downloaded from PDB,KIBA
P49841,4J71,✅ Downloaded from PDB,KIBA
P49841,4NM0,✅ Downloaded from PDB,KIBA
P49841,4NM3,✅ Downloaded from PDB,KIBA
P49841,4NM5,✅ Downloaded from PDB,KIBA
P49841,4NM7,✅ Downloaded from PDB,KIBA
P49841,4PTC,✅ Downloaded from PDB,KIBA
P49841,4PTE,✅ Downloaded from PDB,KIBA
P49841,4PTG,✅ Downloaded from PDB,KIBA
P49841,5F94,✅ Downloaded from PDB,KIBA
P49841,5F95,✅ Downloaded from PDB,KIBA
P49841,5HLN,✅ Downloaded from PDB,KIBA
P49841,5HLP,✅ Downloaded from PDB,KIBA
P49841,5K5N,✅ Downloaded from PDB,KIBA
P49841,5KPK,✅ Downloaded from PDB,KIBA
P49841,5KPL,✅ Downloaded from PDB,KIBA
P49841,5KPM,✅ Downloaded from PDB,KIBA
P49841,5OY4,✅ Downloaded from PDB,KIBA
P49841,5T31,✅ Downloaded from PDB,KIBA
P49841,6B8J,✅ Downloaded from PDB,KIBA
P49841,6BUU,✅ Downloaded from PDB,KIBA
P49841,6GJO,✅ Downloaded from PDB,KIBA
P49841,6GN1,✅ Downloaded from PDB,KIBA
P49841,6H0U,✅ Downloaded from PDB,KIBA
P49841,6HK3,✅ Downloaded from PDB,KIBA
P49841,6HK4,✅ Downloaded from PDB,KIBA
P49841,6HK7,✅ Downloaded from PDB,KIBA
P49841,6NPZ,✅ Downloaded from PDB,KIBA
P49841,6TCU,✅ Downloaded from PDB,KIBA
P49841,6V6L,"⚠️ PDB Exception: HTTPSConnectionPool(host='files.rcsb.org', port=443): Max retries exceeded with url: /download/6V6L.pdb (Caused by SSLError(SSLEOFError(8, '[SSL: UNEXPECTED_EOF_WHILE_READING] EOF occurred in violation of protocol (_ssl.c:1006)')))",KIBA
P49841,6Y9R,✅ Downloaded from PDB,KIBA
P49841,6Y9S,✅ Downloaded from PDB,KIBA
P49841,7B6F,✅ Downloaded from PDB,KIBA
P49841,7OY5,✅ Downloaded from PDB,KIBA
P49841,7SXH,✅ Downloaded from PDB,KIBA
P49841,7SXJ,✅ Downloaded from PDB,KIBA
P49841,7U2Z,✅ Downloaded from PDB,KIBA
P49841,7U31,✅ Downloaded from PDB,KIBA
P49841,7U33,✅ Downloaded from PDB,KIBA
P49841,7U36,✅ Downloaded from PDB,KIBA
P49841,7Z1F,✅ Downloaded from PDB,KIBA
P49841,7Z1G,✅ Downloaded from PDB,KIBA
P49841,8AUZ,✅ Downloaded from PDB,KIBA
P49841,8AV1,✅ Downloaded from PDB,KIBA
P49841,8DJC,✅ Downloaded from PDB,KIBA
P49841,8DJD,✅ Downloaded from PDB,KIBA
P49841,8DJE,✅ Downloaded from PDB,KIBA
P49841,8FF8,✅ Downloaded from PDB,KIBA
P49841,8QJI,✅ Downloaded from PDB,KIBA
P49841,8XN6,✅ Downloaded from PDB,KIBA
P50613,1UA2,✅ Downloaded from PDB,KIBA
P50613,6O9L,✅ Downloaded from PDB,KIBA
P50613,6XBZ,✅ Downloaded from PDB,KIBA
P50613,6XD3,✅ Downloaded from PDB,KIBA
P50613,7B5O,✅ Downloaded from PDB,KIBA
P50613,7B5Q,✅ Downloaded from PDB,KIBA
P50613,7EGB,❌ PDB Download failed,KIBA
P50613,7EGC,❌ PDB Download failed,KIBA
P50613,7ENA,❌ PDB Download failed,KIBA
P50613,7ENC,❌ PDB Download failed,KIBA
P50613,7LBM,❌ PDB Download failed,KIBA
P50613,7NVR,✅ Downloaded from PDB,KIBA
P50613,8BVW,❌ PDB Download failed,KIBA
P50613,8BYQ,❌ PDB Download failed,KIBA
P50613,8GXQ,❌ PDB Download failed,KIBA
P50613,8GXS,❌ PDB Download failed,KIBA
P50613,8ORM,✅ Downloaded from PDB,KIBA
P50613,8P4Z,✅ Downloaded from PDB,KIBA
P50613,8P6V,✅ Downloaded from PDB,KIBA
P50613,8P6W,✅ Downloaded from PDB,KIBA
P50613,8P6X,✅ Downloaded from PDB,KIBA
P50613,8P6Y,✅ Downloaded from PDB,KIBA
P50613,8P6Z,✅ Downloaded from PDB,KIBA
P50613,8P70,✅ Downloaded from PDB,KIBA
P50613,8P71,✅ Downloaded from PDB,KIBA
P50613,8P72,✅ Downloaded from PDB,KIBA
P50613,8P73,✅ Downloaded from PDB,KIBA
P50613,8P74,✅ Downloaded from PDB,KIBA
P50613,8P75,✅ Downloaded from PDB,KIBA
P50613,8P76,✅ Downloaded from PDB,KIBA
P50613,8P77,✅ Downloaded from PDB,KIBA
P50613,8P78,✅ Downloaded from PDB,KIBA
P50613,8P79,"⚠️ PDB Exception: HTTPSConnectionPool(host='files.rcsb.org', port=443): Read timed out. (read timeout=10)",KIBA
P50613,8P7L,✅ Downloaded from PDB,KIBA
P50613,8PLZ,✅ Downloaded from PDB,KIBA
P50613,8PYR,"⚠️ PDB Exception: HTTPSConnectionPool(host='files.rcsb.org', port=443): Read timed out. (read timeout=10)",KIBA
P50613,8R99,✅ Downloaded from PDB,KIBA
P50613,8R9A,✅ Downloaded from PDB,KIBA
P50613,8R9B,✅ Downloaded from PDB,KIBA
P50613,8R9O,✅ Downloaded from PDB,KIBA
P50613,8R9S,✅ Downloaded from PDB,KIBA
P50613,8R9U,✅ Downloaded from PDB,KIBA
P50750,3BLH,✅ Downloaded from PDB,KIBA
P50750,3BLQ,✅ Downloaded from PDB,KIBA
P50750,3BLR,✅ Downloaded from PDB,KIBA
P50750,3LQ5,✅ Downloaded from PDB,KIBA
P50750,3MI9,✅ Downloaded from PDB,KIBA
P50750,3MIA,✅ Downloaded from PDB,KIBA
P50750,3MY1,✅ Downloaded from PDB,KIBA
P50750,3TN8,✅ Downloaded from PDB,KIBA
P50750,3TNH,✅ Downloaded from PDB,KIBA
P50750,3TNI,✅ Downloaded from PDB,KIBA
P50750,4BCF,"⚠️ PDB Exception: HTTPSConnectionPool(host='files.rcsb.org', port=443): Read timed out. (read timeout=10)",KIBA
P50750,4BCG,✅ Downloaded from PDB,KIBA
P50750,4BCH,"⚠️ PDB Exception: HTTPSConnectionPool(host='files.rcsb.org', port=443): Max retries exceeded with url: /download/4BCH.pdb (Caused by SSLError(SSLEOFError(8, '[SSL: UNEXPECTED_EOF_WHILE_READING] EOF occurred in violation of protocol (_ssl.c:1006)')))",KIBA
P50750,4BCI,✅ Downloaded from PDB,KIBA
P50750,4BCJ,✅ Downloaded from PDB,KIBA
P50750,4EC8,✅ Downloaded from PDB,KIBA
P50750,4EC9,✅ Downloaded from PDB,KIBA
P50750,4IMY,✅ Downloaded from PDB,KIBA
P50750,4OGR,✅ Downloaded from PDB,KIBA
P50750,4OR5,✅ Downloaded from PDB,KIBA
P50750,5L1Z,✅ Downloaded from PDB,KIBA
P50750,6CYT,✅ Downloaded from PDB,KIBA
P50750,6GZH,✅ Downloaded from PDB,KIBA
P50750,6W9E,"⚠️ PDB Exception: HTTPSConnectionPool(host='files.rcsb.org', port=443): Read timed out. (read timeout=10)",KIBA
P50750,6Z45,✅ Downloaded from PDB,KIBA
P50750,7NWK,✅ Downloaded from PDB,KIBA
P50750,8I0L,✅ Downloaded from PDB,KIBA
P50750,8K5R,✅ Downloaded from PDB,KIBA
P51451,AF-P51451-F1,✅ Downloaded from AlphaFold,KIBA
P51617,6BFN,✅ Downloaded from PDB,KIBA
P51812,4D9T,✅ Downloaded from PDB,KIBA
P51812,4D9U,✅ Downloaded from PDB,KIBA
P51812,4JG6,✅ Downloaded from PDB,KIBA
P51812,4JG7,✅ Downloaded from PDB,KIBA
P51812,4JG8,✅ Downloaded from PDB,KIBA
P51812,4NUS,✅ Downloaded from PDB,KIBA
P51812,4NW5,✅ Downloaded from PDB,KIBA
P51812,4NW6,✅ Downloaded from PDB,KIBA
P51812,5D9K,✅ Downloaded from PDB,KIBA
P51812,5D9L,✅ Downloaded from PDB,KIBA
P51812,7OPO,✅ Downloaded from PDB,KIBA
P51812,8EQ5,✅ Downloaded from PDB,KIBA
P51812,8XEY,✅ Downloaded from PDB,KIBA
P51812,8XFY,❌ PDB Download failed,KIBA
P51813,2EKX,✅ Downloaded from PDB,KIBA
P51813,2YS2,✅ Downloaded from PDB,KIBA
P51813,3SXR,✅ Downloaded from PDB,KIBA
P51813,3SXS,✅ Downloaded from PDB,KIBA
P51813,6I99,✅ Downloaded from PDB,KIBA
P51813,8X2A,✅ Downloaded from PDB,KIBA
P51817,AF-P51817-F1,✅ Downloaded from AlphaFold,KIBA
P51955,2JAV,✅ Downloaded from PDB,KIBA
P51955,2W5A,✅ Downloaded from PDB,KIBA
P51955,2W5B,✅ Downloaded from PDB,KIBA
P51955,2W5H,✅ Downloaded from PDB,KIBA
P51955,2WQO,✅ Downloaded from PDB,KIBA
P51955,2XK3,✅ Downloaded from PDB,KIBA
P51955,2XK4,✅ Downloaded from PDB,KIBA
P51955,2XK6,✅ Downloaded from PDB,KIBA
P51955,2XK7,✅ Downloaded from PDB,KIBA
P51955,2XK8,✅ Downloaded from PDB,KIBA
P51955,2XKC,✅ Downloaded from PDB,KIBA
P51955,2XKD,✅ Downloaded from PDB,KIBA
P51955,2XKE,✅ Downloaded from PDB,KIBA
P51955,2XKF,✅ Downloaded from PDB,KIBA
P51955,2XNM,✅ Downloaded from PDB,KIBA
P51955,2XNN,✅ Downloaded from PDB,KIBA
P51955,2XNO,✅ Downloaded from PDB,KIBA
P51955,2XNP,✅ Downloaded from PDB,KIBA
P51955,4A4X,✅ Downloaded from PDB,KIBA
P51955,4AFE,✅ Downloaded from PDB,KIBA
P51955,5M51,✅ Downloaded from PDB,KIBA
P51955,5M53,✅ Downloaded from PDB,KIBA
P51955,5M55,✅ Downloaded from PDB,KIBA
P51955,5M57,✅ Downloaded from PDB,KIBA
P51955,6SGD,✅ Downloaded from PDB,KIBA
P51955,6SGH,✅ Downloaded from PDB,KIBA
P51955,6SGI,✅ Downloaded from PDB,KIBA
P51955,6SGK,✅ Downloaded from PDB,KIBA
P51955,6SK9,✅ Downloaded from PDB,KIBA
P51955,6TM5,✅ Downloaded from PDB,KIBA
P51957,AF-P51957-F1,✅ Downloaded from AlphaFold,KIBA
P52333,1YVJ,✅ Downloaded from PDB,KIBA
P52333,3LXK,✅ Downloaded from PDB,KIBA
P52333,3LXL,✅ Downloaded from PDB,KIBA
P52333,3PJC,✅ Downloaded from PDB,KIBA
P52333,3ZC6,✅ Downloaded from PDB,KIBA
P52333,3ZEP,✅ Downloaded from PDB,KIBA
P52333,4HVD,✅ Downloaded from PDB,KIBA
P52333,4HVG,✅ Downloaded from PDB,KIBA
P52333,4HVH,✅ Downloaded from PDB,KIBA
P52333,4HVI,✅ Downloaded from PDB,KIBA
P52333,4I6Q,✅ Downloaded from PDB,KIBA
P52333,4QPS,✅ Downloaded from PDB,KIBA
P52333,4QT1,✅ Downloaded from PDB,KIBA
P52333,4RIO,✅ Downloaded from PDB,KIBA
P52333,4V0G,✅ Downloaded from PDB,KIBA
P52333,4Z16,✅ Downloaded from PDB,KIBA
P52333,5LWM,✅ Downloaded from PDB,KIBA
P52333,5LWN,✅ Downloaded from PDB,KIBA
P52333,5TOZ,✅ Downloaded from PDB,KIBA
P52333,5TTS,✅ Downloaded from PDB,KIBA
P52333,5TTU,✅ Downloaded from PDB,KIBA
P52333,5TTV,✅ Downloaded from PDB,KIBA
P52333,5VO6,✅ Downloaded from PDB,KIBA
P52333,5W86,✅ Downloaded from PDB,KIBA
P52333,5WFJ,✅ Downloaded from PDB,KIBA
P52333,6AAK,✅ Downloaded from PDB,KIBA
P52333,6DA4,✅ Downloaded from PDB,KIBA
P52333,6DB3,✅ Downloaded from PDB,KIBA
P52333,6DB4,✅ Downloaded from PDB,KIBA
P52333,6DUD,✅ Downloaded from PDB,KIBA
P52333,6GL9,✅ Downloaded from PDB,KIBA
P52333,6GLA,✅ Downloaded from PDB,KIBA
P52333,6GLB,✅ Downloaded from PDB,KIBA
P52333,6HZV,✅ Downloaded from PDB,KIBA
P52333,6NY4,✅ Downloaded from PDB,KIBA
P52333,7APF,✅ Downloaded from PDB,KIBA
P52333,7APG,✅ Downloaded from PDB,KIBA
P52333,7C3N,✅ Downloaded from PDB,KIBA
P52333,7Q6H,❌ PDB Download failed,KIBA
P52333,7UYV,✅ Downloaded from PDB,KIBA
P52333,8EXM,✅ Downloaded from PDB,KIBA
P52564,2Y8O,✅ Downloaded from PDB,KIBA
P52564,3ENM,✅ Downloaded from PDB,KIBA
P52564,3FME,✅ Downloaded from PDB,KIBA
P52564,3VN9,✅ Downloaded from PDB,KIBA
P52564,5ETF,✅ Downloaded from PDB,KIBA
P52564,8A8M,✅ Downloaded from PDB,KIBA
P52564,8P7J,✅ Downloaded from PDB,KIBA
P52564,8PM3,✅ Downloaded from PDB,KIBA
P53350,1Q4K,✅ Downloaded from PDB,KIBA
P53350,1Q4O,✅ Downloaded from PDB,KIBA
P53350,1UMW,✅ Downloaded from PDB,KIBA
P53350,2OGQ,✅ Downloaded from PDB,KIBA
P53350,2OJX,✅ Downloaded from PDB,KIBA
P53350,2OU7,✅ Downloaded from PDB,KIBA
P53350,2OWB,✅ Downloaded from PDB,KIBA
P53350,2RKU,✅ Downloaded from PDB,KIBA
P53350,2V5Q,✅ Downloaded from PDB,KIBA
P53350,2YAC,✅ Downloaded from PDB,KIBA
P53350,3BZI,✅ Downloaded from PDB,KIBA
P53350,3C5L,✅ Downloaded from PDB,KIBA
P53350,3FC2,✅ Downloaded from PDB,KIBA
P53350,3FVH,✅ Downloaded from PDB,KIBA
P53350,3HIH,✅ Downloaded from PDB,KIBA
P53350,3HIK,✅ Downloaded from PDB,KIBA
P53350,3KB7,✅ Downloaded from PDB,KIBA
P53350,3P2W,✅ Downloaded from PDB,KIBA
P53350,3P2Z,✅ Downloaded from PDB,KIBA
P53350,3P34,✅ Downloaded from PDB,KIBA
P53350,3P35,✅ Downloaded from PDB,KIBA
P53350,3P36,"⚠️ PDB Exception: HTTPSConnectionPool(host='files.rcsb.org', port=443): Read timed out. (read timeout=10)",KIBA
P53350,3P37,✅ Downloaded from PDB,KIBA
P53350,3Q1I,✅ Downloaded from PDB,KIBA
P53350,3RQ7,✅ Downloaded from PDB,KIBA
P53350,3THB,✅ Downloaded from PDB,KIBA
P53350,4A4L,✅ Downloaded from PDB,KIBA
P53350,4A4O,✅ Downloaded from PDB,KIBA
P53350,4DFW,✅ Downloaded from PDB,KIBA
P53350,4E67,✅ Downloaded from PDB,KIBA
P53350,4E9C,✅ Downloaded from PDB,KIBA
P53350,4E9D,✅ Downloaded from PDB,KIBA
P53350,4H5X,✅ Downloaded from PDB,KIBA
P53350,4H71,✅ Downloaded from PDB,KIBA
P53350,4HAB,"⚠️ PDB Exception: HTTPSConnectionPool(host='files.rcsb.org', port=443): Read timed out. (read timeout=10)",KIBA
P53350,4HCO,✅ Downloaded from PDB,KIBA
P53350,4HY2,"⚠️ PDB Exception: HTTPSConnectionPool(host='files.rcsb.org', port=443): Read timed out. (read timeout=10)",KIBA
P53350,4J52,"⚠️ PDB Exception: HTTPSConnectionPool(host='files.rcsb.org', port=443): Max retries exceeded with url: /download/4J52.pdb (Caused by SSLError(SSLEOFError(8, '[SSL: UNEXPECTED_EOF_WHILE_READING] EOF occurred in violation of protocol (_ssl.c:1006)')))",KIBA
P53350,4J53,✅ Downloaded from PDB,KIBA
P53350,4LKL,✅ Downloaded from PDB,KIBA
P53350,4LKM,✅ Downloaded from PDB,KIBA
P53350,4O56,✅ Downloaded from PDB,KIBA
P53350,4O6W,✅ Downloaded from PDB,KIBA
P53350,4O9W,✅ Downloaded from PDB,KIBA
P53350,4RCP,✅ Downloaded from PDB,KIBA
P53350,4WHH,✅ Downloaded from PDB,KIBA
P53350,4WHK,✅ Downloaded from PDB,KIBA
P53350,4WHL,✅ Downloaded from PDB,KIBA
P53350,4X9R,✅ Downloaded from PDB,KIBA
P53350,4X9V,✅ Downloaded from PDB,KIBA
P53350,4X9W,✅ Downloaded from PDB,KIBA
P53350,5J19,✅ Downloaded from PDB,KIBA
P53350,5NEI,✅ Downloaded from PDB,KIBA
P53350,5NFU,✅ Downloaded from PDB,KIBA
P53350,5NJE,✅ Downloaded from PDB,KIBA
P53350,5NMM,✅ Downloaded from PDB,KIBA
P53350,5NN1,✅ Downloaded from PDB,KIBA
P53350,5NN2,✅ Downloaded from PDB,KIBA
P53350,5TA6,✅ Downloaded from PDB,KIBA
P53350,5TA8,✅ Downloaded from PDB,KIBA
P53350,6AX4,✅ Downloaded from PDB,KIBA
P53350,6GY2,✅ Downloaded from PDB,KIBA
P53350,7MSO,✅ Downloaded from PDB,KIBA
P53350,7MX1,✅ Downloaded from PDB,KIBA
P53350,8BJT,✅ Downloaded from PDB,KIBA
P53350,8CRC,✅ Downloaded from PDB,KIBA
P53350,8JOQ,✅ Downloaded from PDB,KIBA
P53350,8JOY,✅ Downloaded from PDB,KIBA
P53350,8S30,✅ Downloaded from PDB,KIBA
P53350,8S31,✅ Downloaded from PDB,KIBA
P53350,8WFP,✅ Downloaded from PDB,KIBA
P53350,8X72,✅ Downloaded from PDB,KIBA
P53350,8XB9,✅ Downloaded from PDB,KIBA
P53667,3S95,✅ Downloaded from PDB,KIBA
P53667,5HVJ,✅ Downloaded from PDB,KIBA
P53667,5HVK,✅ Downloaded from PDB,KIBA
P53667,5L6W,✅ Downloaded from PDB,KIBA
P53667,5NXC,✅ Downloaded from PDB,KIBA
P53667,6WLY,✅ Downloaded from PDB,KIBA
P53667,7ATS,✅ Downloaded from PDB,KIBA
P53667,7ATU,✅ Downloaded from PDB,KIBA
P53667,7B8W,✅ Downloaded from PDB,KIBA
P53667,8AAU,✅ Downloaded from PDB,KIBA
P53778,1CM8,✅ Downloaded from PDB,KIBA
P53778,4QUM,✅ Downloaded from PDB,KIBA
P53778,6UNA,✅ Downloaded from PDB,KIBA
P53778,7CGA,✅ Downloaded from PDB,KIBA
P53779,1JNK,✅ Downloaded from PDB,KIBA
P53779,1PMN,✅ Downloaded from PDB,KIBA
P53779,1PMU,✅ Downloaded from PDB,KIBA
P53779,1PMV,✅ Downloaded from PDB,KIBA
P53779,2B1P,✅ Downloaded from PDB,KIBA
P53779,2EXC,✅ Downloaded from PDB,KIBA
P53779,2O0U,✅ Downloaded from PDB,KIBA
P53779,2O2U,✅ Downloaded from PDB,KIBA
P53779,2OK1,✅ Downloaded from PDB,KIBA
P53779,2P33,✅ Downloaded from PDB,KIBA
P53779,2R9S,✅ Downloaded from PDB,KIBA
P53779,2WAJ,"⚠️ PDB Exception: HTTPSConnectionPool(host='files.rcsb.org', port=443): Read timed out. (read timeout=10)",KIBA
P53779,2ZDT,✅ Downloaded from PDB,KIBA
P53779,2ZDU,✅ Downloaded from PDB,KIBA
P53779,3CGF,✅ Downloaded from PDB,KIBA
P53779,3CGO,✅ Downloaded from PDB,KIBA
P53779,3DA6,✅ Downloaded from PDB,KIBA
P53779,3FI2,✅ Downloaded from PDB,KIBA
P53779,3FI3,✅ Downloaded from PDB,KIBA
P53779,3FV8,✅ Downloaded from PDB,KIBA
P53779,3G90,✅ Downloaded from PDB,KIBA
P53779,3G9L,✅ Downloaded from PDB,KIBA
P53779,3G9N,✅ Downloaded from PDB,KIBA
P53779,3KVX,✅ Downloaded from PDB,KIBA
P53779,3OXI,✅ Downloaded from PDB,KIBA
P53779,3OY1,✅ Downloaded from PDB,KIBA
P53779,3PTG,✅ Downloaded from PDB,KIBA
P53779,3RTP,✅ Downloaded from PDB,KIBA
P53779,3TTI,✅ Downloaded from PDB,KIBA
P53779,3TTJ,"⚠️ PDB Exception: HTTPSConnectionPool(host='files.rcsb.org', port=443): Read timed out. (read timeout=10)",KIBA
P53779,3V6R,"⚠️ PDB Exception: HTTPSConnectionPool(host='files.rcsb.org', port=443): Read timed out. (read timeout=10)",KIBA
P53779,3V6S,✅ Downloaded from PDB,KIBA
P53779,4H36,✅ Downloaded from PDB,KIBA
P53779,4H39,✅ Downloaded from PDB,KIBA
P53779,4H3B,✅ Downloaded from PDB,KIBA
P53779,4KKE,✅ Downloaded from PDB,KIBA
P53779,4KKG,✅ Downloaded from PDB,KIBA
P53779,4KKH,✅ Downloaded from PDB,KIBA
P53779,4U79,✅ Downloaded from PDB,KIBA
P53779,4W4V,✅ Downloaded from PDB,KIBA
P53779,4W4W,✅ Downloaded from PDB,KIBA
P53779,4W4X,✅ Downloaded from PDB,KIBA
P53779,4W4Y,✅ Downloaded from PDB,KIBA
P53779,4WHZ,✅ Downloaded from PDB,KIBA
P53779,4X21,✅ Downloaded from PDB,KIBA
P53779,4Y46,✅ Downloaded from PDB,KIBA
P53779,4Y5H,✅ Downloaded from PDB,KIBA
P53779,4Z9L,✅ Downloaded from PDB,KIBA
P53779,6EKD,"⚠️ PDB Exception: HTTPSConnectionPool(host='files.rcsb.org', port=443): Read timed out. (read timeout=10)",KIBA
P53779,6EMH,✅ Downloaded from PDB,KIBA
P53779,6EQ9,✅ Downloaded from PDB,KIBA
P53779,7KSI,✅ Downloaded from PDB,KIBA
P53779,7KSJ,✅ Downloaded from PDB,KIBA
P53779,7KSK,✅ Downloaded from PDB,KIBA
P53779,7ORE,✅ Downloaded from PDB,KIBA
P53779,7ORF,✅ Downloaded from PDB,KIBA
P53779,7S1N,✅ Downloaded from PDB,KIBA
P53779,7YL1,✅ Downloaded from PDB,KIBA
P53779,8BZP,✅ Downloaded from PDB,KIBA
P53779,8ENJ,✅ Downloaded from PDB,KIBA
P53779,8WGF,✅ Downloaded from PDB,KIBA
P54619,2UV4,✅ Downloaded from PDB,KIBA
P54619,2UV5,✅ Downloaded from PDB,KIBA
P54619,2UV6,✅ Downloaded from PDB,KIBA
P54619,2UV7,✅ Downloaded from PDB,KIBA
P54619,4CFE,✅ Downloaded from PDB,KIBA
P54619,4CFF,✅ Downloaded from PDB,KIBA
P54619,4RER,✅ Downloaded from PDB,KIBA
P54619,4REW,✅ Downloaded from PDB,KIBA
P54619,4ZHX,✅ Downloaded from PDB,KIBA
P54619,5EZV,✅ Downloaded from PDB,KIBA
P54619,5ISO,✅ Downloaded from PDB,KIBA
P54619,6B1U,✅ Downloaded from PDB,KIBA
P54619,6B2E,✅ Downloaded from PDB,KIBA
P54619,6C9F,✅ Downloaded from PDB,KIBA
P54619,6C9G,✅ Downloaded from PDB,KIBA
P54619,6C9H,✅ Downloaded from PDB,KIBA
P54619,6C9J,✅ Downloaded from PDB,KIBA
P54619,7JHG,✅ Downloaded from PDB,KIBA
P54619,7JHH,✅ Downloaded from PDB,KIBA
P54619,7JIJ,✅ Downloaded from PDB,KIBA
P54619,7M74,✅ Downloaded from PDB,KIBA
P54619,7MYJ,✅ Downloaded from PDB,KIBA
P54619,8BIK,✅ Downloaded from PDB,KIBA
P54646,2H6D,✅ Downloaded from PDB,KIBA
P54646,2LTU,✅ Downloaded from PDB,KIBA
P54646,2YZA,✅ Downloaded from PDB,KIBA
P54646,3AQV,✅ Downloaded from PDB,KIBA
P54646,4CFE,✅ Downloaded from PDB,KIBA
P54646,4CFF,✅ Downloaded from PDB,KIBA
P54646,4ZHX,✅ Downloaded from PDB,KIBA
P54646,5EZV,✅ Downloaded from PDB,KIBA
P54646,5ISO,✅ Downloaded from PDB,KIBA
P54646,6B1U,✅ Downloaded from PDB,KIBA
P54646,6B2E,✅ Downloaded from PDB,KIBA
P54646,6BX6,✅ Downloaded from PDB,KIBA
P54646,7MYJ,✅ Downloaded from PDB,KIBA
P54646,8BIK,✅ Downloaded from PDB,KIBA
P54760,2BBA,✅ Downloaded from PDB,KIBA
P54760,2E7H,✅ Downloaded from PDB,KIBA
P54760,2HLE,✅ Downloaded from PDB,KIBA
P54760,2QKQ,✅ Downloaded from PDB,KIBA
P54760,2VWU,✅ Downloaded from PDB,KIBA
P54760,2VWV,✅ Downloaded from PDB,KIBA
P54760,2VWW,✅ Downloaded from PDB,KIBA
P54760,2VWX,✅ Downloaded from PDB,KIBA
P54760,2VWY,✅ Downloaded from PDB,KIBA
P54760,2VWZ,✅ Downloaded from PDB,KIBA
P54760,2VX0,✅ Downloaded from PDB,KIBA
P54760,2VX1,✅ Downloaded from PDB,KIBA
P54760,2X9F,✅ Downloaded from PDB,KIBA
P54760,2XVD,✅ Downloaded from PDB,KIBA
P54760,2YN8,✅ Downloaded from PDB,KIBA
P54760,3ZEW,✅ Downloaded from PDB,KIBA
P54760,4AW5,✅ Downloaded from PDB,KIBA
P54760,4BB4,✅ Downloaded from PDB,KIBA
P54760,6FNI,✅ Downloaded from PDB,KIBA
P54760,6FNJ,✅ Downloaded from PDB,KIBA
P54760,6FNK,✅ Downloaded from PDB,KIBA
P54760,6FNL,✅ Downloaded from PDB,KIBA
P54760,6FNM,✅ Downloaded from PDB,KIBA
P67870,1DS5,✅ Downloaded from PDB,KIBA
P67870,1JWH,✅ Downloaded from PDB,KIBA
P67870,1QF8,✅ Downloaded from PDB,KIBA
P67870,3EED,✅ Downloaded from PDB,KIBA
P67870,4DGL,✅ Downloaded from PDB,KIBA
P67870,4MD7,✅ Downloaded from PDB,KIBA
P67870,4MD8,✅ Downloaded from PDB,KIBA
P67870,4MD9,✅ Downloaded from PDB,KIBA
P67870,4NH1,✅ Downloaded from PDB,KIBA
P67870,6Q38,❌ PDB Download failed,KIBA
P68400,1JWH,✅ Downloaded from PDB,KIBA
P68400,1NA7,✅ Downloaded from PDB,KIBA
P68400,1PJK,✅ Downloaded from PDB,KIBA
P68400,2PVR,✅ Downloaded from PDB,KIBA
P68400,2ZJW,✅ Downloaded from PDB,KIBA
P68400,3AMY,✅ Downloaded from PDB,KIBA
P68400,3AT2,✅ Downloaded from PDB,KIBA
P68400,3AT3,✅ Downloaded from PDB,KIBA
P68400,3AT4,✅ Downloaded from PDB,KIBA
P68400,3AXW,✅ Downloaded from PDB,KIBA
P68400,3BQC,✅ Downloaded from PDB,KIBA
P68400,3C13,✅ Downloaded from PDB,KIBA
P68400,3FWQ,✅ Downloaded from PDB,KIBA
P68400,3H30,✅ Downloaded from PDB,KIBA
P68400,3JUH,✅ Downloaded from PDB,KIBA
P68400,3MB6,✅ Downloaded from PDB,KIBA
P68400,3MB7,✅ Downloaded from PDB,KIBA
P68400,3NGA,✅ Downloaded from PDB,KIBA
P68400,3NSZ,✅ Downloaded from PDB,KIBA
P68400,3OWJ,✅ Downloaded from PDB,KIBA
P68400,3OWK,✅ Downloaded from PDB,KIBA
P68400,3OWL,✅ Downloaded from PDB,KIBA
P68400,3PE1,✅ Downloaded from PDB,KIBA
P68400,3PE2,✅ Downloaded from PDB,KIBA
P68400,3PE4,✅ Downloaded from PDB,KIBA
P68400,3Q04,✅ Downloaded from PDB,KIBA
P68400,3Q9W,✅ Downloaded from PDB,KIBA
P68400,3Q9X,✅ Downloaded from PDB,KIBA
P68400,3Q9Y,✅ Downloaded from PDB,KIBA
P68400,3Q9Z,✅ Downloaded from PDB,KIBA
P68400,3QA0,✅ Downloaded from PDB,KIBA
P68400,3R0T,✅ Downloaded from PDB,KIBA
P68400,3RPS,✅ Downloaded from PDB,KIBA
P68400,3TAX,✅ Downloaded from PDB,KIBA
P68400,3U4U,✅ Downloaded from PDB,KIBA
P68400,3U87,✅ Downloaded from PDB,KIBA
P68400,3U9C,✅ Downloaded from PDB,KIBA
P68400,3W8L,✅ Downloaded from PDB,KIBA
P68400,3WAR,✅ Downloaded from PDB,KIBA
P68400,3WIK,✅ Downloaded from PDB,KIBA
P68400,3WIL,"⚠️ PDB Exception: HTTPSConnectionPool(host='files.rcsb.org', port=443): Max retries exceeded with url: /download/3WIL.pdb (Caused by SSLError(SSLEOFError(8, '[SSL: UNEXPECTED_EOF_WHILE_READING] EOF occurred in violation of protocol (_ssl.c:1006)')))",KIBA
P68400,3WOW,"⚠️ PDB Exception: HTTPSConnectionPool(host='files.rcsb.org', port=443): Read timed out. (read timeout=10)",KIBA
P68400,4DGL,✅ Downloaded from PDB,KIBA
P68400,4FBX,"⚠️ PDB Exception: HTTPSConnectionPool(host='files.rcsb.org', port=443): Read timed out. (read timeout=10)",KIBA
P68400,4GRB,"⚠️ PDB Exception: HTTPSConnectionPool(host='files.rcsb.org', port=443): Max retries exceeded with url: /download/4GRB.pdb (Caused by SSLError(SSLEOFError(8, '[SSL: UNEXPECTED_EOF_WHILE_READING] EOF occurred in violation of protocol (_ssl.c:1006)')))",KIBA
P68400,4GUB,"⚠️ PDB Exception: HTTPSConnectionPool(host='files.rcsb.org', port=443): Max retries exceeded with url: /download/4GUB.pdb (Caused by SSLError(SSLEOFError(8, '[SSL: UNEXPECTED_EOF_WHILE_READING] EOF occurred in violation of protocol (_ssl.c:1006)')))",KIBA
P68400,4GYW,"⚠️ PDB Exception: HTTPSConnectionPool(host='files.rcsb.org', port=443): Read timed out. (read timeout=10)",KIBA
P68400,4GYY,"⚠️ PDB Exception: HTTPSConnectionPool(host='files.rcsb.org', port=443): Max retries exceeded with url: /download/4GYY.pdb (Caused by SSLError(SSLEOFError(8, '[SSL: UNEXPECTED_EOF_WHILE_READING] EOF occurred in violation of protocol (_ssl.c:1006)')))",KIBA
P68400,4GZ3,"⚠️ PDB Exception: HTTPSConnectionPool(host='files.rcsb.org', port=443): Max retries exceeded with url: /download/4GZ3.pdb (Caused by SSLError(SSLEOFError(8, '[SSL: UNEXPECTED_EOF_WHILE_READING] EOF occurred in violation of protocol (_ssl.c:1006)')))",KIBA
P68400,4IB5,"⚠️ PDB Exception: HTTPSConnectionPool(host='files.rcsb.org', port=443): Read timed out. (read timeout=10)",KIBA
P68400,4KWP,"⚠️ PDB Exception: HTTPSConnectionPool(host='files.rcsb.org', port=443): Read timed out. (read timeout=10)",KIBA
P68400,4MD7,"⚠️ PDB Exception: HTTPSConnectionPool(host='files.rcsb.org', port=443): Max retries exceeded with url: /download/4MD7.pdb (Caused by SSLError(SSLEOFError(8, '[SSL: UNEXPECTED_EOF_WHILE_READING] EOF occurred in violation of protocol (_ssl.c:1006)')))",KIBA
P68400,4MD8,"⚠️ PDB Exception: HTTPSConnectionPool(host='files.rcsb.org', port=443): Read timed out. (read timeout=10)",KIBA
P68400,4MD9,"⚠️ PDB Exception: HTTPSConnectionPool(host='files.rcsb.org', port=443): Max retries exceeded with url: /download/4MD9.pdb (Caused by SSLError(SSLEOFError(8, '[SSL: UNEXPECTED_EOF_WHILE_READING] EOF occurred in violation of protocol (_ssl.c:1006)')))",KIBA
P68400,4NH1,"⚠️ PDB Exception: HTTPSConnectionPool(host='files.rcsb.org', port=443): Max retries exceeded with url: /download/4NH1.pdb (Caused by SSLError(SSLEOFError(8, '[SSL: UNEXPECTED_EOF_WHILE_READING] EOF occurred in violation of protocol (_ssl.c:1006)')))",KIBA
P68400,4RLL,"⚠️ PDB Exception: HTTPSConnectionPool(host='files.rcsb.org', port=443): Max retries exceeded with url: /download/4RLL.pdb (Caused by SSLError(SSLEOFError(8, '[SSL: UNEXPECTED_EOF_WHILE_READING] EOF occurred in violation of protocol (_ssl.c:1006)')))",KIBA
P68400,4UB7,"⚠️ PDB Exception: HTTPSConnectionPool(host='files.rcsb.org', port=443): Read timed out. (read timeout=10)",KIBA
P68400,4UBA,"⚠️ PDB Exception: HTTPSConnectionPool(host='files.rcsb.org', port=443): Read timed out. (read timeout=10)",KIBA
P68400,5B0X,✅ Downloaded from PDB,KIBA
P68400,5CLP,✅ Downloaded from PDB,KIBA
P68400,5CQU,✅ Downloaded from PDB,KIBA
P68400,5CQW,✅ Downloaded from PDB,KIBA
P68400,5CS6,✅ Downloaded from PDB,KIBA
P68400,5CSH,✅ Downloaded from PDB,KIBA
P68400,5CSP,✅ Downloaded from PDB,KIBA
P68400,5CSV,✅ Downloaded from PDB,KIBA
P68400,5CT0,✅ Downloaded from PDB,KIBA
P68400,5CTP,"⚠️ PDB Exception: HTTPSConnectionPool(host='files.rcsb.org', port=443): Read timed out. (read timeout=10)",KIBA
P68400,5CU0,✅ Downloaded from PDB,KIBA
P68400,5CU2,✅ Downloaded from PDB,KIBA
P68400,5CU3,✅ Downloaded from PDB,KIBA
P68400,5CU4,✅ Downloaded from PDB,KIBA
P68400,5CU6,✅ Downloaded from PDB,KIBA
P68400,5CVF,✅ Downloaded from PDB,KIBA
P68400,5CVG,✅ Downloaded from PDB,KIBA
P68400,5CVH,✅ Downloaded from PDB,KIBA
P68400,5CX9,✅ Downloaded from PDB,KIBA
P68400,5H8B,✅ Downloaded from PDB,KIBA
P68400,5H8E,✅ Downloaded from PDB,KIBA
P68400,5H8G,✅ Downloaded from PDB,KIBA
P68400,5HGV,✅ Downloaded from PDB,KIBA
P68400,5KU8,✅ Downloaded from PDB,KIBA
P68400,5KWH,✅ Downloaded from PDB,KIBA
P68400,5M44,✅ Downloaded from PDB,KIBA
P68400,5M4C,✅ Downloaded from PDB,KIBA
P68400,5M4F,✅ Downloaded from PDB,KIBA
P68400,5M4I,✅ Downloaded from PDB,KIBA
P68400,5MMF,✅ Downloaded from PDB,KIBA
P68400,5MMR,✅ Downloaded from PDB,KIBA
P68400,5MO5,✅ Downloaded from PDB,KIBA
P68400,5MO6,✅ Downloaded from PDB,KIBA
P68400,5MO7,✅ Downloaded from PDB,KIBA
P68400,5MO8,✅ Downloaded from PDB,KIBA
P68400,5MOD,✅ Downloaded from PDB,KIBA
P68400,5MOE,✅ Downloaded from PDB,KIBA
P68400,5MOH,✅ Downloaded from PDB,KIBA
P68400,5MOT,✅ Downloaded from PDB,KIBA
P68400,5MOV,✅ Downloaded from PDB,KIBA
P68400,5MOW,✅ Downloaded from PDB,KIBA
P68400,5MP8,✅ Downloaded from PDB,KIBA
P68400,5MPJ,✅ Downloaded from PDB,KIBA
P68400,5N1V,✅ Downloaded from PDB,KIBA
P68400,5N9K,✅ Downloaded from PDB,KIBA
P68400,5N9L,✅ Downloaded from PDB,KIBA
P68400,5N9N,✅ Downloaded from PDB,KIBA
P68400,5NQC,✅ Downloaded from PDB,KIBA
P68400,5OMY,✅ Downloaded from PDB,KIBA
P68400,5ONI,✅ Downloaded from PDB,KIBA
P68400,5OQU,✅ Downloaded from PDB,KIBA
P68400,5ORH,✅ Downloaded from PDB,KIBA
P68400,5ORJ,✅ Downloaded from PDB,KIBA
P68400,5ORK,✅ Downloaded from PDB,KIBA
P68400,5OS7,✅ Downloaded from PDB,KIBA
P68400,5OS8,✅ Downloaded from PDB,KIBA
P68400,5OSL,✅ Downloaded from PDB,KIBA
P68400,5OSP,✅ Downloaded from PDB,KIBA
P68400,5OSR,✅ Downloaded from PDB,KIBA
P68400,5OSU,✅ Downloaded from PDB,KIBA
P68400,5OSZ,✅ Downloaded from PDB,KIBA
P68400,5OT5,✅ Downloaded from PDB,KIBA
P68400,5OT6,✅ Downloaded from PDB,KIBA
P68400,5OTD,✅ Downloaded from PDB,KIBA
P68400,5OTH,✅ Downloaded from PDB,KIBA
P68400,5OTI,✅ Downloaded from PDB,KIBA
P68400,5OTL,✅ Downloaded from PDB,KIBA
P68400,5OTO,✅ Downloaded from PDB,KIBA
P68400,5OTP,✅ Downloaded from PDB,KIBA
P68400,5OTQ,✅ Downloaded from PDB,KIBA
P68400,5OTR,✅ Downloaded from PDB,KIBA
P68400,5OTS,✅ Downloaded from PDB,KIBA
P68400,5OTY,✅ Downloaded from PDB,KIBA
P68400,5OTZ,✅ Downloaded from PDB,KIBA
P68400,5OUE,✅ Downloaded from PDB,KIBA
P68400,5OUL,"⚠️ PDB Exception: HTTPSConnectionPool(host='files.rcsb.org', port=443): Read timed out. (read timeout=10)",KIBA
P68400,5OUM,✅ Downloaded from PDB,KIBA
P68400,5OUU,✅ Downloaded from PDB,KIBA
P68400,5OWH,✅ Downloaded from PDB,KIBA
P68400,5OWL,✅ Downloaded from PDB,KIBA
P68400,5OYF,✅ Downloaded from PDB,KIBA
P68400,5T1H,✅ Downloaded from PDB,KIBA
P68400,5VIE,✅ Downloaded from PDB,KIBA
P68400,5VIF,✅ Downloaded from PDB,KIBA
P68400,5ZN0,✅ Downloaded from PDB,KIBA
P68400,5ZN1,"⚠️ PDB Exception: HTTPSConnectionPool(host='files.rcsb.org', port=443): Read timed out. (read timeout=10)",KIBA
P68400,5ZN2,✅ Downloaded from PDB,KIBA
P68400,5ZN3,✅ Downloaded from PDB,KIBA
P68400,5ZN4,✅ Downloaded from PDB,KIBA
P68400,5ZN5,✅ Downloaded from PDB,KIBA
P68400,6A1C,✅ Downloaded from PDB,KIBA
P68400,6E37,✅ Downloaded from PDB,KIBA
P68400,6EHK,✅ Downloaded from PDB,KIBA
P68400,6EHU,"⚠️ PDB Exception: HTTPSConnectionPool(host='files.rcsb.org', port=443): Read timed out. (read timeout=10)",KIBA
P68400,6EII,✅ Downloaded from PDB,KIBA
P68400,6FVF,✅ Downloaded from PDB,KIBA
P68400,6FVG,✅ Downloaded from PDB,KIBA
P68400,6GIH,✅ Downloaded from PDB,KIBA
P68400,6GMD,✅ Downloaded from PDB,KIBA
P68400,6HBN,✅ Downloaded from PDB,KIBA
P68400,6HME,✅ Downloaded from PDB,KIBA
P68400,6HNW,✅ Downloaded from PDB,KIBA
P68400,6HNY,"⚠️ PDB Exception: HTTPSConnectionPool(host='files.rcsb.org', port=443): Read timed out. (read timeout=10)",KIBA
P68400,6HOP,✅ Downloaded from PDB,KIBA
P68400,6HOQ,✅ Downloaded from PDB,KIBA
P68400,6HOR,"⚠️ PDB Exception: HTTPSConnectionPool(host='files.rcsb.org', port=443): Read timed out. (read timeout=10)",KIBA
P68400,6HOT,✅ Downloaded from PDB,KIBA
P68400,6HOU,"⚠️ PDB Exception: HTTPSConnectionPool(host='files.rcsb.org', port=443): Read timed out. (read timeout=10)",KIBA
P68400,6JWA,✅ Downloaded from PDB,KIBA
P68400,6L1Z,✅ Downloaded from PDB,KIBA
P68400,6L21,✅ Downloaded from PDB,KIBA
P68400,6L22,✅ Downloaded from PDB,KIBA
P68400,6L23,✅ Downloaded from PDB,KIBA
P68400,6L24,✅ Downloaded from PDB,KIBA
P68400,6Q38,❌ PDB Download failed,KIBA
P68400,6Q4Q,❌ PDB Download failed,KIBA
P68400,6QY7,✅ Downloaded from PDB,KIBA
P68400,6RB1,✅ Downloaded from PDB,KIBA
P68400,6RCB,✅ Downloaded from PDB,KIBA
P68400,6RCM,✅ Downloaded from PDB,KIBA
P68400,6RFE,✅ Downloaded from PDB,KIBA
P68400,6RFF,✅ Downloaded from PDB,KIBA
P68400,6SPW,✅ Downloaded from PDB,KIBA
P68400,6SPX,✅ Downloaded from PDB,KIBA
P68400,6TEI,✅ Downloaded from PDB,KIBA
P68400,6TLL,✅ Downloaded from PDB,KIBA
P68400,6TLO,✅ Downloaded from PDB,KIBA
P68400,6TLP,✅ Downloaded from PDB,KIBA
P68400,6TLR,✅ Downloaded from PDB,KIBA
P68400,6TLS,✅ Downloaded from PDB,KIBA
P68400,6TLU,❌ PDB Download failed,KIBA
P68400,6TLV,✅ Downloaded from PDB,KIBA
P68400,6TLW,✅ Downloaded from PDB,KIBA
P68400,6YPG,✅ Downloaded from PDB,KIBA
P68400,6YPH,✅ Downloaded from PDB,KIBA
P68400,6YPJ,✅ Downloaded from PDB,KIBA
P68400,6YPK,✅ Downloaded from PDB,KIBA
P68400,6YPN,✅ Downloaded from PDB,KIBA
P68400,6YUL,❌ PDB Download failed,KIBA
P68400,6YUM,❌ PDB Download failed,KIBA
P68400,6YZH,✅ Downloaded from PDB,KIBA
P68400,6Z19,✅ Downloaded from PDB,KIBA
P68400,6Z83,❌ PDB Download failed,KIBA
P68400,6Z84,❌ PDB Download failed,KIBA
P68400,7A49,✅ Downloaded from PDB,KIBA
P68400,7A4B,✅ Downloaded from PDB,KIBA
P68400,7A4C,✅ Downloaded from PDB,KIBA
P68400,7A4Q,✅ Downloaded from PDB,KIBA
P68400,7AT5,✅ Downloaded from PDB,KIBA
P68400,7AY9,✅ Downloaded from PDB,KIBA
P68400,7AYA,✅ Downloaded from PDB,KIBA
P68400,7B8H,✅ Downloaded from PDB,KIBA
P68400,7B8I,✅ Downloaded from PDB,KIBA
P68400,7BU4,✅ Downloaded from PDB,KIBA
P68400,7L1X,✅ Downloaded from PDB,KIBA
P68400,7PSU,✅ Downloaded from PDB,KIBA
P68400,7QGB,✅ Downloaded from PDB,KIBA
P68400,7QGC,✅ Downloaded from PDB,KIBA
P68400,7QGD,✅ Downloaded from PDB,KIBA
P68400,7QGE,✅ Downloaded from PDB,KIBA
P68400,7QUX,✅ Downloaded from PDB,KIBA
P68400,7X4H,✅ Downloaded from PDB,KIBA
P68400,7Z39,✅ Downloaded from PDB,KIBA
P68400,7ZWE,✅ Downloaded from PDB,KIBA
P68400,7ZWG,✅ Downloaded from PDB,KIBA
P68400,7ZY0,✅ Downloaded from PDB,KIBA
P68400,7ZY2,✅ Downloaded from PDB,KIBA
P68400,7ZY5,✅ Downloaded from PDB,KIBA
P68400,7ZY8,✅ Downloaded from PDB,KIBA
P68400,7ZYD,✅ Downloaded from PDB,KIBA
P68400,7ZYK,✅ Downloaded from PDB,KIBA
P68400,7ZYO,✅ Downloaded from PDB,KIBA
P68400,7ZYR,✅ Downloaded from PDB,KIBA
P68400,8AE7,✅ Downloaded from PDB,KIBA
P68400,8AEC,✅ Downloaded from PDB,KIBA
P68400,8AEK,✅ Downloaded from PDB,KIBA
P68400,8AEM,✅ Downloaded from PDB,KIBA
P68400,8BGC,✅ Downloaded from PDB,KIBA
P68400,8C5Q,✅ Downloaded from PDB,KIBA
P68400,8C6L,✅ Downloaded from PDB,KIBA
P68400,8C6M,✅ Downloaded from PDB,KIBA
P68400,8C6N,✅ Downloaded from PDB,KIBA
P68400,8P05,✅ Downloaded from PDB,KIBA
P68400,8P06,✅ Downloaded from PDB,KIBA
P68400,8P07,✅ Downloaded from PDB,KIBA
P68400,8PVO,✅ Downloaded from PDB,KIBA
P68400,8PVP,✅ Downloaded from PDB,KIBA
P68400,8QQB,✅ Downloaded from PDB,KIBA
P68400,8QWY,✅ Downloaded from PDB,KIBA
P68400,8QWZ,✅ Downloaded from PDB,KIBA
P68400,9EPV,❌ PDB Download failed,KIBA
P68400,9EPW,❌ PDB Download failed,KIBA
P68400,9EPX,❌ PDB Download failed,KIBA
P68400,9EPY,❌ PDB Download failed,KIBA
P68400,9EPZ,❌ PDB Download failed,KIBA
P68400,9EQ0,❌ PDB Download failed,KIBA
P68400,9EQ1,❌ PDB Download failed,KIBA
P68400,9EZG,❌ PDB Download failed,KIBA
P68400,9FYF,❌ PDB Download failed,KIBA
P78368,2C47,✅ Downloaded from PDB,KIBA
P80192,3DTC,✅ Downloaded from PDB,KIBA
P80192,4UY9,✅ Downloaded from PDB,KIBA
Q00534,1BI7,✅ Downloaded from PDB,KIBA
Q00534,1BI8,✅ Downloaded from PDB,KIBA
Q00534,1BLX,✅ Downloaded from PDB,KIBA
Q00534,1G3N,✅ Downloaded from PDB,KIBA
Q00534,1JOW,✅ Downloaded from PDB,KIBA
Q00534,1XO2,✅ Downloaded from PDB,KIBA
Q00534,2EUF,✅ Downloaded from PDB,KIBA
Q00534,2F2C,✅ Downloaded from PDB,KIBA
Q00534,3NUP,✅ Downloaded from PDB,KIBA
Q00534,3NUX,✅ Downloaded from PDB,KIBA
Q00534,4AUA,✅ Downloaded from PDB,KIBA
Q00534,4EZ5,✅ Downloaded from PDB,KIBA
Q00534,4TTH,✅ Downloaded from PDB,KIBA
Q00534,5L2I,✅ Downloaded from PDB,KIBA
Q00534,5L2S,✅ Downloaded from PDB,KIBA
Q00534,5L2T,✅ Downloaded from PDB,KIBA
Q00534,6OQL,✅ Downloaded from PDB,KIBA
Q00534,6OQO,✅ Downloaded from PDB,KIBA
Q00534,8I0M,✅ Downloaded from PDB,KIBA
Q00535,1H4L,✅ Downloaded from PDB,KIBA
Q00535,1UNG,✅ Downloaded from PDB,KIBA
Q00535,1UNH,✅ Downloaded from PDB,KIBA
Q00535,1UNL,✅ Downloaded from PDB,KIBA
Q00535,3O0G,✅ Downloaded from PDB,KIBA
Q00535,4AU8,✅ Downloaded from PDB,KIBA
Q00535,7VDP,✅ Downloaded from PDB,KIBA
Q00535,7VDQ,✅ Downloaded from PDB,KIBA
Q00535,7VDR,✅ Downloaded from PDB,KIBA
Q00535,7VDS,"⚠️ PDB Exception: HTTPSConnectionPool(host='files.rcsb.org', port=443): Read timed out. (read timeout=10)",KIBA
Q02156,2WH0,✅ Downloaded from PDB,KIBA
Q02156,5LIH,✅ Downloaded from PDB,KIBA
Q02750,1S9J,✅ Downloaded from PDB,KIBA
Q02750,2P55,✅ Downloaded from PDB,KIBA
Q02750,3DV3,✅ Downloaded from PDB,KIBA
Q02750,3DY7,✅ Downloaded from PDB,KIBA
Q02750,3E8N,"⚠️ PDB Exception: HTTPSConnectionPool(host='files.rcsb.org', port=443): Read timed out. (read timeout=10)",KIBA
Q02750,3EQB,✅ Downloaded from PDB,KIBA
Q02750,3EQC,✅ Downloaded from PDB,KIBA
Q02750,3EQD,✅ Downloaded from PDB,KIBA
Q02750,3EQF,✅ Downloaded from PDB,KIBA
Q02750,3EQG,✅ Downloaded from PDB,KIBA
Q02750,3EQH,✅ Downloaded from PDB,KIBA
Q02750,3EQI,✅ Downloaded from PDB,KIBA
Q02750,3MBL,✅ Downloaded from PDB,KIBA
Q02750,3ORN,✅ Downloaded from PDB,KIBA
Q02750,3OS3,✅ Downloaded from PDB,KIBA
Q02750,3PP1,✅ Downloaded from PDB,KIBA
Q02750,3SLS,✅ Downloaded from PDB,KIBA
Q02750,3V01,✅ Downloaded from PDB,KIBA
Q02750,3V04,✅ Downloaded from PDB,KIBA
Q02750,3VVH,✅ Downloaded from PDB,KIBA
Q02750,3W8Q,"⚠️ PDB Exception: HTTPSConnectionPool(host='files.rcsb.org', port=443): Read timed out. (read timeout=10)",KIBA
Q02750,3WIG,"⚠️ PDB Exception: HTTPSConnectionPool(host='files.rcsb.org', port=443): Read timed out. (read timeout=10)",KIBA
Q02750,3ZLS,✅ Downloaded from PDB,KIBA
Q02750,3ZLW,✅ Downloaded from PDB,KIBA
Q02750,3ZLX,✅ Downloaded from PDB,KIBA
Q02750,3ZLY,"⚠️ PDB Exception: HTTPSConnectionPool(host='files.rcsb.org', port=443): Read timed out. (read timeout=10)",KIBA
Q02750,3ZM4,✅ Downloaded from PDB,KIBA
Q02750,4AN2,✅ Downloaded from PDB,KIBA
Q02750,4AN3,✅ Downloaded from PDB,KIBA
Q02750,4AN9,✅ Downloaded from PDB,KIBA
Q02750,4ANB,✅ Downloaded from PDB,KIBA
Q02750,4ARK,✅ Downloaded from PDB,KIBA
Q02750,4LMN,✅ Downloaded from PDB,KIBA
Q02750,4MNE,✅ Downloaded from PDB,KIBA
Q02750,4U7Z,✅ Downloaded from PDB,KIBA
Q02750,4U80,✅ Downloaded from PDB,KIBA
Q02750,4U81,✅ Downloaded from PDB,KIBA
Q02750,5BX0,✅ Downloaded from PDB,KIBA
Q02750,5EYM,✅ Downloaded from PDB,KIBA
Q02750,5HZE,✅ Downloaded from PDB,KIBA
Q02750,5YT3,✅ Downloaded from PDB,KIBA
Q02750,6NYB,✅ Downloaded from PDB,KIBA
Q02750,6PP9,✅ Downloaded from PDB,KIBA
Q02750,6Q0J,✅ Downloaded from PDB,KIBA
Q02750,6Q0T,✅ Downloaded from PDB,KIBA
Q02750,6U2G,"⚠️ PDB Exception: HTTPSConnectionPool(host='files.rcsb.org', port=443): Read timed out. (read timeout=10)",KIBA
Q02750,6V2W,✅ Downloaded from PDB,KIBA
Q02750,6X2P,✅ Downloaded from PDB,KIBA
Q02750,6X2S,✅ Downloaded from PDB,KIBA
Q02750,6X2X,✅ Downloaded from PDB,KIBA
Q02750,7B3M,✅ Downloaded from PDB,KIBA
Q02750,7B7R,✅ Downloaded from PDB,KIBA
Q02750,7B94,✅ Downloaded from PDB,KIBA
Q02750,7B9L,✅ Downloaded from PDB,KIBA
Q02750,7F2X,✅ Downloaded from PDB,KIBA
Q02750,7M0T,"⚠️ PDB Exception: HTTPSConnectionPool(host='files.rcsb.org', port=443): Read timed out. (read timeout=10)",KIBA
Q02750,7M0U,✅ Downloaded from PDB,KIBA
Q02750,7M0V,✅ Downloaded from PDB,KIBA
Q02750,7M0W,✅ Downloaded from PDB,KIBA
Q02750,7M0X,✅ Downloaded from PDB,KIBA
Q02750,7M0Y,✅ Downloaded from PDB,KIBA
Q02750,7M0Z,✅ Downloaded from PDB,KIBA
Q02750,7MFD,✅ Downloaded from PDB,KIBA
Q02750,7PQV,"⚠️ PDB Exception: HTTPSConnectionPool(host='files.rcsb.org', port=443): Read timed out. (read timeout=10)",KIBA
Q02750,7UMB,✅ Downloaded from PDB,KIBA
Q02750,7XLP,✅ Downloaded from PDB,KIBA
Q02750,7XNC,✅ Downloaded from PDB,KIBA
Q02750,8CHF,✅ Downloaded from PDB,KIBA
Q02750,8DGS,✅ Downloaded from PDB,KIBA
Q02750,8DGT,✅ Downloaded from PDB,KIBA
Q02750,9AXA,❌ PDB Download failed,KIBA
Q02750,9AXC,❌ PDB Download failed,KIBA
Q02750,9AXH,❌ PDB Download failed,KIBA
Q02750,9AXM,❌ PDB Download failed,KIBA
Q02750,9AXX,❌ PDB Download failed,KIBA
Q02750,9AXY,❌ PDB Download failed,KIBA
Q02750,9AY7,❌ PDB Download failed,KIBA
Q02750,9AYA,❌ PDB Download failed,KIBA
Q02763,1FVR,✅ Downloaded from PDB,KIBA
Q02763,2GY5,✅ Downloaded from PDB,KIBA
Q02763,2GY7,✅ Downloaded from PDB,KIBA
Q02763,2OO8,✅ Downloaded from PDB,KIBA
Q02763,2OSC,✅ Downloaded from PDB,KIBA
Q02763,2P4I,✅ Downloaded from PDB,KIBA
Q02763,2WQB,✅ Downloaded from PDB,KIBA
Q02763,3BEA,✅ Downloaded from PDB,KIBA
Q02763,3L8P,✅ Downloaded from PDB,KIBA
Q02763,4K0V,✅ Downloaded from PDB,KIBA
Q02763,4X3J,✅ Downloaded from PDB,KIBA
Q02763,5MYA,✅ Downloaded from PDB,KIBA
Q02763,5MYB,✅ Downloaded from PDB,KIBA
Q02763,5UTK,✅ Downloaded from PDB,KIBA
Q02763,6MWE,✅ Downloaded from PDB,KIBA
Q02763,7E72,✅ Downloaded from PDB,KIBA
Q02779,2RF0,✅ Downloaded from PDB,KIBA
Q04759,1XJD,✅ Downloaded from PDB,KIBA
Q04759,2ENJ,✅ Downloaded from PDB,KIBA
Q04759,2ENN,✅ Downloaded from PDB,KIBA
Q04759,2ENZ,✅ Downloaded from PDB,KIBA
Q04759,2JED,✅ Downloaded from PDB,KIBA
Q04759,4Q9Z,✅ Downloaded from PDB,KIBA
Q04759,4RA5,✅ Downloaded from PDB,KIBA
Q04759,5F9E,✅ Downloaded from PDB,KIBA
Q04771,3H9R,✅ Downloaded from PDB,KIBA
Q04771,3MTF,✅ Downloaded from PDB,KIBA
Q04771,3OOM,✅ Downloaded from PDB,KIBA
Q04771,3Q4U,✅ Downloaded from PDB,KIBA
Q04771,4BGG,✅ Downloaded from PDB,KIBA
Q04771,4C02,✅ Downloaded from PDB,KIBA
Q04771,4DYM,✅ Downloaded from PDB,KIBA
Q04771,5OXG,✅ Downloaded from PDB,KIBA
Q04771,5OY6,✅ Downloaded from PDB,KIBA
Q04771,5S75,✅ Downloaded from PDB,KIBA
Q04771,5S76,✅ Downloaded from PDB,KIBA
Q04771,5S77,✅ Downloaded from PDB,KIBA
Q04771,5S78,✅ Downloaded from PDB,KIBA
Q04771,5S79,✅ Downloaded from PDB,KIBA
Q04771,5S7A,✅ Downloaded from PDB,KIBA
Q04771,5S7B,✅ Downloaded from PDB,KIBA
Q04771,5S7C,✅ Downloaded from PDB,KIBA
Q04771,5S7D,✅ Downloaded from PDB,KIBA
Q04771,5S7E,✅ Downloaded from PDB,KIBA
Q04771,5S7F,✅ Downloaded from PDB,KIBA
Q04771,5S7G,✅ Downloaded from PDB,KIBA
Q04771,5S7H,✅ Downloaded from PDB,KIBA
Q04771,5S7I,✅ Downloaded from PDB,KIBA
Q04771,5S7J,✅ Downloaded from PDB,KIBA
Q04771,5S7K,✅ Downloaded from PDB,KIBA
Q04771,5S7L,✅ Downloaded from PDB,KIBA
Q04771,5S7M,✅ Downloaded from PDB,KIBA
Q04771,5S7N,✅ Downloaded from PDB,KIBA
Q04771,5S7O,✅ Downloaded from PDB,KIBA
Q04771,5S7P,✅ Downloaded from PDB,KIBA
Q04771,5S7Q,✅ Downloaded from PDB,KIBA
Q04771,5S7R,✅ Downloaded from PDB,KIBA
Q04771,5S7S,✅ Downloaded from PDB,KIBA
Q04771,5S7T,✅ Downloaded from PDB,KIBA
Q04771,5S7U,✅ Downloaded from PDB,KIBA
Q04771,5S7V,✅ Downloaded from PDB,KIBA
Q04771,5S7W,✅ Downloaded from PDB,KIBA
Q04771,5S7X,✅ Downloaded from PDB,KIBA
Q04771,5S7Y,✅ Downloaded from PDB,KIBA
Q04771,5S7Z,✅ Downloaded from PDB,KIBA
Q04771,5S80,✅ Downloaded from PDB,KIBA
Q04771,5S81,✅ Downloaded from PDB,KIBA
Q04771,5S82,✅ Downloaded from PDB,KIBA
Q04771,5S83,✅ Downloaded from PDB,KIBA
Q04771,5S84,✅ Downloaded from PDB,KIBA
Q04771,5S85,✅ Downloaded from PDB,KIBA
Q04771,5S86,✅ Downloaded from PDB,KIBA
Q04771,5S87,✅ Downloaded from PDB,KIBA
Q04771,5S88,✅ Downloaded from PDB,KIBA
Q04771,5S89,✅ Downloaded from PDB,KIBA
Q04771,5S8A,✅ Downloaded from PDB,KIBA
Q04771,5S8B,✅ Downloaded from PDB,KIBA
Q04771,5S9K,✅ Downloaded from PDB,KIBA
Q04771,6ACR,✅ Downloaded from PDB,KIBA
Q04771,6EIX,✅ Downloaded from PDB,KIBA
Q04771,6GI6,✅ Downloaded from PDB,KIBA
Q04771,6GIN,✅ Downloaded from PDB,KIBA
Q04771,6GIP,✅ Downloaded from PDB,KIBA
Q04771,6I1S,✅ Downloaded from PDB,KIBA
Q04771,6JUX,✅ Downloaded from PDB,KIBA
Q04771,6SRH,✅ Downloaded from PDB,KIBA
Q04771,6SZM,✅ Downloaded from PDB,KIBA
Q04771,6T6D,✅ Downloaded from PDB,KIBA
Q04771,6T8N,✅ Downloaded from PDB,KIBA
Q04771,6TN8,✅ Downloaded from PDB,KIBA
Q04771,6UNQ,✅ Downloaded from PDB,KIBA
Q04771,6UNR,✅ Downloaded from PDB,KIBA
Q04771,6UNS,✅ Downloaded from PDB,KIBA
Q04771,6Z36,✅ Downloaded from PDB,KIBA
Q04771,6ZGC,✅ Downloaded from PDB,KIBA
Q04771,7A21,✅ Downloaded from PDB,KIBA
Q04771,7C3G,✅ Downloaded from PDB,KIBA
Q04771,7NNS,✅ Downloaded from PDB,KIBA
Q04771,7YRU,✅ Downloaded from PDB,KIBA
Q04771,8C7W,✅ Downloaded from PDB,KIBA
Q04771,8C7Z,✅ Downloaded from PDB,KIBA
Q04771,8POD,✅ Downloaded from PDB,KIBA
Q04771,8R7G,✅ Downloaded from PDB,KIBA
Q05397,1K04,✅ Downloaded from PDB,KIBA
Q05397,1K05,✅ Downloaded from PDB,KIBA
Q05397,1MP8,✅ Downloaded from PDB,KIBA
Q05397,1OW6,✅ Downloaded from PDB,KIBA
Q05397,1OW7,✅ Downloaded from PDB,KIBA
Q05397,1OW8,"⚠️ PDB Exception: HTTPSConnectionPool(host='files.rcsb.org', port=443): Max retries exceeded with url: /download/1OW8.pdb (Caused by SSLError(SSLEOFError(8, '[SSL: UNEXPECTED_EOF_WHILE_READING] EOF occurred in violation of protocol (_ssl.c:1006)')))",KIBA
Q05397,2ETM,✅ Downloaded from PDB,KIBA
Q05397,2IJM,✅ Downloaded from PDB,KIBA
Q05397,3B71,✅ Downloaded from PDB,KIBA
Q05397,3BZ3,✅ Downloaded from PDB,KIBA
Q05397,3PXK,✅ Downloaded from PDB,KIBA
Q05397,3S9O,✅ Downloaded from PDB,KIBA
Q05397,4EBV,✅ Downloaded from PDB,KIBA
Q05397,4EBW,✅ Downloaded from PDB,KIBA
Q05397,4GU6,✅ Downloaded from PDB,KIBA
Q05397,4GU9,✅ Downloaded from PDB,KIBA
Q05397,4I4E,✅ Downloaded from PDB,KIBA
Q05397,4I4F,✅ Downloaded from PDB,KIBA
Q05397,4K8A,✅ Downloaded from PDB,KIBA
Q05397,4K9Y,✅ Downloaded from PDB,KIBA
Q05397,4KAB,✅ Downloaded from PDB,KIBA
Q05397,4KAO,✅ Downloaded from PDB,KIBA
Q05397,4NY0,✅ Downloaded from PDB,KIBA
Q05397,4Q9S,✅ Downloaded from PDB,KIBA
Q05397,6I8Z,✅ Downloaded from PDB,KIBA
Q05397,6LES,✅ Downloaded from PDB,KIBA
Q05397,6PW8,✅ Downloaded from PDB,KIBA
Q05397,6YOJ,✅ Downloaded from PDB,KIBA
Q05397,6YQ1,"⚠️ PDB Exception: HTTPSConnectionPool(host='files.rcsb.org', port=443): Read timed out. (read timeout=10)",KIBA
Q05397,6YR9,✅ Downloaded from PDB,KIBA
Q05397,6YT6,✅ Downloaded from PDB,KIBA
Q05397,6YVS,✅ Downloaded from PDB,KIBA
Q05397,6YVY,✅ Downloaded from PDB,KIBA
Q05397,6YXV,✅ Downloaded from PDB,KIBA
Q05397,7PI4,❌ PDB Download failed,KIBA
Q05397,7W7Z,✅ Downloaded from PDB,KIBA
Q05397,7W8B,✅ Downloaded from PDB,KIBA
Q05397,7W8I,✅ Downloaded from PDB,KIBA
Q05397,7W9U,✅ Downloaded from PDB,KIBA
Q05513,AF-Q05513-F1,✅ Downloaded from AlphaFold,KIBA
Q05655,1YRK,✅ Downloaded from PDB,KIBA
Q05655,2YUU,✅ Downloaded from PDB,KIBA
Q06187,1AWW,✅ Downloaded from PDB,KIBA
Q06187,1AWX,✅ Downloaded from PDB,KIBA
Q06187,1B55,✅ Downloaded from PDB,KIBA
Q06187,1BTK,✅ Downloaded from PDB,KIBA
Q06187,1BWN,✅ Downloaded from PDB,KIBA
Q06187,1K2P,✅ Downloaded from PDB,KIBA
Q06187,1QLY,✅ Downloaded from PDB,KIBA
Q06187,2GE9,✅ Downloaded from PDB,KIBA
Q06187,2Z0P,✅ Downloaded from PDB,KIBA
Q06187,3GEN,✅ Downloaded from PDB,KIBA
Q06187,3K54,✅ Downloaded from PDB,KIBA
Q06187,3OCS,✅ Downloaded from PDB,KIBA
Q06187,3OCT,✅ Downloaded from PDB,KIBA
Q06187,3P08,✅ Downloaded from PDB,KIBA
Q06187,3PIX,✅ Downloaded from PDB,KIBA
Q06187,3PIY,✅ Downloaded from PDB,KIBA
Q06187,3PIZ,✅ Downloaded from PDB,KIBA
Q06187,3PJ1,✅ Downloaded from PDB,KIBA
Q06187,3PJ2,✅ Downloaded from PDB,KIBA
Q06187,3PJ3,✅ Downloaded from PDB,KIBA
Q06187,4NWM,✅ Downloaded from PDB,KIBA
Q06187,4OT5,✅ Downloaded from PDB,KIBA
Q06187,4OT6,✅ Downloaded from PDB,KIBA
Q06187,4OTF,✅ Downloaded from PDB,KIBA
Q06187,4OTQ,✅ Downloaded from PDB,KIBA
Q06187,4OTR,✅ Downloaded from PDB,KIBA
Q06187,4RFY,✅ Downloaded from PDB,KIBA
Q06187,4RFZ,✅ Downloaded from PDB,KIBA
Q06187,4RG0,✅ Downloaded from PDB,KIBA
Q06187,4RX5,✅ Downloaded from PDB,KIBA
Q06187,4YHF,✅ Downloaded from PDB,KIBA
Q06187,4Z3V,✅ Downloaded from PDB,KIBA
Q06187,4ZLY,✅ Downloaded from PDB,KIBA
Q06187,4ZLZ,✅ Downloaded from PDB,KIBA
Q06187,5BPY,✅ Downloaded from PDB,KIBA
Q06187,5BQ0,✅ Downloaded from PDB,KIBA
Q06187,5FBN,✅ Downloaded from PDB,KIBA
Q06187,5FBO,✅ Downloaded from PDB,KIBA
Q06187,5J87,✅ Downloaded from PDB,KIBA
Q06187,5JRS,✅ Downloaded from PDB,KIBA
Q06187,5KUP,✅ Downloaded from PDB,KIBA
Q06187,5P9F,✅ Downloaded from PDB,KIBA
Q06187,5P9G,✅ Downloaded from PDB,KIBA
Q06187,5P9H,✅ Downloaded from PDB,KIBA
Q06187,5P9I,✅ Downloaded from PDB,KIBA
Q06187,5P9J,✅ Downloaded from PDB,KIBA
Q06187,5P9K,✅ Downloaded from PDB,KIBA
Q06187,5P9L,✅ Downloaded from PDB,KIBA
Q06187,5P9M,✅ Downloaded from PDB,KIBA
Q06187,5T18,✅ Downloaded from PDB,KIBA
Q06187,5U9D,✅ Downloaded from PDB,KIBA
Q06187,5VFI,✅ Downloaded from PDB,KIBA
Q06187,5VGO,✅ Downloaded from PDB,KIBA
Q06187,5XYZ,✅ Downloaded from PDB,KIBA
Q06187,5ZZ4,✅ Downloaded from PDB,KIBA
Q06187,6AUA,✅ Downloaded from PDB,KIBA
Q06187,6AUB,✅ Downloaded from PDB,KIBA
Q06187,6BIK,✅ Downloaded from PDB,KIBA
Q06187,6BKE,✅ Downloaded from PDB,KIBA
Q06187,6BKH,✅ Downloaded from PDB,KIBA
Q06187,6BKW,✅ Downloaded from PDB,KIBA
Q06187,6BLN,✅ Downloaded from PDB,KIBA
Q06187,6DI0,✅ Downloaded from PDB,KIBA
Q06187,6DI1,✅ Downloaded from PDB,KIBA
Q06187,6DI3,✅ Downloaded from PDB,KIBA
Q06187,6DI5,✅ Downloaded from PDB,KIBA
Q06187,6DI9,✅ Downloaded from PDB,KIBA
Q06187,6E4F,✅ Downloaded from PDB,KIBA
Q06187,6EP9,✅ Downloaded from PDB,KIBA
Q06187,6HRP,✅ Downloaded from PDB,KIBA
Q06187,6HRT,✅ Downloaded from PDB,KIBA
Q06187,6HTF,✅ Downloaded from PDB,KIBA
Q06187,6J6M,✅ Downloaded from PDB,KIBA
Q06187,6N9P,✅ Downloaded from PDB,KIBA
Q06187,6NFH,✅ Downloaded from PDB,KIBA
Q06187,6NFI,✅ Downloaded from PDB,KIBA
Q06187,6NZM,✅ Downloaded from PDB,KIBA
Q06187,6O8I,✅ Downloaded from PDB,KIBA
Q06187,6OMU,✅ Downloaded from PDB,KIBA
Q06187,6S90,✅ Downloaded from PDB,KIBA
Q06187,6TFP,✅ Downloaded from PDB,KIBA
Q06187,6TSE,✅ Downloaded from PDB,KIBA
Q06187,6TT2,✅ Downloaded from PDB,KIBA
Q06187,6TUH,✅ Downloaded from PDB,KIBA
Q06187,6TVN,✅ Downloaded from PDB,KIBA
Q06187,6VXQ,✅ Downloaded from PDB,KIBA
Q06187,6W06,✅ Downloaded from PDB,KIBA
Q06187,6W07,✅ Downloaded from PDB,KIBA
Q06187,6W7O,✅ Downloaded from PDB,KIBA
Q06187,6W8I,✅ Downloaded from PDB,KIBA
Q06187,6X3N,✅ Downloaded from PDB,KIBA
Q06187,6X3O,✅ Downloaded from PDB,KIBA
Q06187,6X3P,✅ Downloaded from PDB,KIBA
Q06187,6XE4,✅ Downloaded from PDB,KIBA
Q06187,6YYF,✅ Downloaded from PDB,KIBA
Q06187,6YYG,✅ Downloaded from PDB,KIBA
Q06187,6YYK,✅ Downloaded from PDB,KIBA
Q06187,7KXL,✅ Downloaded from PDB,KIBA
Q06187,7KXM,✅ Downloaded from PDB,KIBA
Q06187,7KXN,✅ Downloaded from PDB,KIBA
Q06187,7KXO,✅ Downloaded from PDB,KIBA
Q06187,7KXP,✅ Downloaded from PDB,KIBA
Q06187,7KXQ,✅ Downloaded from PDB,KIBA
Q06187,7L5O,✅ Downloaded from PDB,KIBA
Q06187,7L5P,✅ Downloaded from PDB,KIBA
Q06187,7LTY,✅ Downloaded from PDB,KIBA
Q06187,7LTZ,✅ Downloaded from PDB,KIBA
Q06187,7N4Q,✅ Downloaded from PDB,KIBA
Q06187,7N4R,✅ Downloaded from PDB,KIBA
Q06187,7N4S,✅ Downloaded from PDB,KIBA
Q06187,7N5O,✅ Downloaded from PDB,KIBA
Q06187,7N5R,✅ Downloaded from PDB,KIBA
Q06187,7N5X,✅ Downloaded from PDB,KIBA
Q06187,7N5Y,✅ Downloaded from PDB,KIBA
Q06187,7R60,✅ Downloaded from PDB,KIBA
Q06187,7R61,✅ Downloaded from PDB,KIBA
Q06187,7YC9,✅ Downloaded from PDB,KIBA
Q06187,8DSO,✅ Downloaded from PDB,KIBA
Q06187,8E2M,✅ Downloaded from PDB,KIBA
Q06187,8EJB,✅ Downloaded from PDB,KIBA
Q06187,8FLG,✅ Downloaded from PDB,KIBA
Q06187,8FLH,✅ Downloaded from PDB,KIBA
Q06187,8FLL,✅ Downloaded from PDB,KIBA
Q06187,8FLN,✅ Downloaded from PDB,KIBA
Q06187,8FLV,✅ Downloaded from PDB,KIBA
Q06187,8GC7,✅ Downloaded from PDB,KIBA
Q06187,8GC8,✅ Downloaded from PDB,KIBA
Q06187,8TU3,✅ Downloaded from PDB,KIBA
Q06187,8TU4,✅ Downloaded from PDB,KIBA
Q06187,8TU5,✅ Downloaded from PDB,KIBA
Q06187,8U2D,✅ Downloaded from PDB,KIBA
Q06187,8U2E,✅ Downloaded from PDB,KIBA
Q06187,8YVV,✅ Downloaded from PDB,KIBA
Q06418,1RHF,✅ Downloaded from PDB,KIBA
Q07912,1CF4,✅ Downloaded from PDB,KIBA
Q07912,1U46,✅ Downloaded from PDB,KIBA
Q07912,1U4D,✅ Downloaded from PDB,KIBA
Q07912,1U54,✅ Downloaded from PDB,KIBA
Q07912,3EQP,✅ Downloaded from PDB,KIBA
Q07912,3EQR,✅ Downloaded from PDB,KIBA
Q07912,4EWH,✅ Downloaded from PDB,KIBA
Q07912,4HZR,✅ Downloaded from PDB,KIBA
Q07912,4HZS,✅ Downloaded from PDB,KIBA
Q07912,4ID7,✅ Downloaded from PDB,KIBA
Q07912,5ZXB,✅ Downloaded from PDB,KIBA
Q07912,6VQM,✅ Downloaded from PDB,KIBA
Q07912,7KP6,✅ Downloaded from PDB,KIBA
Q07912,8FE9,✅ Downloaded from PDB,KIBA
Q07912,8FZ3,✅ Downloaded from PDB,KIBA
Q07912,8HMT,✅ Downloaded from PDB,KIBA
Q07912,8Q5P,✅ Downloaded from PDB,KIBA
Q07912,8THA,✅ Downloaded from PDB,KIBA
Q08881,1SM2,✅ Downloaded from PDB,KIBA
Q08881,1SNU,✅ Downloaded from PDB,KIBA
Q08881,1SNX,✅ Downloaded from PDB,KIBA
Q08881,2E6I,✅ Downloaded from PDB,KIBA
Q08881,2LMJ,✅ Downloaded from PDB,KIBA
Q08881,2YUQ,✅ Downloaded from PDB,KIBA
Q08881,3MIY,✅ Downloaded from PDB,KIBA
Q08881,3MJ1,✅ Downloaded from PDB,KIBA
Q08881,3MJ2,"⚠️ PDB Exception: HTTPSConnectionPool(host='files.rcsb.org', port=443): Read timed out. (read timeout=10)",KIBA
Q08881,3QGW,✅ Downloaded from PDB,KIBA
Q08881,3QGY,✅ Downloaded from PDB,KIBA
Q08881,3T9T,✅ Downloaded from PDB,KIBA
Q08881,3V5J,✅ Downloaded from PDB,KIBA
Q08881,3V5L,✅ Downloaded from PDB,KIBA
Q08881,3V8T,✅ Downloaded from PDB,KIBA
Q08881,3V8W,✅ Downloaded from PDB,KIBA
Q08881,4HCT,✅ Downloaded from PDB,KIBA
Q08881,4HCU,✅ Downloaded from PDB,KIBA
Q08881,4HCV,✅ Downloaded from PDB,KIBA
Q08881,4KIO,✅ Downloaded from PDB,KIBA
Q08881,4L7S,✅ Downloaded from PDB,KIBA
Q08881,4M0Y,✅ Downloaded from PDB,KIBA
Q08881,4M0Z,✅ Downloaded from PDB,KIBA
Q08881,4M12,✅ Downloaded from PDB,KIBA
Q08881,4M13,✅ Downloaded from PDB,KIBA
Q08881,4M14,✅ Downloaded from PDB,KIBA
Q08881,4M15,✅ Downloaded from PDB,KIBA
Q08881,4MF0,✅ Downloaded from PDB,KIBA
Q08881,4MF1,✅ Downloaded from PDB,KIBA
Q08881,4PP9,✅ Downloaded from PDB,KIBA
Q08881,4PPA,✅ Downloaded from PDB,KIBA
Q08881,4PPB,✅ Downloaded from PDB,KIBA
Q08881,4PPC,✅ Downloaded from PDB,KIBA
Q08881,4PQN,✅ Downloaded from PDB,KIBA
Q08881,4QD6,"⚠️ PDB Exception: HTTPSConnectionPool(host='files.rcsb.org', port=443): Read timed out. (read timeout=10)",KIBA
Q08881,4RFM,✅ Downloaded from PDB,KIBA
Q12851,AF-Q12851-F1,✅ Downloaded from AlphaFold,KIBA
Q12866,2DBJ,✅ Downloaded from PDB,KIBA
Q12866,2P0C,✅ Downloaded from PDB,KIBA
Q12866,3BPR,✅ Downloaded from PDB,KIBA
Q12866,3BRB,✅ Downloaded from PDB,KIBA
Q12866,3TCP,✅ Downloaded from PDB,KIBA
Q12866,4M3Q,"⚠️ PDB Exception: HTTPSConnectionPool(host='files.rcsb.org', port=443): Read timed out. (read timeout=10)",KIBA
Q12866,4MH7,✅ Downloaded from PDB,KIBA
Q12866,4MHA,✅ Downloaded from PDB,KIBA
Q12866,5K0K,✅ Downloaded from PDB,KIBA
Q12866,5K0X,✅ Downloaded from PDB,KIBA
Q12866,5TC0,✅ Downloaded from PDB,KIBA
Q12866,5TD2,✅ Downloaded from PDB,KIBA
Q12866,5U6C,✅ Downloaded from PDB,KIBA
Q12866,6MEP,✅ Downloaded from PDB,KIBA
Q12866,7AAX,✅ Downloaded from PDB,KIBA
Q12866,7AAY,✅ Downloaded from PDB,KIBA
Q12866,7AAZ,✅ Downloaded from PDB,KIBA
Q12866,7AB0,✅ Downloaded from PDB,KIBA
Q12866,7AB1,✅ Downloaded from PDB,KIBA
Q12866,7AB2,✅ Downloaded from PDB,KIBA
Q12866,7AVX,✅ Downloaded from PDB,KIBA
Q12866,7AVY,✅ Downloaded from PDB,KIBA
Q12866,7AVZ,✅ Downloaded from PDB,KIBA
Q12866,7AW0,✅ Downloaded from PDB,KIBA
Q12866,7AW1,✅ Downloaded from PDB,KIBA
Q12866,7AW2,✅ Downloaded from PDB,KIBA
Q12866,7AW3,✅ Downloaded from PDB,KIBA
Q12866,7AW4,✅ Downloaded from PDB,KIBA
Q12866,7CQE,✅ Downloaded from PDB,KIBA
Q12866,7DXL,✅ Downloaded from PDB,KIBA
Q12866,7M5Z,✅ Downloaded from PDB,KIBA
Q12866,7OAM,✅ Downloaded from PDB,KIBA
Q12866,7OLS,✅ Downloaded from PDB,KIBA
Q12866,7OLV,✅ Downloaded from PDB,KIBA
Q12866,7OLX,✅ Downloaded from PDB,KIBA
Q12866,7XHY,✅ Downloaded from PDB,KIBA
Q12866,9BHI,❌ PDB Download failed,KIBA
Q12866,9BHJ,❌ PDB Download failed,KIBA
Q12866,9BHK,❌ PDB Download failed,KIBA
Q13131,4RED,✅ Downloaded from PDB,KIBA
Q13131,4RER,✅ Downloaded from PDB,KIBA
Q13131,4REW,✅ Downloaded from PDB,KIBA
Q13131,5EZV,✅ Downloaded from PDB,KIBA
Q13131,6C9F,✅ Downloaded from PDB,KIBA
Q13131,6C9G,✅ Downloaded from PDB,KIBA
Q13131,6C9H,✅ Downloaded from PDB,KIBA
Q13131,6C9J,✅ Downloaded from PDB,KIBA
Q13131,7JHG,✅ Downloaded from PDB,KIBA
Q13131,7JHH,✅ Downloaded from PDB,KIBA
Q13131,7JIJ,✅ Downloaded from PDB,KIBA
Q13131,7M74,✅ Downloaded from PDB,KIBA
Q13153,1F3M,✅ Downloaded from PDB,KIBA
Q13153,1YHV,✅ Downloaded from PDB,KIBA
Q13153,1YHW,✅ Downloaded from PDB,KIBA
Q13153,1ZSG,✅ Downloaded from PDB,KIBA
Q13153,2HY8,✅ Downloaded from PDB,KIBA
Q13153,2QME,✅ Downloaded from PDB,KIBA
Q13153,3DVP,✅ Downloaded from PDB,KIBA
Q13153,3FXZ,✅ Downloaded from PDB,KIBA
Q13153,3FY0,✅ Downloaded from PDB,KIBA
Q13153,3Q4Z,✅ Downloaded from PDB,KIBA
Q13153,3Q52,✅ Downloaded from PDB,KIBA
Q13153,3Q53,✅ Downloaded from PDB,KIBA
Q13153,4DAW,✅ Downloaded from PDB,KIBA
Q13153,4EQC,"⚠️ PDB Exception: HTTPSConnectionPool(host='files.rcsb.org', port=443): Max retries exceeded with url: /download/4EQC.pdb (Caused by SSLError(SSLEOFError(8, '[SSL: UNEXPECTED_EOF_WHILE_READING] EOF occurred in violation of protocol (_ssl.c:1006)')))",KIBA
Q13153,4O0R,✅ Downloaded from PDB,KIBA
Q13153,4O0T,✅ Downloaded from PDB,KIBA
Q13153,4P90,✅ Downloaded from PDB,KIBA
Q13153,4ZJI,✅ Downloaded from PDB,KIBA
Q13153,4ZJJ,"⚠️ PDB Exception: HTTPSConnectionPool(host='files.rcsb.org', port=443): Read timed out. (read timeout=10)",KIBA
Q13153,4ZLO,✅ Downloaded from PDB,KIBA
Q13153,4ZY4,✅ Downloaded from PDB,KIBA
Q13153,4ZY5,✅ Downloaded from PDB,KIBA
Q13153,4ZY6,✅ Downloaded from PDB,KIBA
Q13153,5DEW,✅ Downloaded from PDB,KIBA
Q13153,5DEY,✅ Downloaded from PDB,KIBA
Q13153,5DFP,✅ Downloaded from PDB,KIBA
Q13153,5IME,✅ Downloaded from PDB,KIBA
Q13153,5KBQ,✅ Downloaded from PDB,KIBA
Q13153,5KBR,✅ Downloaded from PDB,KIBA
Q13153,6B16,✅ Downloaded from PDB,KIBA
Q13153,7VTO,✅ Downloaded from PDB,KIBA
Q13153,8X5Z,✅ Downloaded from PDB,KIBA
Q13177,3PCS,"⚠️ PDB Exception: HTTPSConnectionPool(host='files.rcsb.org', port=443): Read timed out. (read timeout=10)",KIBA
Q13188,3WWS,✅ Downloaded from PDB,KIBA
Q13188,4HKD,✅ Downloaded from PDB,KIBA
Q13188,4L0N,"⚠️ PDB Exception: HTTPSConnectionPool(host='files.rcsb.org', port=443): Read timed out. (read timeout=10)",KIBA
Q13188,4LG4,✅ Downloaded from PDB,KIBA
Q13188,4LGD,✅ Downloaded from PDB,KIBA
Q13188,4OH9,✅ Downloaded from PDB,KIBA
Q13188,5BRM,✅ Downloaded from PDB,KIBA
Q13188,5DH3,✅ Downloaded from PDB,KIBA
Q13188,6AO5,✅ Downloaded from PDB,KIBA
Q13188,6AR2,✅ Downloaded from PDB,KIBA
Q13188,8A66,✅ Downloaded from PDB,KIBA
Q13237,5BV6,✅ Downloaded from PDB,KIBA
Q13237,5C6C,✅ Downloaded from PDB,KIBA
Q13237,5C8W,✅ Downloaded from PDB,KIBA
Q13237,5JIX,✅ Downloaded from PDB,KIBA
Q13237,5JIZ,✅ Downloaded from PDB,KIBA
Q13237,6BQ8,✅ Downloaded from PDB,KIBA
Q13464,1S1C,✅ Downloaded from PDB,KIBA
Q13464,2ESM,✅ Downloaded from PDB,KIBA
Q13464,2ETK,✅ Downloaded from PDB,KIBA
Q13464,2ETR,✅ Downloaded from PDB,KIBA
Q13464,2V55,✅ Downloaded from PDB,KIBA
Q13464,3D9V,✅ Downloaded from PDB,KIBA
Q13464,3NCZ,✅ Downloaded from PDB,KIBA
Q13464,3NDM,✅ Downloaded from PDB,KIBA
Q13464,3O0Z,✅ Downloaded from PDB,KIBA
Q13464,3TV7,✅ Downloaded from PDB,KIBA
Q13464,3TWJ,✅ Downloaded from PDB,KIBA
Q13464,3V8S,✅ Downloaded from PDB,KIBA
Q13464,4L2W,✅ Downloaded from PDB,KIBA
Q13464,4W7P,✅ Downloaded from PDB,KIBA
Q13464,4YVC,✅ Downloaded from PDB,KIBA
Q13464,4YVE,✅ Downloaded from PDB,KIBA
Q13464,5BML,✅ Downloaded from PDB,KIBA
Q13464,5F5P,✅ Downloaded from PDB,KIBA
Q13464,5HVU,✅ Downloaded from PDB,KIBA
Q13464,5KKS,✅ Downloaded from PDB,KIBA
Q13464,5KKT,✅ Downloaded from PDB,KIBA
Q13464,5UZJ,✅ Downloaded from PDB,KIBA
Q13464,5WNE,✅ Downloaded from PDB,KIBA
Q13464,5WNF,✅ Downloaded from PDB,KIBA
Q13464,5WNG,✅ Downloaded from PDB,KIBA
Q13464,5WNH,✅ Downloaded from PDB,KIBA
Q13464,6E9W,"⚠️ PDB Exception: HTTPSConnectionPool(host='files.rcsb.org', port=443): Read timed out. (read timeout=10)",KIBA
Q13464,7JOU,✅ Downloaded from PDB,KIBA
Q13464,7S25,✅ Downloaded from PDB,KIBA
Q13464,7S26,✅ Downloaded from PDB,KIBA
Q13464,8P0S,✅ Downloaded from PDB,KIBA
Q13464,8ZH5,✅ Downloaded from PDB,KIBA
Q13554,3BHH,✅ Downloaded from PDB,KIBA
Q13554,7URW,✅ Downloaded from PDB,KIBA
Q13554,7URY,✅ Downloaded from PDB,KIBA
Q13554,7URZ,✅ Downloaded from PDB,KIBA
Q13555,2UX0,✅ Downloaded from PDB,KIBA
Q13555,2V7O,✅ Downloaded from PDB,KIBA
Q13557,2VN9,✅ Downloaded from PDB,KIBA
Q13557,2W2C,"⚠️ PDB Exception: HTTPSConnectionPool(host='files.rcsb.org', port=443): Read timed out. (read timeout=10)",KIBA
Q13557,2WEL,✅ Downloaded from PDB,KIBA
Q13557,3GP2,"⚠️ PDB Exception: HTTPSConnectionPool(host='files.rcsb.org', port=443): Read timed out. (read timeout=10)",KIBA
Q13557,5VLO,"⚠️ PDB Exception: HTTPSConnectionPool(host='files.rcsb.org', port=443): Read timed out. (read timeout=10)",KIBA
Q13557,6AYW,✅ Downloaded from PDB,KIBA
Q13557,7ZRP,✅ Downloaded from PDB,KIBA
Q13557,7ZRQ,✅ Downloaded from PDB,KIBA
Q13627,2VX3,✅ Downloaded from PDB,KIBA
Q13627,2WO6,✅ Downloaded from PDB,KIBA
Q13627,3ANQ,✅ Downloaded from PDB,KIBA
Q13627,3ANR,"⚠️ PDB Exception: HTTPSConnectionPool(host='files.rcsb.org', port=443): Read timed out. (read timeout=10)",KIBA
Q13627,4AZE,✅ Downloaded from PDB,KIBA
Q13627,4MQ1,✅ Downloaded from PDB,KIBA
Q13627,4MQ2,✅ Downloaded from PDB,KIBA
Q13627,4NCT,✅ Downloaded from PDB,KIBA
Q13627,4YLJ,✅ Downloaded from PDB,KIBA
Q13627,4YLK,✅ Downloaded from PDB,KIBA
Q13627,4YLL,✅ Downloaded from PDB,KIBA
Q13627,4YU2,✅ Downloaded from PDB,KIBA
Q13627,5A3X,✅ Downloaded from PDB,KIBA
Q13627,5A4E,✅ Downloaded from PDB,KIBA
Q13627,5A4L,✅ Downloaded from PDB,KIBA
Q13627,5A4Q,✅ Downloaded from PDB,KIBA
Q13627,5A4T,✅ Downloaded from PDB,KIBA
Q13627,5A54,✅ Downloaded from PDB,KIBA
Q13627,5AIK,✅ Downloaded from PDB,KIBA
Q13627,6A1F,✅ Downloaded from PDB,KIBA
Q13627,6A1G,✅ Downloaded from PDB,KIBA
Q13627,6EIF,✅ Downloaded from PDB,KIBA
Q13627,6EIJ,"⚠️ PDB Exception: HTTPSConnectionPool(host='files.rcsb.org', port=443): Read timed out. (read timeout=10)",KIBA
Q13627,6EIL,✅ Downloaded from PDB,KIBA
Q13627,6EIP,✅ Downloaded from PDB,KIBA
Q13627,6EIQ,✅ Downloaded from PDB,KIBA
Q13627,6EIR,✅ Downloaded from PDB,KIBA
Q13627,6EIS,✅ Downloaded from PDB,KIBA
Q13627,6EIV,✅ Downloaded from PDB,KIBA
Q13627,6EJ4,✅ Downloaded from PDB,KIBA
Q13627,6LN1,✅ Downloaded from PDB,KIBA
Q13627,6QU2,✅ Downloaded from PDB,KIBA
Q13627,6S11,✅ Downloaded from PDB,KIBA
Q13627,6S14,✅ Downloaded from PDB,KIBA
Q13627,6S17,✅ Downloaded from PDB,KIBA
Q13627,6S1B,✅ Downloaded from PDB,KIBA
Q13627,6S1H,✅ Downloaded from PDB,KIBA
Q13627,6S1I,"⚠️ PDB Exception: HTTPSConnectionPool(host='files.rcsb.org', port=443): Read timed out. (read timeout=10)",KIBA
Q13627,6S1J,✅ Downloaded from PDB,KIBA
Q13627,6T6A,✅ Downloaded from PDB,KIBA
Q13627,6UIP,✅ Downloaded from PDB,KIBA
Q13627,6UWY,"⚠️ PDB Exception: HTTPSConnectionPool(host='files.rcsb.org', port=443): Read timed out. (read timeout=10)",KIBA
Q13627,6YF8,✅ Downloaded from PDB,KIBA
Q13627,7A4O,✅ Downloaded from PDB,KIBA
Q13627,7A4R,✅ Downloaded from PDB,KIBA
Q13627,7A4S,"⚠️ PDB Exception: HTTPSConnectionPool(host='files.rcsb.org', port=443): Read timed out. (read timeout=10)",KIBA
Q13627,7A4W,✅ Downloaded from PDB,KIBA
Q13627,7A4Z,✅ Downloaded from PDB,KIBA
Q13627,7A51,✅ Downloaded from PDB,KIBA
Q13627,7A52,✅ Downloaded from PDB,KIBA
Q13627,7A53,✅ Downloaded from PDB,KIBA
Q13627,7A55,✅ Downloaded from PDB,KIBA
Q13627,7A5B,✅ Downloaded from PDB,KIBA
Q13627,7A5D,✅ Downloaded from PDB,KIBA
Q13627,7A5L,✅ Downloaded from PDB,KIBA
Q13627,7A5N,✅ Downloaded from PDB,KIBA
Q13627,7AJ2,✅ Downloaded from PDB,KIBA
Q13627,7AJ4,"⚠️ PDB Exception: HTTPSConnectionPool(host='files.rcsb.org', port=443): Read timed out. (read timeout=10)",KIBA
Q13627,7AJ5,✅ Downloaded from PDB,KIBA
Q13627,7AJ7,✅ Downloaded from PDB,KIBA
Q13627,7AJ8,✅ Downloaded from PDB,KIBA
Q13627,7AJA,✅ Downloaded from PDB,KIBA
Q13627,7AJM,✅ Downloaded from PDB,KIBA
Q13627,7AJS,✅ Downloaded from PDB,KIBA
Q13627,7AJV,✅ Downloaded from PDB,KIBA
Q13627,7AJW,✅ Downloaded from PDB,KIBA
Q13627,7AJY,✅ Downloaded from PDB,KIBA
Q13627,7AK2,✅ Downloaded from PDB,KIBA
Q13627,7AKA,✅ Downloaded from PDB,KIBA
Q13627,7AKB,✅ Downloaded from PDB,KIBA
Q13627,7AKE,✅ Downloaded from PDB,KIBA
Q13627,7AKL,"⚠️ PDB Exception: HTTPSConnectionPool(host='files.rcsb.org', port=443): Read timed out. (read timeout=10)",KIBA
Q13627,7FHS,✅ Downloaded from PDB,KIBA
Q13627,7FHT,✅ Downloaded from PDB,KIBA
Q13627,7O7K,✅ Downloaded from PDB,KIBA
Q13627,7OY6,✅ Downloaded from PDB,KIBA
Q13627,7Z5N,✅ Downloaded from PDB,KIBA
Q13627,7ZH8,✅ Downloaded from PDB,KIBA
Q13627,8C3G,✅ Downloaded from PDB,KIBA
Q13627,8C3Q,✅ Downloaded from PDB,KIBA
Q13627,8C3R,✅ Downloaded from PDB,KIBA
Q13627,8R8E,✅ Downloaded from PDB,KIBA
Q13627,8T2H,✅ Downloaded from PDB,KIBA
Q13882,1RJA,✅ Downloaded from PDB,KIBA
Q13882,2KGT,✅ Downloaded from PDB,KIBA
Q13882,5D7V,✅ Downloaded from PDB,KIBA
Q13882,5DA3,✅ Downloaded from PDB,KIBA
Q13882,5H2U,✅ Downloaded from PDB,KIBA
Q13882,6CZ2,"⚠️ PDB Exception: HTTPSConnectionPool(host='files.rcsb.org', port=443): Read timed out. (read timeout=10)",KIBA
Q13882,6CZ3,✅ Downloaded from PDB,KIBA
Q13882,6CZ4,✅ Downloaded from PDB,KIBA
Q13976,1ZXA,✅ Downloaded from PDB,KIBA
Q13976,3NMD,✅ Downloaded from PDB,KIBA
Q13976,3OCP,✅ Downloaded from PDB,KIBA
Q13976,3OD0,✅ Downloaded from PDB,KIBA
Q13976,3OGJ,✅ Downloaded from PDB,KIBA
Q13976,4KU7,✅ Downloaded from PDB,KIBA
Q13976,4KU8,✅ Downloaded from PDB,KIBA
Q13976,4QX5,✅ Downloaded from PDB,KIBA
Q13976,4QXK,✅ Downloaded from PDB,KIBA
Q13976,4R4L,✅ Downloaded from PDB,KIBA
Q13976,4R4M,"⚠️ PDB Exception: HTTPSConnectionPool(host='files.rcsb.org', port=443): Read timed out. (read timeout=10)",KIBA
Q13976,4Z07,✅ Downloaded from PDB,KIBA
Q13976,5J48,✅ Downloaded from PDB,KIBA
Q13976,5JAX,✅ Downloaded from PDB,KIBA
Q13976,5JD7,✅ Downloaded from PDB,KIBA
Q13976,5L0N,✅ Downloaded from PDB,KIBA
Q13976,6BDL,✅ Downloaded from PDB,KIBA
Q13976,6BG2,✅ Downloaded from PDB,KIBA
Q13976,6C0T,✅ Downloaded from PDB,KIBA
Q13976,7LV3,✅ Downloaded from PDB,KIBA
Q13976,7MBJ,✅ Downloaded from PDB,KIBA
Q13976,7SSB,✅ Downloaded from PDB,KIBA
Q13976,7T4T,✅ Downloaded from PDB,KIBA
Q13976,7T4U,✅ Downloaded from PDB,KIBA
Q13976,7T4V,✅ Downloaded from PDB,KIBA
Q13976,7T4W,✅ Downloaded from PDB,KIBA
Q14012,4FG7,✅ Downloaded from PDB,KIBA
Q14012,4FG8,✅ Downloaded from PDB,KIBA
Q14012,4FG9,✅ Downloaded from PDB,KIBA
Q14012,4FGB,✅ Downloaded from PDB,KIBA
Q14164,AF-Q14164-F1,✅ Downloaded from AlphaFold,KIBA
Q14289,2LK4,✅ Downloaded from PDB,KIBA
Q14289,3CC6,✅ Downloaded from PDB,KIBA
Q14289,3ET7,✅ Downloaded from PDB,KIBA
Q14289,3FZO,✅ Downloaded from PDB,KIBA
Q14289,3FZP,✅ Downloaded from PDB,KIBA
Q14289,3FZR,✅ Downloaded from PDB,KIBA
Q14289,3FZS,✅ Downloaded from PDB,KIBA
Q14289,3FZT,✅ Downloaded from PDB,KIBA
Q14289,3GM1,✅ Downloaded from PDB,KIBA
Q14289,3GM2,✅ Downloaded from PDB,KIBA
Q14289,3GM3,✅ Downloaded from PDB,KIBA
Q14289,3H3C,✅ Downloaded from PDB,KIBA
Q14289,3U3F,✅ Downloaded from PDB,KIBA
Q14289,4EKU,✅ Downloaded from PDB,KIBA
Q14289,4H1J,✅ Downloaded from PDB,KIBA
Q14289,4H1M,✅ Downloaded from PDB,KIBA
Q14289,4R32,✅ Downloaded from PDB,KIBA
Q14289,4XEF,✅ Downloaded from PDB,KIBA
Q14289,4XEK,✅ Downloaded from PDB,KIBA
Q14289,4XEV,✅ Downloaded from PDB,KIBA
Q14289,5TO8,✅ Downloaded from PDB,KIBA
Q14289,5TOB,✅ Downloaded from PDB,KIBA
Q14289,6LF3,✅ Downloaded from PDB,KIBA
Q14289,7PLL,✅ Downloaded from PDB,KIBA
Q14289,8XOX,✅ Downloaded from PDB,KIBA
Q14289,8YGX,✅ Downloaded from PDB,KIBA
Q14680,4BKY,✅ Downloaded from PDB,KIBA
Q14680,4BKZ,✅ Downloaded from PDB,KIBA
Q14680,4BL1,✅ Downloaded from PDB,KIBA
Q14680,4D2P,✅ Downloaded from PDB,KIBA
Q14680,4D2T,✅ Downloaded from PDB,KIBA
Q14680,4D2V,✅ Downloaded from PDB,KIBA
Q14680,4D2W,✅ Downloaded from PDB,KIBA
Q14680,4IXP,✅ Downloaded from PDB,KIBA
Q14680,4UMP,✅ Downloaded from PDB,KIBA
Q14680,4UMQ,✅ Downloaded from PDB,KIBA
Q14680,4UMR,✅ Downloaded from PDB,KIBA
Q14680,4UMT,✅ Downloaded from PDB,KIBA
Q14680,4UMU,✅ Downloaded from PDB,KIBA
Q14680,5IH8,✅ Downloaded from PDB,KIBA
Q14680,5IH9,"⚠️ PDB Exception: HTTPSConnectionPool(host='files.rcsb.org', port=443): Read timed out. (read timeout=10)",KIBA
Q14680,5IHA,✅ Downloaded from PDB,KIBA
Q14680,5IHC,"⚠️ PDB Exception: HTTPSConnectionPool(host='files.rcsb.org', port=443): Read timed out. (read timeout=10)",KIBA
Q14680,5K00,"⚠️ PDB Exception: HTTPSConnectionPool(host='files.rcsb.org', port=443): Read timed out. (read timeout=10)",KIBA
Q14680,5M5A,✅ Downloaded from PDB,KIBA
Q14680,5MAF,✅ Downloaded from PDB,KIBA
Q14680,5MAG,✅ Downloaded from PDB,KIBA
Q14680,5MAH,✅ Downloaded from PDB,KIBA
Q14680,5MAI,"⚠️ PDB Exception: HTTPSConnectionPool(host='files.rcsb.org', port=443): Read timed out. (read timeout=10)",KIBA
Q14680,5TVT,✅ Downloaded from PDB,KIBA
Q14680,5TWL,✅ Downloaded from PDB,KIBA
Q14680,5TWU,✅ Downloaded from PDB,KIBA
Q14680,5TWY,✅ Downloaded from PDB,KIBA
Q14680,5TWZ,✅ Downloaded from PDB,KIBA
Q14680,5TX3,✅ Downloaded from PDB,KIBA
Q14680,6GVX,✅ Downloaded from PDB,KIBA
Q14680,6VXR,✅ Downloaded from PDB,KIBA
Q15078,1H4L,✅ Downloaded from PDB,KIBA
Q15078,1UNG,✅ Downloaded from PDB,KIBA
Q15078,1UNH,✅ Downloaded from PDB,KIBA
Q15078,1UNL,✅ Downloaded from PDB,KIBA
Q15078,3O0G,✅ Downloaded from PDB,KIBA
Q15078,6LDP,✅ Downloaded from PDB,KIBA
Q15078,7CNG,✅ Downloaded from PDB,KIBA
Q15078,7VDP,✅ Downloaded from PDB,KIBA
Q15078,7VDQ,✅ Downloaded from PDB,KIBA
Q15078,7VDR,✅ Downloaded from PDB,KIBA
Q15078,7VDS,✅ Downloaded from PDB,KIBA
Q15118,2Q8F,✅ Downloaded from PDB,KIBA
Q15118,2Q8G,✅ Downloaded from PDB,KIBA
Q15118,2Q8H,✅ Downloaded from PDB,KIBA
Q15303,2AHX,✅ Downloaded from PDB,KIBA
Q15303,2L2T,✅ Downloaded from PDB,KIBA
Q15303,2LCX,✅ Downloaded from PDB,KIBA
Q15303,2R4B,✅ Downloaded from PDB,KIBA
Q15303,3BBT,✅ Downloaded from PDB,KIBA
Q15303,3BBW,✅ Downloaded from PDB,KIBA
Q15303,3BCE,✅ Downloaded from PDB,KIBA
Q15303,3U2P,✅ Downloaded from PDB,KIBA
Q15303,3U7U,✅ Downloaded from PDB,KIBA
Q15303,3U9U,✅ Downloaded from PDB,KIBA
Q15303,8U4I,✅ Downloaded from PDB,KIBA
Q15303,8U4J,✅ Downloaded from PDB,KIBA
Q15303,8U4K,✅ Downloaded from PDB,KIBA
Q15303,8U4L,✅ Downloaded from PDB,KIBA
Q15418,2WNT,✅ Downloaded from PDB,KIBA
Q15418,2Z7Q,✅ Downloaded from PDB,KIBA
Q15418,2Z7R,✅ Downloaded from PDB,KIBA
Q15418,2Z7S,✅ Downloaded from PDB,KIBA
Q15418,3RNY,✅ Downloaded from PDB,KIBA
Q15418,3TEI,✅ Downloaded from PDB,KIBA
Q15418,4H3P,✅ Downloaded from PDB,KIBA
Q15418,4NIF,✅ Downloaded from PDB,KIBA
Q15418,5CSF,✅ Downloaded from PDB,KIBA
Q15418,5CSI,✅ Downloaded from PDB,KIBA
Q15418,5CSJ,✅ Downloaded from PDB,KIBA
Q15418,5CSN,✅ Downloaded from PDB,KIBA
Q15418,5N7D,✅ Downloaded from PDB,KIBA
Q15418,5N7F,✅ Downloaded from PDB,KIBA
Q15418,5N7G,✅ Downloaded from PDB,KIBA
Q15418,5V61,✅ Downloaded from PDB,KIBA
Q15418,5V62,✅ Downloaded from PDB,KIBA
Q15418,6TWY,✅ Downloaded from PDB,KIBA
Q15418,7P74,✅ Downloaded from PDB,KIBA
Q15418,7PC8,✅ Downloaded from PDB,KIBA
Q15418,7QQL,✅ Downloaded from PDB,KIBA
Q15418,8WF4,✅ Downloaded from PDB,KIBA
Q15418,8XOV,✅ Downloaded from PDB,KIBA
Q15759,3GC8,✅ Downloaded from PDB,KIBA
Q15759,3GC9,✅ Downloaded from PDB,KIBA
Q15759,3GP0,✅ Downloaded from PDB,KIBA
Q15759,8YGW,✅ Downloaded from PDB,KIBA
Q16288,1WWC,✅ Downloaded from PDB,KIBA
Q16288,3V5Q,✅ Downloaded from PDB,KIBA
Q16288,4YMJ,✅ Downloaded from PDB,KIBA
Q16288,6KZC,✅ Downloaded from PDB,KIBA
Q16288,6KZD,✅ Downloaded from PDB,KIBA
Q16512,1CXZ,✅ Downloaded from PDB,KIBA
Q16512,1URF,✅ Downloaded from PDB,KIBA
Q16512,2RMK,✅ Downloaded from PDB,KIBA
Q16512,4NKG,✅ Downloaded from PDB,KIBA
Q16512,4OTD,✅ Downloaded from PDB,KIBA
Q16512,4OTG,✅ Downloaded from PDB,KIBA
Q16512,4OTH,✅ Downloaded from PDB,KIBA
Q16512,4OTI,✅ Downloaded from PDB,KIBA
Q16513,4CRS,✅ Downloaded from PDB,KIBA
Q16513,4RRV,✅ Downloaded from PDB,KIBA
Q16513,6CCY,✅ Downloaded from PDB,KIBA
Q16513,6GBE,✅ Downloaded from PDB,KIBA
Q16539,1A9U,✅ Downloaded from PDB,KIBA
Q16539,1BL6,✅ Downloaded from PDB,KIBA
Q16539,1BL7,✅ Downloaded from PDB,KIBA
Q16539,1BMK,✅ Downloaded from PDB,KIBA
Q16539,1DI9,✅ Downloaded from PDB,KIBA
Q16539,1IAN,✅ Downloaded from PDB,KIBA
Q16539,1KV1,✅ Downloaded from PDB,KIBA
Q16539,1KV2,✅ Downloaded from PDB,KIBA
Q16539,1M7Q,✅ Downloaded from PDB,KIBA
Q16539,1OUK,✅ Downloaded from PDB,KIBA
Q16539,1OUY,✅ Downloaded from PDB,KIBA
Q16539,1OVE,✅ Downloaded from PDB,KIBA
Q16539,1OZ1,✅ Downloaded from PDB,KIBA
Q16539,1R39,✅ Downloaded from PDB,KIBA
Q16539,1R3C,✅ Downloaded from PDB,KIBA
Q16539,1W7H,✅ Downloaded from PDB,KIBA
Q16539,1W82,✅ Downloaded from PDB,KIBA
Q16539,1W83,✅ Downloaded from PDB,KIBA
Q16539,1W84,✅ Downloaded from PDB,KIBA
Q16539,1WBN,✅ Downloaded from PDB,KIBA
Q16539,1WBO,✅ Downloaded from PDB,KIBA
Q16539,1WBS,✅ Downloaded from PDB,KIBA
Q16539,1WBT,✅ Downloaded from PDB,KIBA
Q16539,1WBV,✅ Downloaded from PDB,KIBA
Q16539,1WBW,✅ Downloaded from PDB,KIBA
Q16539,1WFC,✅ Downloaded from PDB,KIBA
Q16539,1YQJ,✅ Downloaded from PDB,KIBA
Q16539,1ZYJ,✅ Downloaded from PDB,KIBA
Q16539,1ZZ2,"⚠️ PDB Exception: HTTPSConnectionPool(host='files.rcsb.org', port=443): Max retries exceeded with url: /download/1ZZ2.pdb (Caused by SSLError(SSLEOFError(8, '[SSL: UNEXPECTED_EOF_WHILE_READING] EOF occurred in violation of protocol (_ssl.c:1006)')))",KIBA
Q16539,1ZZL,✅ Downloaded from PDB,KIBA
Q16539,2BAJ,✅ Downloaded from PDB,KIBA
Q16539,2BAK,✅ Downloaded from PDB,KIBA
Q16539,2BAL,✅ Downloaded from PDB,KIBA
Q16539,2BAQ,✅ Downloaded from PDB,KIBA
Q16539,2FSL,✅ Downloaded from PDB,KIBA
Q16539,2FSM,✅ Downloaded from PDB,KIBA
Q16539,2FSO,✅ Downloaded from PDB,KIBA
Q16539,2FST,✅ Downloaded from PDB,KIBA
Q16539,2GFS,✅ Downloaded from PDB,KIBA
Q16539,2I0H,✅ Downloaded from PDB,KIBA
Q16539,2LGC,✅ Downloaded from PDB,KIBA
Q16539,2NPQ,✅ Downloaded from PDB,KIBA
Q16539,2OKR,✅ Downloaded from PDB,KIBA
Q16539,2ONL,✅ Downloaded from PDB,KIBA
Q16539,2QD9,✅ Downloaded from PDB,KIBA
Q16539,2RG5,✅ Downloaded from PDB,KIBA
Q16539,2RG6,✅ Downloaded from PDB,KIBA
Q16539,2Y8O,✅ Downloaded from PDB,KIBA
Q16539,2YIS,✅ Downloaded from PDB,KIBA
Q16539,2YIW,✅ Downloaded from PDB,KIBA
Q16539,2YIX,✅ Downloaded from PDB,KIBA
Q16539,2ZAZ,✅ Downloaded from PDB,KIBA
Q16539,2ZB0,✅ Downloaded from PDB,KIBA
Q16539,2ZB1,✅ Downloaded from PDB,KIBA
Q16539,3BV2,✅ Downloaded from PDB,KIBA
Q16539,3BV3,✅ Downloaded from PDB,KIBA
Q16539,3BX5,✅ Downloaded from PDB,KIBA
Q16539,3C5U,✅ Downloaded from PDB,KIBA
Q16539,3CTQ,✅ Downloaded from PDB,KIBA
Q16539,3D7Z,✅ Downloaded from PDB,KIBA
Q16539,3D83,✅ Downloaded from PDB,KIBA
Q16539,3DS6,✅ Downloaded from PDB,KIBA
Q16539,3DT1,✅ Downloaded from PDB,KIBA
Q16539,3E92,✅ Downloaded from PDB,KIBA
Q16539,3E93,✅ Downloaded from PDB,KIBA
Q16539,3FC1,✅ Downloaded from PDB,KIBA
Q16539,3FI4,✅ Downloaded from PDB,KIBA
Q16539,3FKL,✅ Downloaded from PDB,KIBA
Q16539,3FKN,✅ Downloaded from PDB,KIBA
Q16539,3FKO,✅ Downloaded from PDB,KIBA
Q16539,3FL4,✅ Downloaded from PDB,KIBA
Q16539,3FLN,✅ Downloaded from PDB,KIBA
Q16539,3FLQ,✅ Downloaded from PDB,KIBA
Q16539,3FLS,✅ Downloaded from PDB,KIBA
Q16539,3FLW,✅ Downloaded from PDB,KIBA
Q16539,3FLY,✅ Downloaded from PDB,KIBA
Q16539,3FLZ,✅ Downloaded from PDB,KIBA
Q16539,3FMH,✅ Downloaded from PDB,KIBA
Q16539,3FMJ,✅ Downloaded from PDB,KIBA
Q16539,3FMK,✅ Downloaded from PDB,KIBA
Q16539,3FML,✅ Downloaded from PDB,KIBA
Q16539,3FMM,✅ Downloaded from PDB,KIBA
Q16539,3FMN,✅ Downloaded from PDB,KIBA
Q16539,3FSF,✅ Downloaded from PDB,KIBA
Q16539,3FSK,✅ Downloaded from PDB,KIBA
Q16539,3GC7,✅ Downloaded from PDB,KIBA
Q16539,3GCP,✅ Downloaded from PDB,KIBA
Q16539,3GCQ,✅ Downloaded from PDB,KIBA
Q16539,3GCS,✅ Downloaded from PDB,KIBA
Q16539,3GCU,✅ Downloaded from PDB,KIBA
Q16539,3GCV,✅ Downloaded from PDB,KIBA
Q16539,3GFE,✅ Downloaded from PDB,KIBA
Q16539,3GI3,✅ Downloaded from PDB,KIBA
Q16539,3HA8,✅ Downloaded from PDB,KIBA
Q16539,3HEC,✅ Downloaded from PDB,KIBA
Q16539,3HEG,✅ Downloaded from PDB,KIBA
Q16539,3HL7,✅ Downloaded from PDB,KIBA
Q16539,3HLL,✅ Downloaded from PDB,KIBA
Q16539,3HP2,✅ Downloaded from PDB,KIBA
Q16539,3HP5,✅ Downloaded from PDB,KIBA
Q16539,3HRB,✅ Downloaded from PDB,KIBA
Q16539,3HUB,✅ Downloaded from PDB,KIBA
Q16539,3HUC,✅ Downloaded from PDB,KIBA
Q16539,3HV3,✅ Downloaded from PDB,KIBA
Q16539,3HV4,✅ Downloaded from PDB,KIBA
Q16539,3HV5,✅ Downloaded from PDB,KIBA
Q16539,3HV6,✅ Downloaded from PDB,KIBA
Q16539,3HV7,✅ Downloaded from PDB,KIBA
Q16539,3HVC,✅ Downloaded from PDB,KIBA
Q16539,3IPH,✅ Downloaded from PDB,KIBA
Q16539,3ITZ,✅ Downloaded from PDB,KIBA
Q16539,3IW5,✅ Downloaded from PDB,KIBA
Q16539,3IW6,✅ Downloaded from PDB,KIBA
Q16539,3IW7,✅ Downloaded from PDB,KIBA
Q16539,3IW8,✅ Downloaded from PDB,KIBA
Q16539,3K3I,✅ Downloaded from PDB,KIBA
Q16539,3K3J,✅ Downloaded from PDB,KIBA
Q16539,3KF7,✅ Downloaded from PDB,KIBA
Q16539,3KQ7,✅ Downloaded from PDB,KIBA
Q16539,3L8S,✅ Downloaded from PDB,KIBA
Q16539,3L8X,✅ Downloaded from PDB,KIBA
Q16539,3LFA,✅ Downloaded from PDB,KIBA
Q16539,3LFB,✅ Downloaded from PDB,KIBA
Q16539,3LFC,✅ Downloaded from PDB,KIBA
Q16539,3LFD,✅ Downloaded from PDB,KIBA
Q16539,3LFE,✅ Downloaded from PDB,KIBA
Q16539,3LFF,✅ Downloaded from PDB,KIBA
Q16539,3LHJ,✅ Downloaded from PDB,KIBA
Q16539,3MGY,✅ Downloaded from PDB,KIBA
Q16539,3MH0,✅ Downloaded from PDB,KIBA
Q16539,3MH1,✅ Downloaded from PDB,KIBA
Q16539,3MH2,✅ Downloaded from PDB,KIBA
Q16539,3MH3,✅ Downloaded from PDB,KIBA
Q16539,3MPA,✅ Downloaded from PDB,KIBA
Q16539,3MPT,✅ Downloaded from PDB,KIBA
Q16539,3MVL,✅ Downloaded from PDB,KIBA
Q16539,3MVM,✅ Downloaded from PDB,KIBA
Q16539,3MW1,✅ Downloaded from PDB,KIBA
Q16539,3NEW,✅ Downloaded from PDB,KIBA
Q16539,3NNU,✅ Downloaded from PDB,KIBA
Q16539,3NNV,✅ Downloaded from PDB,KIBA
Q16539,3NNW,✅ Downloaded from PDB,KIBA
Q16539,3NNX,✅ Downloaded from PDB,KIBA
Q16539,3NWW,✅ Downloaded from PDB,KIBA
Q16539,3O8P,✅ Downloaded from PDB,KIBA
Q16539,3O8T,✅ Downloaded from PDB,KIBA
Q16539,3O8U,✅ Downloaded from PDB,KIBA
Q16539,3OBG,✅ Downloaded from PDB,KIBA
Q16539,3OBJ,"⚠️ PDB Exception: HTTPSConnectionPool(host='files.rcsb.org', port=443): Read timed out. (read timeout=10)",KIBA
Q16539,3OC1,✅ Downloaded from PDB,KIBA
Q16539,3OCG,✅ Downloaded from PDB,KIBA
Q16539,3OD6,"⚠️ PDB Exception: HTTPSConnectionPool(host='files.rcsb.org', port=443): Read timed out. (read timeout=10)",KIBA
Q16539,3ODY,✅ Downloaded from PDB,KIBA
Q16539,3ODZ,✅ Downloaded from PDB,KIBA
Q16539,3OEF,✅ Downloaded from PDB,KIBA
Q16539,3PG3,✅ Downloaded from PDB,KIBA
Q16539,3QUD,✅ Downloaded from PDB,KIBA
Q16539,3QUE,✅ Downloaded from PDB,KIBA
Q16539,3RIN,✅ Downloaded from PDB,KIBA
Q16539,3ROC,✅ Downloaded from PDB,KIBA
Q16539,3S3I,✅ Downloaded from PDB,KIBA
Q16539,3S4Q,✅ Downloaded from PDB,KIBA
Q16539,3U8W,✅ Downloaded from PDB,KIBA
Q16539,3UVP,✅ Downloaded from PDB,KIBA
Q16539,3UVQ,✅ Downloaded from PDB,KIBA
Q16539,3UVR,✅ Downloaded from PDB,KIBA
Q16539,3ZS5,✅ Downloaded from PDB,KIBA
Q16539,3ZSG,✅ Downloaded from PDB,KIBA
Q16539,3ZSH,✅ Downloaded from PDB,KIBA
Q16539,3ZSI,✅ Downloaded from PDB,KIBA
Q16539,3ZYA,✅ Downloaded from PDB,KIBA
Q16539,4A9Y,✅ Downloaded from PDB,KIBA
Q16539,4AA0,✅ Downloaded from PDB,KIBA
Q16539,4AA4,✅ Downloaded from PDB,KIBA
Q16539,4AA5,✅ Downloaded from PDB,KIBA
Q16539,4AAC,✅ Downloaded from PDB,KIBA
Q16539,4DLI,✅ Downloaded from PDB,KIBA
Q16539,4DLJ,✅ Downloaded from PDB,KIBA
Q16539,4E5A,✅ Downloaded from PDB,KIBA
Q16539,4E5B,✅ Downloaded from PDB,KIBA
Q16539,4E6A,✅ Downloaded from PDB,KIBA
Q16539,4E6C,✅ Downloaded from PDB,KIBA
Q16539,4E8A,✅ Downloaded from PDB,KIBA
Q16539,4EH2,✅ Downloaded from PDB,KIBA
Q16539,4EH3,✅ Downloaded from PDB,KIBA
Q16539,4EH4,✅ Downloaded from PDB,KIBA
Q16539,4EH5,✅ Downloaded from PDB,KIBA
Q16539,4EH6,✅ Downloaded from PDB,KIBA
Q16539,4EH7,✅ Downloaded from PDB,KIBA
Q16539,4EH8,✅ Downloaded from PDB,KIBA
Q16539,4EH9,✅ Downloaded from PDB,KIBA
Q16539,4EHV,✅ Downloaded from PDB,KIBA
Q16539,4EWQ,✅ Downloaded from PDB,KIBA
Q16539,4F9W,✅ Downloaded from PDB,KIBA
Q16539,4F9Y,✅ Downloaded from PDB,KIBA
Q16539,4FA2,✅ Downloaded from PDB,KIBA
Q16539,4GEO,✅ Downloaded from PDB,KIBA
Q16539,4KIN,✅ Downloaded from PDB,KIBA
Q16539,4KIP,✅ Downloaded from PDB,KIBA
Q16539,4KIQ,✅ Downloaded from PDB,KIBA
Q16539,4L8M,✅ Downloaded from PDB,KIBA
Q16539,4R3C,✅ Downloaded from PDB,KIBA
Q16539,4ZTH,✅ Downloaded from PDB,KIBA
Q16539,5ETA,✅ Downloaded from PDB,KIBA
Q16539,5ETC,✅ Downloaded from PDB,KIBA
Q16539,5ETF,✅ Downloaded from PDB,KIBA
Q16539,5ETI,✅ Downloaded from PDB,KIBA
Q16539,5ML5,✅ Downloaded from PDB,KIBA
Q16539,5MTX,✅ Downloaded from PDB,KIBA
Q16539,5MTY,✅ Downloaded from PDB,KIBA
Q16539,5MZ3,✅ Downloaded from PDB,KIBA
Q16539,5N63,✅ Downloaded from PDB,KIBA
Q16539,5N64,✅ Downloaded from PDB,KIBA
Q16539,5N65,✅ Downloaded from PDB,KIBA
Q16539,5N66,✅ Downloaded from PDB,KIBA
Q16539,5N67,✅ Downloaded from PDB,KIBA
Q16539,5N68,✅ Downloaded from PDB,KIBA
Q16539,5O8U,✅ Downloaded from PDB,KIBA
Q16539,5O8V,✅ Downloaded from PDB,KIBA
Q16539,5OMG,✅ Downloaded from PDB,KIBA
Q16539,5OMH,✅ Downloaded from PDB,KIBA
Q16539,5TBE,✅ Downloaded from PDB,KIBA
Q16539,5TCO,✅ Downloaded from PDB,KIBA
Q16539,5WJJ,✅ Downloaded from PDB,KIBA
Q16539,5XYX,✅ Downloaded from PDB,KIBA
Q16539,5XYY,✅ Downloaded from PDB,KIBA
Q16539,6ANL,✅ Downloaded from PDB,KIBA
Q16539,6HWT,✅ Downloaded from PDB,KIBA
Q16539,6HWU,✅ Downloaded from PDB,KIBA
Q16539,6HWV,✅ Downloaded from PDB,KIBA
Q16539,6M95,✅ Downloaded from PDB,KIBA
Q16539,6M9L,✅ Downloaded from PDB,KIBA
Q16539,6OHD,✅ Downloaded from PDB,KIBA
Q16539,6QDZ,✅ Downloaded from PDB,KIBA
Q16539,6QE1,✅ Downloaded from PDB,KIBA
Q16539,6QYX,✅ Downloaded from PDB,KIBA
Q16539,6RFO,✅ Downloaded from PDB,KIBA
Q16539,6SFI,✅ Downloaded from PDB,KIBA
Q16539,6SFJ,✅ Downloaded from PDB,KIBA
Q16539,6SFK,✅ Downloaded from PDB,KIBA
Q16539,6SFO,✅ Downloaded from PDB,KIBA
Q16539,6TCA,✅ Downloaded from PDB,KIBA
Q16539,6ZQS,✅ Downloaded from PDB,KIBA
Q16539,6ZWP,✅ Downloaded from PDB,KIBA
Q16539,8A8M,✅ Downloaded from PDB,KIBA
Q16539,8VXE,❌ PDB Download failed,KIBA
Q16566,2W4O,✅ Downloaded from PDB,KIBA
Q16584,5K26,✅ Downloaded from PDB,KIBA
Q16584,5K28,✅ Downloaded from PDB,KIBA
Q16584,6AQB,✅ Downloaded from PDB,KIBA
Q16584,6CQ7,✅ Downloaded from PDB,KIBA
Q16620,1HCF,✅ Downloaded from PDB,KIBA
Q16620,1WWB,✅ Downloaded from PDB,KIBA
Q16620,2MFQ,✅ Downloaded from PDB,KIBA
Q16620,4ASZ,✅ Downloaded from PDB,KIBA
Q16620,4AT3,✅ Downloaded from PDB,KIBA
Q16620,4AT4,✅ Downloaded from PDB,KIBA
Q16620,4AT5,✅ Downloaded from PDB,KIBA
Q16620,5MO9,✅ Downloaded from PDB,KIBA
Q16620,8OYD,✅ Downloaded from PDB,KIBA
Q16644,3FHR,✅ Downloaded from PDB,KIBA
Q16644,3FXW,"⚠️ PDB Exception: HTTPSConnectionPool(host='files.rcsb.org', port=443): Read timed out. (read timeout=10)",KIBA
Q16644,3R1N,✅ Downloaded from PDB,KIBA
Q16644,3SHE,✅ Downloaded from PDB,KIBA
Q16644,7NRB,✅ Downloaded from PDB,KIBA
Q5VT25,AF-Q5VT25-F1,✅ Downloaded from AlphaFold,KIBA
Q7KZI7,3IEC,✅ Downloaded from PDB,KIBA
Q7KZI7,5EAK,✅ Downloaded from PDB,KIBA
Q7KZI7,5KZ7,✅ Downloaded from PDB,KIBA
Q7KZI7,5KZ8,✅ Downloaded from PDB,KIBA
Q7KZI7,8TXY,✅ Downloaded from PDB,KIBA
Q7L7X3,AF-Q7L7X3-F1,✅ Downloaded from AlphaFold,KIBA
Q86V86,AF-Q86V86-F1,✅ Downloaded from AlphaFold,KIBA
Q8IU85,2JC6,✅ Downloaded from PDB,KIBA
Q8IU85,6QP5,✅ Downloaded from PDB,KIBA
Q8IU85,6T28,❌ PDB Download failed,KIBA
Q8IU85,6T29,"⚠️ PDB Exception: HTTPSConnectionPool(host='files.rcsb.org', port=443): Read timed out. (read timeout=10)",KIBA
Q8IU85,6T6F,✅ Downloaded from PDB,KIBA
Q8IU85,8BFM,✅ Downloaded from PDB,KIBA
Q8IU85,8BFS,✅ Downloaded from PDB,KIBA
Q8IW41,AF-Q8IW41-F1,✅ Downloaded from AlphaFold,KIBA
Q8N4C8,AF-Q8N4C8-F1,✅ Downloaded from AlphaFold,KIBA
Q8TDC3,AF-Q8TDC3-F1,✅ Downloaded from AlphaFold,KIBA
Q96GD4,4AF3,✅ Downloaded from PDB,KIBA
Q96PF2,AF-Q96PF2-F1,✅ Downloaded from AlphaFold,KIBA
Q96RG2,1LL8,✅ Downloaded from PDB,KIBA
Q96RG2,3DLS,✅ Downloaded from PDB,KIBA
Q96RR4,2ZV2,✅ Downloaded from PDB,KIBA
Q96RR4,5UY6,✅ Downloaded from PDB,KIBA
Q96RR4,5UYJ,✅ Downloaded from PDB,KIBA
Q96RR4,5VT1,✅ Downloaded from PDB,KIBA
Q96RR4,5YV8,✅ Downloaded from PDB,KIBA
Q96RR4,5YV9,"⚠️ PDB Exception: HTTPSConnectionPool(host='files.rcsb.org', port=443): Read timed out. (read timeout=10)",KIBA
Q96RR4,5YVA,✅ Downloaded from PDB,KIBA
Q96RR4,5YVB,✅ Downloaded from PDB,KIBA
Q96RR4,5YVC,✅ Downloaded from PDB,KIBA
Q96RR4,6BKU,✅ Downloaded from PDB,KIBA
Q96RR4,6BLE,"⚠️ PDB Exception: HTTPSConnectionPool(host='files.rcsb.org', port=443): Read timed out. (read timeout=10)",KIBA
Q96RR4,6BQL,✅ Downloaded from PDB,KIBA
Q96RR4,6BQP,✅ Downloaded from PDB,KIBA
Q96RR4,6BQQ,"⚠️ PDB Exception: HTTPSConnectionPool(host='files.rcsb.org', port=443): Read timed out. (read timeout=10)",KIBA
Q96RR4,6BRC,✅ Downloaded from PDB,KIBA
Q96RR4,6CMJ,✅ Downloaded from PDB,KIBA
Q96RR4,6EF5,✅ Downloaded from PDB,KIBA
Q96RR4,6EWW,✅ Downloaded from PDB,KIBA
Q96RR4,6FEL,✅ Downloaded from PDB,KIBA
Q96RR4,6Y3O,✅ Downloaded from PDB,KIBA
Q96RR4,6Y4K,✅ Downloaded from PDB,KIBA
Q96RR4,6Y6B,✅ Downloaded from PDB,KIBA
Q96RR4,6Y8A,✅ Downloaded from PDB,KIBA
Q96RR4,8TUC,✅ Downloaded from PDB,KIBA
Q96SB4,1WAK,✅ Downloaded from PDB,KIBA
Q96SB4,1WBP,✅ Downloaded from PDB,KIBA
Q96SB4,3BEG,✅ Downloaded from PDB,KIBA
Q96SB4,4WUA,✅ Downloaded from PDB,KIBA
Q96SB4,5MXX,✅ Downloaded from PDB,KIBA
Q96SB4,5MY8,✅ Downloaded from PDB,KIBA
Q96SB4,5NNG,✅ Downloaded from PDB,KIBA
Q96SB4,5XV7,✅ Downloaded from PDB,KIBA
Q96SB4,6FAD,✅ Downloaded from PDB,KIBA
Q96SB4,7DD1,✅ Downloaded from PDB,KIBA
Q96SB4,7PQS,✅ Downloaded from PDB,KIBA
Q96SB4,7ZKS,✅ Downloaded from PDB,KIBA
Q99683,2CLQ,✅ Downloaded from PDB,KIBA
Q99683,3VW6,✅ Downloaded from PDB,KIBA
Q99683,4BF2,✅ Downloaded from PDB,KIBA
Q99683,4BHN,✅ Downloaded from PDB,KIBA
Q99683,4BIB,✅ Downloaded from PDB,KIBA
Q99683,4BIC,✅ Downloaded from PDB,KIBA
Q99683,4BID,✅ Downloaded from PDB,KIBA
Q99683,4BIE,✅ Downloaded from PDB,KIBA
Q99683,5ULM,✅ Downloaded from PDB,KIBA
Q99683,5UOR,✅ Downloaded from PDB,KIBA
Q99683,5UOX,✅ Downloaded from PDB,KIBA
Q99683,5UP3,✅ Downloaded from PDB,KIBA
Q99683,5V19,"⚠️ PDB Exception: HTTPSConnectionPool(host='files.rcsb.org', port=443): Read timed out. (read timeout=10)",KIBA
Q99683,5V24,"⚠️ PDB Exception: HTTPSConnectionPool(host='files.rcsb.org', port=443): Read timed out. (read timeout=10)",KIBA
Q99683,5VIL,"⚠️ PDB Exception: HTTPSConnectionPool(host='files.rcsb.org', port=443): Read timed out. (read timeout=10)",KIBA
Q99683,5VIO,✅ Downloaded from PDB,KIBA
Q99683,6E2M,✅ Downloaded from PDB,KIBA
Q99683,6E2N,✅ Downloaded from PDB,KIBA
Q99683,6E2O,✅ Downloaded from PDB,KIBA
Q99683,6EJL,✅ Downloaded from PDB,KIBA
Q99683,6OYT,✅ Downloaded from PDB,KIBA
Q99683,6OYW,✅ Downloaded from PDB,KIBA
Q99683,6VRE,✅ Downloaded from PDB,KIBA
Q99683,6XIH,✅ Downloaded from PDB,KIBA
Q99683,7MU6,❌ PDB Download failed,KIBA
Q99683,7MU7,✅ Downloaded from PDB,KIBA
Q99683,8QGY,✅ Downloaded from PDB,KIBA
Q9BUB5,2HW6,✅ Downloaded from PDB,KIBA
Q9BUB5,2Y9Q,✅ Downloaded from PDB,KIBA
Q9BUB5,5WVD,✅ Downloaded from PDB,KIBA
Q9BXA7,AF-Q9BXA7-F1,✅ Downloaded from AlphaFold,KIBA
Q9BZL6,2COA,✅ Downloaded from PDB,KIBA
Q9BZL6,3BGM,✅ Downloaded from PDB,KIBA
Q9BZL6,4NNX,"⚠️ PDB Exception: HTTPSConnectionPool(host='files.rcsb.org', port=443): Max retries exceeded with url: /download/4NNX.pdb (Caused by SSLError(SSLEOFError(8, '[SSL: UNEXPECTED_EOF_WHILE_READING] EOF occurred in violation of protocol (_ssl.c:1006)')))",KIBA
Q9BZL6,4NNY,"⚠️ PDB Exception: HTTPSConnectionPool(host='files.rcsb.org', port=443): Max retries exceeded with url: /download/4NNY.pdb (Caused by SSLError(SSLEOFError(8, '[SSL: UNEXPECTED_EOF_WHILE_READING] EOF occurred in violation of protocol (_ssl.c:1006)')))",KIBA
Q9H2G2,2J51,✅ Downloaded from PDB,KIBA
Q9H2G2,2JFL,✅ Downloaded from PDB,KIBA
Q9H2G2,2JFM,✅ Downloaded from PDB,KIBA
Q9H2G2,2UV2,✅ Downloaded from PDB,KIBA
Q9H2G2,4USF,"⚠️ PDB Exception: HTTPSConnectionPool(host='files.rcsb.org', port=443): Read timed out. (read timeout=10)",KIBA
Q9H2G2,6HVD,✅ Downloaded from PDB,KIBA
Q9H2G2,8BEM,✅ Downloaded from PDB,KIBA
Q9H3Y6,AF-Q9H3Y6-F1,✅ Downloaded from AlphaFold,KIBA
Q9H4B4,4B6L,"⚠️ PDB Exception: HTTPSConnectionPool(host='files.rcsb.org', port=443): Max retries exceeded with url: /download/4B6L.pdb (Caused by SSLError(SSLEOFError(8, '[SSL: UNEXPECTED_EOF_WHILE_READING] EOF occurred in violation of protocol (_ssl.c:1006)')))",KIBA
Q9HBH9,2AC3,✅ Downloaded from PDB,KIBA
Q9HBH9,2AC5,✅ Downloaded from PDB,KIBA
Q9HBH9,2HW7,✅ Downloaded from PDB,KIBA
Q9HBH9,6CJ5,✅ Downloaded from PDB,KIBA
Q9HBH9,6CJE,"⚠️ PDB Exception: HTTPSConnectionPool(host='files.rcsb.org', port=443): Read timed out. (read timeout=10)",KIBA
Q9HBH9,6CJH,"⚠️ PDB Exception: HTTPSConnectionPool(host='files.rcsb.org', port=443): Read timed out. (read timeout=10)",KIBA
Q9HBH9,6CJW,✅ Downloaded from PDB,KIBA
Q9HBH9,6CJY,✅ Downloaded from PDB,KIBA
Q9HBH9,6CK3,✅ Downloaded from PDB,KIBA
Q9HBH9,6CK6,✅ Downloaded from PDB,KIBA
Q9HBH9,6CKI,✅ Downloaded from PDB,KIBA
Q9HBH9,6JLR,✅ Downloaded from PDB,KIBA
Q9HBH9,8P9B,✅ Downloaded from PDB,KIBA
Q9HBH9,8XFM,❌ PDB Download failed,KIBA
Q9HBY8,AF-Q9HBY8-F1,✅ Downloaded from AlphaFold,KIBA
Q9HC98,AF-Q9HC98-F1,✅ Downloaded from AlphaFold,KIBA
Q9HCP0,2CMW,✅ Downloaded from PDB,KIBA
Q9NR20,AF-Q9NR20-F1,✅ Downloaded from AlphaFold,KIBA
Q9NYL2,5HES,"⚠️ PDB Exception: HTTPSConnectionPool(host='files.rcsb.org', port=443): Read timed out. (read timeout=10)",KIBA
Q9NYL2,5X5O,✅ Downloaded from PDB,KIBA
Q9NYL2,6JUT,✅ Downloaded from PDB,KIBA
Q9NYL2,6JUU,✅ Downloaded from PDB,KIBA
Q9NYL2,7YAW,✅ Downloaded from PDB,KIBA
Q9NYL2,7YAZ,✅ Downloaded from PDB,KIBA
Q9P1W9,2IWI,✅ Downloaded from PDB,KIBA
Q9P1W9,4X7Q,✅ Downloaded from PDB,KIBA
Q9P289,3GGF,✅ Downloaded from PDB,KIBA
Q9P289,3W8I,✅ Downloaded from PDB,KIBA
Q9P289,4FZA,✅ Downloaded from PDB,KIBA
Q9P289,4FZD,✅ Downloaded from PDB,KIBA
Q9P289,4FZF,✅ Downloaded from PDB,KIBA
Q9P289,4GEH,✅ Downloaded from PDB,KIBA
Q9P289,5XY9,✅ Downloaded from PDB,KIBA
Q9P289,5YF4,✅ Downloaded from PDB,KIBA
Q9P289,7B36,✅ Downloaded from PDB,KIBA
Q9UBE8,AF-Q9UBE8-F1,✅ Downloaded from AlphaFold,KIBA
Q9UBF8,2N73,✅ Downloaded from PDB,KIBA
Q9UBF8,4D0L,✅ Downloaded from PDB,KIBA
Q9UBF8,4D0M,✅ Downloaded from PDB,KIBA
Q9UBF8,4WAE,✅ Downloaded from PDB,KIBA
Q9UBF8,4WAG,✅ Downloaded from PDB,KIBA
Q9UBF8,5C46,✅ Downloaded from PDB,KIBA
Q9UBF8,5C4G,✅ Downloaded from PDB,KIBA
Q9UBF8,5EUQ,✅ Downloaded from PDB,KIBA
Q9UBF8,5FBL,✅ Downloaded from PDB,KIBA
Q9UBF8,5FBQ,✅ Downloaded from PDB,KIBA
Q9UBF8,5FBR,✅ Downloaded from PDB,KIBA
Q9UBF8,5FBV,✅ Downloaded from PDB,KIBA
Q9UBF8,5FBW,✅ Downloaded from PDB,KIBA
Q9UBF8,5LX2,✅ Downloaded from PDB,KIBA
Q9UBF8,5NAS,✅ Downloaded from PDB,KIBA
Q9UBF8,6GL3,✅ Downloaded from PDB,KIBA
Q9UBF8,8Q6F,✅ Downloaded from PDB,KIBA
Q9UBF8,8Q6G,✅ Downloaded from PDB,KIBA
Q9UBF8,8Q6H,✅ Downloaded from PDB,KIBA
Q9UBF8,8VOF,❌ PDB Download failed,KIBA
Q9UBS0,AF-Q9UBS0-F1,✅ Downloaded from AlphaFold,KIBA
Q9UEE5,7QUE,✅ Downloaded from PDB,KIBA
Q9UEE5,7QUF,✅ Downloaded from PDB,KIBA
Q9UGI9,AF-Q9UGI9-F1,✅ Downloaded from AlphaFold,KIBA
Q9UGJ0,AF-Q9UGJ0-F1,✅ Downloaded from AlphaFold,KIBA
Q9UHD2,4EFO,✅ Downloaded from PDB,KIBA
Q9UHD2,4EUT,✅ Downloaded from PDB,KIBA
Q9UHD2,4EUU,✅ Downloaded from PDB,KIBA
Q9UHD2,4IM0,✅ Downloaded from PDB,KIBA
Q9UHD2,4IM2,✅ Downloaded from PDB,KIBA
Q9UHD2,4IM3,✅ Downloaded from PDB,KIBA
Q9UHD2,4IW0,✅ Downloaded from PDB,KIBA
Q9UHD2,4IWO,✅ Downloaded from PDB,KIBA
Q9UHD2,4IWP,✅ Downloaded from PDB,KIBA
Q9UHD2,4IWQ,✅ Downloaded from PDB,KIBA
Q9UHD2,5EOA,✅ Downloaded from PDB,KIBA
Q9UHD2,5EOF,✅ Downloaded from PDB,KIBA
Q9UHD2,5EP6,✅ Downloaded from PDB,KIBA
Q9UHD2,5W5V,✅ Downloaded from PDB,KIBA
Q9UHD2,6BNY,✅ Downloaded from PDB,KIBA
Q9UHD2,6BOD,✅ Downloaded from PDB,KIBA
Q9UHD2,6BOE,✅ Downloaded from PDB,KIBA
Q9UHD2,6CQ0,✅ Downloaded from PDB,KIBA
Q9UHD2,6CQ4,✅ Downloaded from PDB,KIBA
Q9UHD2,6CQ5,✅ Downloaded from PDB,KIBA
Q9UHD2,6NT9,✅ Downloaded from PDB,KIBA
Q9UHD2,6O8B,✅ Downloaded from PDB,KIBA
Q9UHD2,6RSR,✅ Downloaded from PDB,KIBA
Q9UHD2,6RST,✅ Downloaded from PDB,KIBA
Q9UHD2,6RSU,✅ Downloaded from PDB,KIBA
Q9UM73,2KUP,✅ Downloaded from PDB,KIBA
Q9UM73,2KUQ,✅ Downloaded from PDB,KIBA
Q9UM73,2XB7,✅ Downloaded from PDB,KIBA
Q9UM73,2XBA,✅ Downloaded from PDB,KIBA
Q9UM73,2XP2,"⚠️ PDB Exception: HTTPSConnectionPool(host='files.rcsb.org', port=443): Read timed out. (read timeout=10)",KIBA
Q9UM73,2YFX,✅ Downloaded from PDB,KIBA
Q9UM73,2YHV,✅ Downloaded from PDB,KIBA
Q9UM73,2YJR,✅ Downloaded from PDB,KIBA
Q9UM73,2YJS,✅ Downloaded from PDB,KIBA
Q9UM73,2YS5,"⚠️ PDB Exception: HTTPSConnectionPool(host='files.rcsb.org', port=443): Read timed out. (read timeout=10)",KIBA
Q9UM73,2YT2,✅ Downloaded from PDB,KIBA
Q9UM73,3AOX,"⚠️ PDB Exception: HTTPSConnectionPool(host='files.rcsb.org', port=443): Read timed out. (read timeout=10)",KIBA
Q9UM73,3L9P,"⚠️ PDB Exception: HTTPSConnectionPool(host='files.rcsb.org', port=443): Read timed out. (read timeout=10)",KIBA
Q9UM73,3LCS,✅ Downloaded from PDB,KIBA
Q9UM73,3LCT,✅ Downloaded from PDB,KIBA
Q9UM73,4ANL,✅ Downloaded from PDB,KIBA
Q9UM73,4ANQ,✅ Downloaded from PDB,KIBA
Q9UM73,4ANS,"⚠️ PDB Exception: HTTPSConnectionPool(host='files.rcsb.org', port=443): Read timed out. (read timeout=10)",KIBA
Q9UM73,4CCB,"⚠️ PDB Exception: HTTPSConnectionPool(host='files.rcsb.org', port=443): Read timed out. (read timeout=10)",KIBA
Q9UM73,4CCU,✅ Downloaded from PDB,KIBA
Q9UM73,4CD0,✅ Downloaded from PDB,KIBA
Q9UM73,4CLI,✅ Downloaded from PDB,KIBA
Q9UM73,4CLJ,✅ Downloaded from PDB,KIBA
Q9UM73,4CMO,✅ Downloaded from PDB,KIBA
Q9UM73,4CMT,✅ Downloaded from PDB,KIBA
Q9UM73,4CMU,✅ Downloaded from PDB,KIBA
Q9UM73,4CNH,✅ Downloaded from PDB,KIBA
Q9UM73,4CTB,✅ Downloaded from PDB,KIBA
Q9UM73,4CTC,✅ Downloaded from PDB,KIBA
Q9UM73,4DCE,✅ Downloaded from PDB,KIBA
Q9UM73,4FNW,✅ Downloaded from PDB,KIBA
Q9UM73,4FNX,✅ Downloaded from PDB,KIBA
Q9UM73,4FNY,✅ Downloaded from PDB,KIBA
Q9UM73,4FNZ,✅ Downloaded from PDB,KIBA
Q9UM73,4FOB,✅ Downloaded from PDB,KIBA
Q9UM73,4FOC,✅ Downloaded from PDB,KIBA
Q9UM73,4FOD,✅ Downloaded from PDB,KIBA
Q9UM73,4JOA,✅ Downloaded from PDB,KIBA
Q9UM73,4MKC,✅ Downloaded from PDB,KIBA
Q9UM73,4TT7,✅ Downloaded from PDB,KIBA
Q9UM73,4Z55,✅ Downloaded from PDB,KIBA
Q9UM73,5A9U,✅ Downloaded from PDB,KIBA
Q9UM73,5AA8,✅ Downloaded from PDB,KIBA
Q9UM73,5AA9,✅ Downloaded from PDB,KIBA
Q9UM73,5AAA,"⚠️ PDB Exception: HTTPSConnectionPool(host='files.rcsb.org', port=443): Read timed out. (read timeout=10)",KIBA
Q9UM73,5AAB,✅ Downloaded from PDB,KIBA
Q9UM73,5AAC,"⚠️ PDB Exception: HTTPSConnectionPool(host='files.rcsb.org', port=443): Read timed out. (read timeout=10)",KIBA
Q9UM73,5FTO,✅ Downloaded from PDB,KIBA
Q9UM73,5FTQ,"⚠️ PDB Exception: HTTPSConnectionPool(host='files.rcsb.org', port=443): Read timed out.",KIBA
Q9UM73,5IMX,✅ Downloaded from PDB,KIBA
Q9UM73,5IUG,✅ Downloaded from PDB,KIBA
Q9UM73,5IUH,✅ Downloaded from PDB,KIBA
Q9UM73,5IUI,✅ Downloaded from PDB,KIBA
Q9UM73,5KZ0,✅ Downloaded from PDB,KIBA
Q9UM73,5VZ5,✅ Downloaded from PDB,KIBA
Q9UM73,6AT9,✅ Downloaded from PDB,KIBA
Q9UM73,6CDT,✅ Downloaded from PDB,KIBA
Q9UM73,6E0R,"⚠️ PDB Exception: HTTPSConnectionPool(host='files.rcsb.org', port=443): Read timed out. (read timeout=10)",KIBA
Q9UM73,6EBW,"⚠️ PDB Exception: HTTPSConnectionPool(host='files.rcsb.org', port=443): Read timed out. (read timeout=10)",KIBA
Q9UM73,6EDL,✅ Downloaded from PDB,KIBA
Q9UM73,6MX8,✅ Downloaded from PDB,KIBA
Q9UM73,7BTT,✅ Downloaded from PDB,KIBA
Q9UM73,7JY4,"⚠️ PDB Exception: HTTPSConnectionPool(host='files.rcsb.org', port=443): Read timed out. (read timeout=10)",KIBA
Q9UM73,7JYR,✅ Downloaded from PDB,KIBA
Q9UM73,7JYS,"⚠️ PDB Exception: HTTPSConnectionPool(host='files.rcsb.org', port=443): Max retries exceeded with url: /download/7JYS.pdb (Caused by SSLError(SSLEOFError(8, '[SSL: UNEXPECTED_EOF_WHILE_READING] EOF occurred in violation of protocol (_ssl.c:1006)')))",KIBA
Q9UM73,7JYT,✅ Downloaded from PDB,KIBA
Q9UM73,7LRZ,✅ Downloaded from PDB,KIBA
Q9UM73,7LS0,✅ Downloaded from PDB,KIBA
Q9UM73,7MZW,✅ Downloaded from PDB,KIBA
Q9UM73,7MZY,✅ Downloaded from PDB,KIBA
Q9UM73,7N00,✅ Downloaded from PDB,KIBA
Q9UM73,7NWZ,✅ Downloaded from PDB,KIBA
Q9UM73,7NX3,✅ Downloaded from PDB,KIBA
Q9UM73,7NX4,✅ Downloaded from PDB,KIBA
Q9UM73,7R7K,✅ Downloaded from PDB,KIBA
Q9UM73,7R7R,✅ Downloaded from PDB,KIBA
Q9UM73,8ARJ,✅ Downloaded from PDB,KIBA
Q9UM73,9GBE,❌ PDB Download failed,KIBA
Q9UQM7,2VZ6,✅ Downloaded from PDB,KIBA
Q9UQM7,3SOA,✅ Downloaded from PDB,KIBA
Q9UQM7,5IG3,✅ Downloaded from PDB,KIBA
Q9UQM7,6OF8,✅ Downloaded from PDB,KIBA
Q9UQM7,6VZK,✅ Downloaded from PDB,KIBA
Q9UQM7,6W4O,✅ Downloaded from PDB,KIBA
Q9UQM7,6W4P,✅ Downloaded from PDB,KIBA
Q9UQM7,6X5G,✅ Downloaded from PDB,KIBA
Q9UQM7,6X5Q,✅ Downloaded from PDB,KIBA
Q9UQM7,7KL0,✅ Downloaded from PDB,KIBA
Q9UQM7,7KL1,✅ Downloaded from PDB,KIBA
Q9UQM7,7KL2,✅ Downloaded from PDB,KIBA
Q9UQM7,7REC,✅ Downloaded from PDB,KIBA
Q9UQM7,7UIQ,✅ Downloaded from PDB,KIBA
Q9UQM7,7UIR,✅ Downloaded from PDB,KIBA
Q9UQM7,7UIS,✅ Downloaded from PDB,KIBA
Q9UQM7,7UJP,✅ Downloaded from PDB,KIBA
Q9UQM7,7UJQ,✅ Downloaded from PDB,KIBA
Q9UQM7,7UJR,✅ Downloaded from PDB,KIBA
Q9UQM7,7UJS,✅ Downloaded from PDB,KIBA
Q9UQM7,7UJT,✅ Downloaded from PDB,KIBA
Q9UQM7,9EOY,❌ PDB Download failed,KIBA
Q9Y243,2X18,✅ Downloaded from PDB,KIBA
Q9Y463,8C2Z,✅ Downloaded from PDB,KIBA
Q9Y478,4CFE,✅ Downloaded from PDB,KIBA
Q9Y478,4CFF,✅ Downloaded from PDB,KIBA
Q9Y478,4ZHX,✅ Downloaded from PDB,KIBA
Q9Y478,5EZV,✅ Downloaded from PDB,KIBA
Q9Y478,5ISO,✅ Downloaded from PDB,KIBA
Q9Y478,6B1U,✅ Downloaded from PDB,KIBA
Q9Y478,6C9F,✅ Downloaded from PDB,KIBA
Q9Y478,6C9G,✅ Downloaded from PDB,KIBA
Q9Y478,6C9H,✅ Downloaded from PDB,KIBA
Q9Y478,6C9J,✅ Downloaded from PDB,KIBA
Q9Y478,7MYJ,✅ Downloaded from PDB,KIBA
Q9Y478,8BIK,✅ Downloaded from PDB,KIBA
Q9Y4K4,AF-Q9Y4K4-F1,✅ Downloaded from AlphaFold,KIBA
Q9Y6M4,2CHL,✅ Downloaded from PDB,KIBA
Q9Y6M4,2IZR,✅ Downloaded from PDB,KIBA
Q9Y6M4,2IZS,✅ Downloaded from PDB,KIBA
Q9Y6M4,2IZT,✅ Downloaded from PDB,KIBA
Q9Y6M4,2IZU,✅ Downloaded from PDB,KIBA
Q9Y6M4,4G16,✅ Downloaded from PDB,KIBA
Q9Y6M4,4G17,✅ Downloaded from PDB,KIBA
Q9Y6M4,4HGL,✅ Downloaded from PDB,KIBA
Q9Y6M4,4HGS,✅ Downloaded from PDB,KIBA
Q9Y6M4,6GRO,✅ Downloaded from PDB,KIBA
